,F1,F2,F3,F4,F5,F6,F7,F8,F9,F10
NAV16_SOMA_GBAR,0.3103438133644614,-0.27054240092081877,0.8228452707941153,0.03659438375006681,-0.01427094376459035,0.009073051532770344,-0.03618777988300943,0.06441014073085734,0.03760696722192292,-0.06895188091216704
NAV16_PRIMARY_GBAR,-0.7223504944565936,0.4051696895536356,0.05681749538455258,-0.012543251021599089,-0.019382221153774536,-0.10193346448825182,-0.009821987435418608,0.06324798194215404,0.03123383358660006,0.09643516522227952
NAV16_MID_GBAR,0.28718969492008184,0.1700299204273897,-0.32905143305588364,0.061626123419139874,0.1467446111897966,0.09072982574798272,0.02575937740685987,0.006735150775774838,-0.16954040982372323,0.18866479143757645
NAV16_TERMINAL_GBAR,-0.2827182975641652,0.05484593012664284,0.05317793587544519,-0.12105170804433484,-0.20034017154584863,-0.11449738938345021,0.021796092543813414,0.36591325319169155,0.17478976483442607,0.045480312588672425
NAV16_AIS_GBAR,0.0439846084869605,-0.7024605725746915,0.11225274859180914,-0.07103929979661631,0.12857803652484795,-0.02412873193653444,-0.17713349344294982,0.043791738763003976,0.2937948175617928,-0.038922312049603405
KV3_SOMA_GBAR,0.5756266061849509,0.35662138918182634,-0.0035576175844885013,0.08312822585923228,-0.06379209434503018,0.00587065394165069,-0.015561349430253066,-0.11354331681511041,0.03596810353699547,0.14353633927075024
KV3_PRIMARY_GBAR,0.3983624783706183,-0.1747626755503808,0.14569756771732362,0.019487930168919077,-0.4129929071791062,0.08339258289030736,-0.12014927180357789,0.10395548568304094,-0.1660782562792807,0.14733453005480046
KV3_MID_GBAR,0.7973109899879863,-0.3043525435882219,0.03764415151408443,0.12214018080627882,-0.10959181455963744,0.06586927907127355,0.04308661720577749,0.043927109322828124,-0.051948379677092794,0.005168548088378065
KV3_TERMINAL_GBAR,-0.28548445409344764,0.2560067807365732,0.300683526544715,0.05944572128513485,-0.011183523996730099,-0.014141467663781352,-0.07483222812068865,-0.19213541873753193,-0.012475864084662653,0.19541932265040235
KV3_AIS_GBAR,0.8616586456403793,0.04419086583771376,0.020868500661408072,0.3357466548999007,-0.02907293794278818,0.12633262679365137,-0.08320038457167585,-0.07323957942256801,-0.0659500618750379,-0.0226166197707244
NAP_SOMA_GBAR,-0.9233011789673476,-0.009617370193698009,-0.03927179667485289,-0.02665568465171179,0.009976231635900418,0.1504534733943189,0.2303840749252494,-0.022363490325143877,0.034099695235678615,0.06527495531136879
NAP_PRIMARY_GBAR,0.5325124999695502,0.13897565031273543,-0.5121286354504635,-0.025403733084596664,-0.15069708206912566,-0.12181438008541683,-0.03175186297303466,0.188231752811118,-0.008515895627399616,0.08177661366783211
NAP_MID_GBAR,-0.9221293581727084,0.2901706570266597,-0.026187615245875845,0.029420357023884583,0.09074730271115862,0.008003989377183817,-0.12292554538840633,0.09558950306986654,-0.07963209279754854,-0.04008208196441817
NAP_TERMINAL_GBAR,-0.4280734617847184,0.4446441664819142,-0.042228908240996246,-0.02898117595920743,0.20538130401724847,0.11246581796733342,-0.21481096975588151,-0.07051539049838247,0.06949628268682563,0.1491863132440324
NAP_AIS_GBAR,0.6491032381074099,0.006178861342706468,0.2370097310643781,-0.001904961690747042,0.051075938035534285,-0.24544658981572043,-0.21723833562086345,-0.11150682738316106,-0.019787397330514805,0.02419153748422672
BK_SOMA_GBAR,0.18746702683618516,0.8174711068891058,-0.009831282853110647,-0.01951392427827121,-0.031891662515861015,-0.03282648037712264,0.19093384200201885,-0.06260276823517234,0.2886830684646639,-0.0416689089103975
BK_PRIMARY_GBAR,0.890167538096321,-0.193279985050819,-0.02267954435580757,0.014200484171289123,-0.053269032000026265,-0.012181568050941784,0.031108881094132068,-0.0608664542469315,0.09661493960283257,0.09071644615065284
BK_MID_GBAR,-0.17469527112115324,0.5176515749769259,-0.5860849048206569,-0.03734911280272377,-0.052768130962773045,0.06045142085851098,0.0749015648171363,-0.01733047621033983,0.18778081111288394,-0.2112917337776315
BK_TERMINAL_GBAR,0.6483800872840315,0.22859287827267902,-0.6275403648411633,0.010436572995285854,0.018604447597131247,-0.05281471024633238,0.03666162254511636,-0.11382561381244823,0.1180477156283919,0.049211698496095524
BK_AIS_GBAR,0.3283009052511708,0.08195665376168323,0.753047652275957,-0.000842193123615319,-0.09969805748949673,-0.11503612018646293,0.036175308019427324,-0.16411858680899688,0.04043072208674393,0.006926727006881413
SK_SOMA_GBAR,0.4220791698815423,0.1579157630865598,0.13410720363669285,-0.004885694871939963,-0.7599583334862721,9.397313764363804e-05,0.009709425774935772,0.04199516187540232,0.001652705907513279,-0.02560440641770256
SK_PRIMARY_GBAR,0.8248821776627442,-0.5194245152886339,0.03954191334775721,0.013702276615564953,-0.021916429637914726,-0.01539705246045965,0.06429914438318712,-0.01979488257452072,0.003161136072505143,-0.0005731244575997043
SK_MID_GBAR,-0.2117319375172104,0.8632152614299345,-0.2250449527305339,0.02048978228682978,-0.10477317348301986,0.07219816358263068,-0.1331284950019038,-0.05335862206036042,-0.206497813296759,-0.0591098091283255
SK_TERMINAL_GBAR,0.6373725238308593,0.5373471574500839,-0.11513493254695538,0.10562775474875447,-0.10983087496337152,-0.1319766230356703,-0.17801117222371665,-0.02708429072744605,-0.1427761321708108,-0.10527272687317396
SK_AIS_GBAR,0.9462669669451934,-0.20172585714437838,0.06469577742916781,0.015487297603694416,-0.0479243109981959,0.006330156827329678,-0.05365981231014965,-0.037422523347962845,-0.06627699417253659,0.030647267118602238
KDR_GBAR,0.22256895045270836,-0.4696414146047156,0.05384672748687179,-0.18038493843850223,0.048984906271451696,0.0758936623564046,-0.02449690672509984,-0.0077118310119702466,-0.181528902720456,-0.0188679874559233
KV4_GBAR,-0.052169580188591656,-0.13993109792704653,0.039676328400597,-0.058995948791452806,0.24119736462792785,0.027986962767150885,0.11196066549150152,-0.20145278694952043,-0.047986897290252156,-0.29421079559732355
NAR_GBAR,-0.37717382960829055,0.010312841534149388,0.8761617720257083,-0.018479945139196836,-0.09980706500318816,0.030368041101999366,-0.13761100457816097,0.043811275912358616,0.04207080359769673,-0.025933428502287494
IH_GBAR,0.0349659543353043,-0.1319195265632017,0.8646987959310257,-0.01595516151081945,-0.0284920884605604,0.014913889020007164,0.10482702574682684,0.06848880122344381,0.004805623552377261,-0.010781006570658362
CAL_GBAR,0.4433848991210379,-0.05110881094679992,-0.12475656593147842,0.48252627696209005,0.07289627591391591,0.025604148788129468,0.08036539321348483,0.08653389257802846,0.1032744609992671,0.06760981159136259
CAT_GBAR,-0.36911799350727825,0.8119460931843566,-0.07314063817567704,-0.0801387495370594,-0.04455423724155897,-0.10385764297262687,0.06859953379602683,-0.08779815270632572,-0.003941806208209529,0.012776404557131051
IM_GBAR,-0.48747433316274885,0.04619062872144544,-0.4021083470389893,-0.014047812923531867,0.039094145969946516,-0.0382640039784208,0.12926254244946958,-0.08574185217557898,0.030601664686461246,-0.08220785446372819
SKAHP_GBAR_SOMA_AIS,0.7008589193867926,0.3712093908907351,0.006873282843573569,0.03468084416686864,-0.17962585478674728,0.08267334241417254,0.0016765590871708092,-0.20909391838943192,0.08132476501001394,-0.06380257217591641
SKAHP_TAU_CA_MULTIPLIER,-0.9301484041029934,0.15706116014215843,0.007744617723941299,-0.041724824604386236,0.12033310905174217,0.03180605289746598,-0.031167010908316813,0.007010965118901392,0.008804731581268606,-0.003465971313373811
RA_OHM_CM,-0.08377155109702032,0.2401191745532612,-0.6368132159443851,-0.002145467802133996,-0.06502291344563799,0.10293091690946257,-0.17204604444696683,0.2686330775018881,0.10839105170785925,-0.28654806743595
CM_UF_CM2,0.3199330354440855,0.4535173535897961,0.031935699411941576,0.10255929741111569,-0.030734948602647222,0.20529653287743113,-0.06093491548774657,0.07195163078924005,0.061826633790991445,0.1305385871325727
GLEAK_S_CM2,-0.41105187921531516,-0.20358516415407046,-0.12426767829694157,-0.2151838616986741,0.33839562993334327,-0.16024265564901044,0.012137981735757634,0.027832599420693303,-0.1262419377995686,-0.054449706673550154
CAD_DEPTH_UM,-0.5779628704333464,0.3437700772426816,-0.10027083622134964,-0.46271851034159844,0.16915846957129396,-0.010831326103258538,0.20309906245171835,-0.1180644989473911,0.12407830109910839,0.014375861324087469
CAD_TAUR_MS,0.18091996075460937,0.26981653403207473,-0.0902040305523184,0.0136554187883824,-0.4671827797535245,0.013142207964648985,-0.006289762214838733,0.07859674679194664,0.014824420288569515,0.436190760587249
N_ACH,0.9033719041867304,0.1668386523066367,0.06457542188450452,0.05393542545196572,-0.11481991469055458,0.05218235106292692,0.024684861897669066,0.07825534318559364,-0.0033139359403009817,-0.0340420497754829
N_GABA,-0.18139851557111192,-0.608526017696163,0.2507675082365755,0.07295187536474412,-0.02190463340698342,-0.11222024956465239,-0.05391514080611717,-0.08544288012528684,0.04780892641106427,0.15358254634064217
RHO0_ACH,0.7809609196108849,-0.04174487036761217,0.025875855686955197,-0.0026084760800987065,-0.09415345382159747,0.13754459600192304,-0.04441744708912411,-0.10587115289191024,0.13833389086858983,0.08725043285726627
LAMBDA_ACH_UM,0.27880481223883424,0.07775953999013147,0.3800748893212326,0.07642190443910213,-0.12156655394858835,0.012159808312155003,0.0077309800792139454,-0.01723035388241857,0.07749396272593215,0.07270769532982706
RHO0_GABA,0.7354214786920727,-0.006613883830570384,0.17294167703786,-0.04635423730044728,0.005370711585377642,0.07809920590938424,0.08452321880629404,0.0650435449589348,0.08255773625026995,0.04628426236648843
LAMBDA_GABA_UM,-0.4632992540326144,-0.07896230890917905,0.43888246606721293,0.10826897905744867,-0.06852634988067657,0.006755449924454968,0.18579018253475793,-0.037628312630742115,-0.004137687948902513,-0.014921645652800741
W_ACH_US,0.6704258609612713,0.17396248012833518,0.09486431908935561,-0.24255403443638673,-0.08373585518487987,0.01900879170479086,0.026839148374424204,-0.07893385798600246,-0.16342094301348167,-0.0360589407839355
W_GABA_US,-0.5046322554311882,0.7932850520849332,-0.03606465886846887,-0.0672357334567602,0.19506315469138513,-0.041371803150825996,0.08971439509258151,0.08022415685985558,0.013692787041114093,0.08809388719877312
AIS_LENGTH_UM,0.44106724244556933,0.20681421898174257,0.3279442579020877,0.04860899939431493,-0.2802410480194238,-0.07626946917471804,0.010582275262860298,-0.31312822396753465,0.04013865543848833,-0.042461296611067054
AIS_DIAMETER_UM,-0.8816458001426106,0.03881238984319633,-0.041719460973989535,0.036809816448032884,-0.05208318726728717,0.09286077497733286,-0.310652258365759,-0.10151305199095252,-0.06941883156395535,-0.0635010483484569
GNMDA_DEND,0.5294199362975672,-0.4220016533289306,0.35968552938218645,0.048707761483201995,0.054577265783586584,-0.07216036875060274,-0.03977634185619757,-0.19613876010515058,-0.0032094782659998623,0.015362134091064364
MG_CONC_MM,-0.5029483223235033,-0.7896230287277426,-0.016624977543821556,-0.06594262797973843,-0.039923281650216136,-0.083423801785864,0.173295246340406,0.08321497771902836,-0.11646771941993812,0.018822512557708587
VOFF_NMDA,0.07370508361443644,0.306965368319188,0.4677488798114038,-0.018292243812368308,0.003934285843811803,0.058478747545136184,-0.0013222229980923942,-0.29859487917447747,0.148808035948805,-0.15021868783093376
NAV16_DEND_DISTAL,0.16083093692716588,-0.16318289562598398,-0.09275540042916278,-0.04259550158173716,-0.06013211451866303,-0.04031327929203126,-0.04209346443668312,0.18652368752690615,-0.054897685633896166,0.10686456574768509
NAP_DEND_DISTAL,0.6369117634384182,0.09596147136624564,-0.018183794150141198,-0.032984720650089984,-0.24440027511261736,0.03893083234003396,0.09157188471464699,-0.06822944872759057,-0.04014395888373415,-0.2185958746837944
num_primary_branches,0.4838634883273144,-0.6570095175848513,-0.04107079605365179,0.00251169366918853,0.2042169748023634,0.35428252567240825,-0.05535640717559536,-0.07636470402532136,0.027384390515420742,-0.0478268699803739
branch_prob_per_um,0.6283576157849745,0.2523554616027689,0.06951218018128606,-0.28423448767538767,-0.11863300423294507,0.19684399428963945,-0.1348902870259143,0.24556507215632364,0.053065215693111144,-0.029497429441002723
max_strahler_depth,0.12062704334369886,-0.027413331592807594,0.019810280268564504,-0.06960907984141476,0.2746059709866739,-0.36611669624887455,-0.14755322462597867,0.08268477101779952,0.04763555577164532,0.077060942656495
mean_branching_angle_deg,-0.4085642712010983,0.00964321566469167,0.31132880715649625,-0.11367404534883664,-0.11074298797135422,-0.01879879095024665,-0.041669246979883987,-0.014926882759315087,-0.10864314395668873,0.09472955128134108
rall_exponent,-0.5420799133467824,-0.3330852550506542,-0.0553017862065373,0.0007330879997769585,0.16777668631787074,0.1004579887976333,0.021486396418787905,-0.02950447581591631,-0.043085691789485424,-0.16624385431685812
soma_offset_pd_um,-0.8007468873830307,-0.08705415748354092,0.1343109871952879,0.12405456380875989,-0.03829721926900462,-0.09352246959958692,0.00981217270040612,-0.07024449897520363,0.1118357540449658,-0.11844019155710894
field_elongation_pd,0.24626611333327253,0.6543133836748516,-0.1063451348123757,0.12722109819242872,-0.22082700961080184,0.32616436309627383,-0.133025277843249,0.06324395295440287,-0.08009234979899885,0.1200171882016128
branch_density_gradient_pd,-0.6340170085086504,-0.43374576728606656,0.018371173612265073,0.09887714463267139,-0.01683020958975258,-0.04934996533526655,-0.39376316208458856,0.08568762748454933,0.03066046804865529,0.08927321047725816
primary_branch_pd_concentration,-0.9451115842742881,-0.020408697687452283,-0.0162485119382254,-0.029317351597115213,-0.017241700442252535,-0.07229644671903665,0.057503487323198474,0.04952258743905036,0.0527748566823062,0.0443123897635087
mean_segment_length_um,0.3716387054626679,0.2605483917823676,0.5828759210125888,-0.19492181914071774,0.1713627110836219,0.019420617049281386,-6.968143650299656e-05,-0.5232864867718596,0.03300947489117519,-0.023770858848968644
soma_diameter_um,-0.3191985157472205,0.6420475117141887,0.1448304003539049,-0.3086576149265745,-0.09309109798359039,0.0341132332104218,-0.11914648062124207,0.03658878158852012,0.09602018789556432,0.112478711440912
ais_length_um,-0.3812166960121869,0.24036512207417637,-0.0821617015184659,0.30334895210491325,-0.19223589982911535,0.1496247473243342,-0.10275840526394897,0.024320440379597876,-0.034847417246366766,0.04742444592479198
morph_seed,0.5076165560776438,-0.5396510885354842,0.1418625786191678,0.19907256542700416,-0.08000273454642642,0.04132488657270128,0.07181157880164567,-0.01820006089941103,-0.2627442076277244,-0.13804276108744917
branch_length_cv,-0.2816636441422448,-0.25111170639942704,-0.3903874479640358,0.016436393819776896,0.06781855479312555,-0.24930107332570992,-0.04344497703868727,0.1820769517246819,0.07411138846986261,0.20491012786947274
