cluster_id,source_task,seed,generation,individual_idx,dsi_vector_sum,pd_rate_hz,pc1_combined,pc2_combined
2,t0106_long_pdnd_nsga2_300gen,44,18,1636,0.8205128205128206,33.80952380952381,8.284258872447436,-4.18173964214335
2,t0106_long_pdnd_nsga2_300gen,44,19,1731,0.9605633802816902,82.85714285714286,8.252236032765722,-5.333402764020577
2,t0106_long_pdnd_nsga2_300gen,44,19,1732,1.0,14.761904761904765,10.397449773945862,1.4090229852347718
2,t0106_long_pdnd_nsga2_300gen,44,20,1835,0.8846153846153846,11.666666666666666,9.125008004824428,-1.579365081663478
2,t0106_long_pdnd_nsga2_300gen,44,21,1924,1.0,20.238095238095237,10.306322723733228,1.405954382899511
1,t0106_long_pdnd_nsga2_300gen,44,21,1932,0.9692307692307693,15.238095238095239,11.988980939793908,2.6852781733792814
2,t0106_long_pdnd_nsga2_300gen,44,22,2021,0.9497907949790795,55.47619047619048,8.722594984996755,-5.779849843977087
2,t0106_long_pdnd_nsga2_300gen,44,22,2029,0.8601398601398601,31.66666666666667,9.616642980354408,-5.694059316071769
2,t0106_long_pdnd_nsga2_300gen,44,23,2126,1.0,12.380952380952381,10.700551778159888,-0.9306672449854946
2,t0106_long_pdnd_nsga2_300gen,44,24,2212,0.7251184834123223,86.66666666666667,8.787611884905854,-4.55858045474627
0,t0106_long_pdnd_nsga2_300gen,44,24,2213,0.9791666666666667,22.61904761904762,7.793644823317248,-5.875445855077294
2,t0106_long_pdnd_nsga2_300gen,44,24,2215,0.8762886597938144,65.0,8.391653646397021,-5.127321300487937
2,t0106_long_pdnd_nsga2_300gen,44,25,2309,1.0,67.85714285714286,7.912183114830014,-4.502437248293074
2,t0106_long_pdnd_nsga2_300gen,44,25,2315,0.710455764075067,75.95238095238095,9.235614911970075,-5.430171428643587
2,t0106_long_pdnd_nsga2_300gen,44,25,2318,1.0,64.28571428571429,9.708553165255221,-3.6074173215281258
2,t0106_long_pdnd_nsga2_300gen,44,25,2329,0.950207468879668,55.95238095238095,8.397240729201693,-5.430587864274549
2,t0106_long_pdnd_nsga2_300gen,44,25,2331,0.9741379310344828,54.523809523809526,8.577580377355169,-5.682653511871199
2,t0106_long_pdnd_nsga2_300gen,44,25,2344,0.9642857142857143,39.285714285714285,10.87493238547203,-3.44624225923201
2,t0106_long_pdnd_nsga2_300gen,44,25,2354,0.9196428571428571,51.1904761904762,9.327658835780852,-5.872110462078359
2,t0106_long_pdnd_nsga2_300gen,44,26,2408,0.9419354838709677,71.66666666666667,8.482236523065046,-4.663648551155326
2,t0106_long_pdnd_nsga2_300gen,44,26,2427,1.0,44.523809523809526,8.972255210139469,-5.277720063595001
2,t0106_long_pdnd_nsga2_300gen,44,26,2442,0.9581151832460733,44.523809523809526,8.827435962176617,-5.1789947675731165
2,t0106_long_pdnd_nsga2_300gen,44,27,2504,0.963855421686747,77.61904761904762,8.929365496252471,-5.989473654165553
2,t0106_long_pdnd_nsga2_300gen,44,27,2518,1.0,57.61904761904763,8.52538049984602,-4.234992115610685
2,t0106_long_pdnd_nsga2_300gen,44,27,2550,1.0,20.238095238095237,9.61112742529025,0.8823483748308522
2,t0106_long_pdnd_nsga2_300gen,44,27,2565,0.9411764705882354,55.0,8.396477231963011,-5.434080024881681
2,t0106_long_pdnd_nsga2_300gen,44,27,2566,0.9478260869565217,26.66666666666667,9.306043653149919,-5.977155040261142
2,t0106_long_pdnd_nsga2_300gen,44,27,2588,1.0,11.666666666666666,8.617906075105537,-2.796536562294693
2,t0106_long_pdnd_nsga2_300gen,44,28,2598,0.946601941747573,95.47619047619048,8.627640250941266,-5.533387638352201
2,t0106_long_pdnd_nsga2_300gen,44,28,2599,0.98125,75.47619047619048,9.144052019264794,-5.018809502303733
2,t0106_long_pdnd_nsga2_300gen,44,28,2640,1.0,25.0,10.351254352811672,0.954774269046338
2,t0106_long_pdnd_nsga2_300gen,44,28,2653,0.9617834394904459,36.66666666666667,10.47269946792278,-3.9037029180518594
2,t0106_long_pdnd_nsga2_300gen,44,28,2678,0.9374999999999999,29.52380952380953,8.10726082260744,-5.36689532315846
2,t0106_long_pdnd_nsga2_300gen,44,29,2693,0.9761904761904763,79.04761904761905,8.843807613167964,-5.51621467008628
2,t0106_long_pdnd_nsga2_300gen,44,29,2695,0.7350427350427351,96.66666666666669,10.078255865307238,-5.2637909401342
2,t0106_long_pdnd_nsga2_300gen,44,29,2696,0.9713467048710601,81.90476190476191,8.414765644131426,-5.053873919042595
2,t0106_long_pdnd_nsga2_300gen,44,29,2697,1.0,67.14285714285715,9.031255851080061,-5.021700593104486
2,t0106_long_pdnd_nsga2_300gen,44,29,2698,0.9800664451827242,70.95238095238095,9.21037379354098,-5.516684438319592
2,t0106_long_pdnd_nsga2_300gen,44,29,2707,0.9710144927536231,80.95238095238095,8.31924563974052,-5.343230213334829
2,t0106_long_pdnd_nsga2_300gen,44,29,2722,0.952662721893491,78.57142857142857,9.885754021115426,-4.974688635771677
2,t0106_long_pdnd_nsga2_300gen,44,30,2789,1.0,77.61904761904762,9.823906342195649,-5.406485785827181
0,t0106_long_pdnd_nsga2_300gen,44,30,2790,0.9620596205962061,86.1904761904762,8.288319651795792,-1.708016190798581
2,t0106_long_pdnd_nsga2_300gen,44,30,2792,0.8160919540229885,94.04761904761905,9.94448007329856,-4.602618164377759
2,t0106_long_pdnd_nsga2_300gen,44,30,2795,1.0,73.33333333333334,9.774855303535098,-4.725254152039332
2,t0106_long_pdnd_nsga2_300gen,44,30,2796,0.9753086419753088,76.1904761904762,9.459225051287046,-4.824271311123007
2,t0106_long_pdnd_nsga2_300gen,44,30,2797,0.9813084112149533,75.71428571428572,8.654879941561786,-5.157661646409406
2,t0106_long_pdnd_nsga2_300gen,44,30,2821,0.9685534591194968,74.52380952380952,8.70918357302832,-5.135496754608738
2,t0106_long_pdnd_nsga2_300gen,44,30,2836,1.0,66.42857142857143,9.393014010630257,-3.8011279785768486
2,t0106_long_pdnd_nsga2_300gen,44,30,2837,0.9430379746835443,73.0952380952381,8.216517804984349,-5.404370076239774
2,t0106_long_pdnd_nsga2_300gen,44,31,2889,0.7282377919320594,96.9047619047619,10.33856760134438,-5.1498494549778275
2,t0106_long_pdnd_nsga2_300gen,44,31,2891,0.9387755102040816,90.47619047619048,8.882058917500418,-5.167232881384361
2,t0106_long_pdnd_nsga2_300gen,44,31,2894,0.9655172413793104,81.42857142857143,8.071233920648288,-5.452424318003613
2,t0106_long_pdnd_nsga2_300gen,44,31,2896,0.9814814814814815,76.42857142857143,7.9915231227917225,-4.217482636983767
2,t0106_long_pdnd_nsga2_300gen,44,31,2897,0.9754601226993865,76.66666666666667,8.781216192483852,-4.374298863890978
2,t0106_long_pdnd_nsga2_300gen,44,31,2899,0.9565217391304347,85.71428571428572,8.660935376912425,-5.271580175797242
2,t0106_long_pdnd_nsga2_300gen,44,31,2903,0.755011135857461,93.80952380952382,10.18780132441535,-5.24231532946416
2,t0106_long_pdnd_nsga2_300gen,44,31,2906,1.0,72.61904761904762,9.82770301194824,-3.901967294398206
2,t0106_long_pdnd_nsga2_300gen,44,31,2910,0.8242894056847546,84.04761904761905,9.489236800064056,-4.362497395073898
2,t0106_long_pdnd_nsga2_300gen,44,31,2918,1.0,71.66666666666667,9.05276912963737,-5.274974230931038
2,t0106_long_pdnd_nsga2_300gen,44,32,2982,0.9514563106796116,95.71428571428572,8.195662840334917,-4.54023785998061
2,t0106_long_pdnd_nsga2_300gen,44,32,2985,0.9832402234636871,84.52380952380953,9.55544230104787,-5.7643804498623235
2,t0106_long_pdnd_nsga2_300gen,44,32,2987,0.9619565217391305,85.95238095238095,8.610461391281927,-5.328584315713212
2,t0106_long_pdnd_nsga2_300gen,44,33,3075,0.9653465346534652,94.52380952380953,9.621237435886808,-5.019387181417666
2,t0106_long_pdnd_nsga2_300gen,44,33,3076,0.935483870967742,121.42857142857143,9.111016197685691,-3.9803694846331257
0,t0106_long_pdnd_nsga2_300gen,44,33,3077,0.9786096256684492,88.0952380952381,8.717604911754941,-3.7645439306404977
2,t0106_long_pdnd_nsga2_300gen,44,33,3120,0.9705882352941175,79.76190476190477,9.00441971574468,-5.470495099643719
2,t0106_long_pdnd_nsga2_300gen,44,33,3121,1.0,70.23809523809524,9.023995880874791,-5.0948008720079425
2,t0106_long_pdnd_nsga2_300gen,44,33,3131,0.9455040871934606,85.0,8.161835246674313,-4.702460807554606
2,t0106_long_pdnd_nsga2_300gen,44,34,3173,1.0,80.47619047619048,8.927865411131508,-3.951910966758026
2,t0106_long_pdnd_nsga2_300gen,44,34,3175,0.9337231968810917,118.09523809523812,8.653794731897323,-4.1399704281886
2,t0106_long_pdnd_nsga2_300gen,44,34,3185,0.753731343283582,111.9047619047619,9.104628101454365,-4.0652081569351
0,t0106_long_pdnd_nsga2_300gen,44,35,3271,0.9577836411609498,88.33333333333334,8.76607195589401,-4.056105198881883
2,t0106_long_pdnd_nsga2_300gen,44,35,3282,0.8620689655172413,96.42857142857143,10.933043170886757,-5.093752590177138
2,t0106_long_pdnd_nsga2_300gen,44,35,3315,0.9497206703910615,83.0952380952381,8.696204223668035,-5.654460695025256
2,t0106_long_pdnd_nsga2_300gen,44,35,3316,0.9705014749262536,79.52380952380952,8.295833087340354,-5.169416521019294
2,t0106_long_pdnd_nsga2_300gen,44,35,3335,1.0,70.47619047619048,9.89997425781426,-4.579135867481522
2,t0106_long_pdnd_nsga2_300gen,44,35,3336,0.9811320754716981,75.0,8.858825075516316,-5.380263913042049
2,t0106_long_pdnd_nsga2_300gen,44,35,3357,0.8848484848484849,74.04761904761905,9.911047263422113,-4.51509465048756
2,t0106_long_pdnd_nsga2_300gen,44,36,3363,1.0,81.42857142857143,8.375966967694085,-4.510100873965113
2,t0106_long_pdnd_nsga2_300gen,44,36,3364,0.9780701754385966,107.3809523809524,8.962771753051841,-3.966200667418556
2,t0106_long_pdnd_nsga2_300gen,44,36,3365,0.9252336448598132,122.61904761904762,8.201756311519512,-4.382676424084949
2,t0106_long_pdnd_nsga2_300gen,44,36,3415,0.8181818181818182,88.0952380952381,9.640844243930912,-4.1072551521619225
2,t0106_long_pdnd_nsga2_300gen,44,36,3419,0.9513513513513514,85.95238095238095,8.79515960004526,-5.57184713838321
2,t0106_long_pdnd_nsga2_300gen,44,36,3433,0.9504132231404959,84.28571428571429,8.748230776835968,-4.288381489938698
2,t0106_long_pdnd_nsga2_300gen,44,37,3467,0.940774487471526,101.42857142857143,9.450505778306717,-4.410126723042562
2,t0106_long_pdnd_nsga2_300gen,44,37,3468,0.9720670391061452,84.04761904761905,9.634610376943153,-4.819932911716811
2,t0106_long_pdnd_nsga2_300gen,44,37,3469,0.9003690036900369,122.61904761904762,8.2562426575971,-4.625407169674124
2,t0106_long_pdnd_nsga2_300gen,44,37,3470,0.9232245681381959,119.28571428571429,8.494502918138432,-3.7056631850877615
2,t0106_long_pdnd_nsga2_300gen,44,37,3471,0.9174484052532832,121.66666666666669,8.77316116098298,-4.019673825519985
2,t0106_long_pdnd_nsga2_300gen,44,37,3477,0.9597989949748744,92.85714285714286,9.377865979570592,-4.909911361057577
2,t0106_long_pdnd_nsga2_300gen,44,37,3480,0.9148073022312373,112.3809523809524,8.536899349366177,-4.107905871614251
2,t0106_long_pdnd_nsga2_300gen,44,37,3481,0.7789855072463767,116.90476190476191,9.309324139801825,-4.219250710253453
2,t0106_long_pdnd_nsga2_300gen,44,37,3494,0.8431372549019608,100.71428571428572,10.334810280859392,-4.945977133844671
2,t0106_long_pdnd_nsga2_300gen,44,37,3504,0.9649122807017544,80.0,8.931078038299118,-4.9375753967261335
2,t0106_long_pdnd_nsga2_300gen,44,37,3509,0.7407407407407406,111.9047619047619,10.11346459664775,-4.304349671338454
2,t0106_long_pdnd_nsga2_300gen,44,38,3559,0.935483870967742,121.42857142857143,8.210278102557906,-4.468353104011546
2,t0106_long_pdnd_nsga2_300gen,44,38,3560,0.9535783365570599,120.23809523809526,8.063312095782871,-4.959082581305756
2,t0106_long_pdnd_nsga2_300gen,44,38,3562,0.973741794310722,107.3809523809524,8.770326104101231,-3.9005179699501316
2,t0106_long_pdnd_nsga2_300gen,44,38,3568,0.9475806451612903,115.00000000000001,8.275450156326619,-3.8889951468675004
2,t0106_long_pdnd_nsga2_300gen,44,38,3571,0.9820359281437125,78.80952380952381,9.303155909879052,-5.325232799296132
2,t0106_long_pdnd_nsga2_300gen,44,38,3577,0.8823529411764705,118.09523809523812,8.222846216879592,-4.651789985536793
2,t0106_long_pdnd_nsga2_300gen,44,38,3580,0.901185770750988,114.52380952380953,8.699759286534713,-4.297024493683403
2,t0106_long_pdnd_nsga2_300gen,44,38,3582,0.9938837920489297,77.61904761904762,9.839362402898901,-5.8599280248493635
2,t0106_long_pdnd_nsga2_300gen,44,38,3596,0.9934853420195441,72.85714285714286,8.707497937284074,-5.493879667219504
2,t0106_long_pdnd_nsga2_300gen,44,38,3597,0.9356435643564356,93.0952380952381,9.445628636295853,-5.332207643462688
2,t0106_long_pdnd_nsga2_300gen,44,38,3600,0.95,92.85714285714286,9.020469891240422,-4.466166664730191
2,t0106_long_pdnd_nsga2_300gen,44,38,3616,0.9448621553884712,92.3809523809524,9.09488815893678,-4.683087488689475
2,t0106_long_pdnd_nsga2_300gen,44,38,3631,0.9555555555555555,83.80952380952381,9.19579568390797,-5.127663082843733
2,t0106_long_pdnd_nsga2_300gen,44,38,3635,0.9414893617021276,86.90476190476191,9.138711743887622,-5.353655321941358
2,t0106_long_pdnd_nsga2_300gen,44,39,3654,0.9433962264150944,122.61904761904762,8.81666757814675,-4.04103466015903
2,t0106_long_pdnd_nsga2_300gen,44,39,3655,0.9828080229226361,82.38095238095238,9.203323007550786,-4.953640184060612
2,t0106_long_pdnd_nsga2_300gen,44,39,3667,0.9707317073170731,96.19047619047619,9.283490150037137,-5.247239295213855
2,t0106_long_pdnd_nsga2_300gen,44,39,3670,0.9442060085836909,107.85714285714286,7.8948739089642395,-3.6906109826755458
2,t0106_long_pdnd_nsga2_300gen,44,39,3675,0.92,120.00000000000001,9.042090154132243,-4.111412969972786
2,t0106_long_pdnd_nsga2_300gen,44,39,3681,0.9690721649484537,90.95238095238095,8.517707979339528,-4.145500067572819
2,t0106_long_pdnd_nsga2_300gen,44,39,3697,0.9656160458452722,81.66666666666667,9.109413625568546,-3.799218405164351
2,t0106_long_pdnd_nsga2_300gen,44,39,3702,0.9104477611940298,106.66666666666669,8.277901583426589,-4.736472889843019
2,t0106_long_pdnd_nsga2_300gen,44,39,3709,0.9588688946015425,90.71428571428572,8.774169594300444,-5.50571723615624
2,t0106_long_pdnd_nsga2_300gen,44,39,3716,0.7625231910946196,113.09523809523812,9.605631126627303,-4.315881300260779
2,t0106_long_pdnd_nsga2_300gen,44,39,3734,1.0,67.38095238095238,7.933744309606272,-5.23178765502441
2,t0106_long_pdnd_nsga2_300gen,44,39,3740,0.8476190476190476,92.3809523809524,9.110834511799633,-4.135578156324802
0,t0112_t0106_seed77_replicate,77,14,1256,0.8690476190476192,37.38095238095239,1.5606241965848573,2.0126220129861356
0,t0112_t0106_seed77_replicate,77,16,1453,0.9069767441860465,29.28571428571429,4.996393962413982,0.567300712497046
0,t0112_t0106_seed77_replicate,77,17,1536,0.9506172839506173,112.85714285714286,1.7167038539449702,2.7070519722330277
0,t0112_t0106_seed77_replicate,77,18,1633,0.952191235059761,58.33333333333334,1.1164295610328303,1.2308879765051775
0,t0112_t0106_seed77_replicate,77,19,1745,0.8773006134969324,36.42857142857143,1.2869629718731386,2.830577082481609
0,t0112_t0106_seed77_replicate,77,20,1825,0.9534883720930233,60.00000000000001,1.797601832786073,2.5982663259703815
0,t0112_t0106_seed77_replicate,77,20,1850,0.9136690647482014,31.66666666666667,5.627550531859077,0.3992253939538053
0,t0112_t0106_seed77_replicate,77,21,1946,0.9354838709677419,42.85714285714286,2.220415771748233,4.51888159051945
0,t0112_t0106_seed77_replicate,77,21,2001,0.8983050847457628,13.333333333333336,6.030407287184843,4.342153103626665
1,t0112_t0106_seed77_replicate,77,21,2002,0.710144927536232,14.04761904761905,6.422823200866544,3.0256006657153347
1,t0114_seed7755_no_autostop,7755,7,577,1.0,10.476190476190476,5.94741559668624,7.558677910775962
1,t0114_seed7755_no_autostop,7755,7,578,0.8947368421052632,12.857142857142858,5.343579035840913,7.97951354452279
0,t0114_seed7755_no_autostop,7755,8,674,0.9565217391304348,32.142857142857146,1.8630269874909082,1.173700384734051
0,t0114_seed7755_no_autostop,7755,10,866,0.9719626168224299,50.23809523809524,-2.59119541594913,-0.010179132007530773
0,t0114_seed7755_no_autostop,7755,11,962,0.9770114942528736,61.42857142857143,-2.7600507516766655,0.7757610834822286
0,t0114_seed7755_no_autostop,7755,12,1062,0.9762845849802372,59.523809523809526,-2.498828726861043,0.2677520641288649
0,t0114_seed7755_no_autostop,7755,12,1074,0.970873786407767,48.33333333333334,1.4370246605102495,1.4965772574608827
0,t0114_seed7755_no_autostop,7755,12,1094,0.95,27.857142857142858,-2.414351118993538,1.336487050717268
0,t0114_seed7755_no_autostop,7755,13,1154,1.0,41.66666666666667,-2.8302210172891553,0.36551638928788066
0,t0114_seed7755_no_autostop,7755,13,1165,0.9727272727272728,51.666666666666664,-0.5408372408682213,4.449217548586382
0,t0114_seed7755_no_autostop,7755,14,1251,0.9571428571428572,65.23809523809524,-0.45751192105211114,1.7143135759622028
0,t0114_seed7755_no_autostop,7755,14,1284,0.971830985915493,50.0,-2.7287556159127684,0.1492335245587213
0,t0114_seed7755_no_autostop,7755,14,1304,0.9689119170984455,45.23809523809524,-0.4490721467253171,0.24593076010161893
0,t0114_seed7755_no_autostop,7755,14,1316,0.9668508287292817,42.38095238095239,-2.1734886915014973,0.17146691298107755
0,t0114_seed7755_no_autostop,7755,15,1346,0.9801980198019802,71.42857142857143,-0.6824919488235706,0.7881052575126021
0,t0114_seed7755_no_autostop,7755,15,1353,0.9667774086378736,70.47619047619048,-2.3103151692311634,0.26482430164879883
0,t0114_seed7755_no_autostop,7755,15,1366,0.9743589743589743,55.0,-0.6215111701311914,1.3566346293824572
0,t0114_seed7755_no_autostop,7755,15,1375,0.9737991266375546,53.80952380952381,-0.8861850673442939,3.870475533054544
0,t0114_seed7755_no_autostop,7755,15,1422,0.9692307692307692,45.714285714285715,-0.2694338203856483,1.7279593544474658
0,t0114_seed7755_no_autostop,7755,16,1451,0.9788732394366197,66.90476190476191,-1.383856468059137,1.2426688939413268
0,t0114_seed7755_no_autostop,7755,16,1468,0.9687500000000001,60.00000000000001,-0.732059858002354,0.3212982503866753
0,t0114_seed7755_no_autostop,7755,16,1492,0.9733333333333334,52.85714285714286,-1.3408858107362167,3.5633285491487436
0,t0114_seed7755_no_autostop,7755,16,1503,0.9727272727272728,51.666666666666664,0.3249910390004136,1.0657478091185435
0,t0114_seed7755_no_autostop,7755,16,1530,0.9711538461538461,48.80952380952381,-1.5752908147681142,1.1212618787939632
0,t0114_seed7755_no_autostop,7755,17,1539,0.9719887955182072,83.80952380952381,-2.0157640692422842,0.7053528486466631
0,t0114_seed7755_no_autostop,7755,17,1567,0.9540229885057471,60.714285714285715,-1.0909866000451838,0.16447960095536263
0,t0114_seed7755_no_autostop,7755,17,1607,0.9728506787330317,51.90476190476191,-0.7191718334423218,1.2074522788376483
0,t0114_seed7755_no_autostop,7755,17,1619,0.9639639639639641,51.90476190476191,-1.357633383444235,2.710533504480017
0,t0114_seed7755_no_autostop,7755,17,1625,0.9724770642201835,51.1904761904762,-2.7884113414410407,-0.20229772001191665
0,t0114_seed7755_no_autostop,7755,18,1645,0.9683544303797468,74.04761904761905,-1.824447069186633,0.10474371183411477
0,t0114_seed7755_no_autostop,7755,18,1647,0.978021978021978,64.28571428571429,-3.181091348008395,0.14228930063896902
0,t0114_seed7755_no_autostop,7755,18,1664,0.9767441860465116,60.714285714285715,-2.1232317762036685,-0.5433129896187043
0,t0114_seed7755_no_autostop,7755,18,1687,0.9746835443037974,55.714285714285715,-2.236341362457878,0.08064656431723356
0,t0114_seed7755_no_autostop,7755,18,1726,0.9641255605381167,52.142857142857146,-0.2539503555125312,1.068174867001727
0,t0114_seed7755_no_autostop,7755,19,1730,0.9744245524296675,91.9047619047619,-1.004988841051086,-0.19634319010989792
0,t0114_seed7755_no_autostop,7755,19,1731,0.9815950920245399,76.90476190476191,-1.304188498512994,-0.8669847930294552
0,t0114_seed7755_no_autostop,7755,19,1733,1.0,26.66666666666667,-2.4726894551728003,0.439655345885594
0,t0114_seed7755_no_autostop,7755,19,1738,0.9661016949152542,82.85714285714286,-2.378235113124568,0.635406522645584
0,t0114_seed7755_no_autostop,7755,19,1739,0.9710982658959537,81.1904761904762,-1.8136581595647232,1.0566071297056823
0,t0114_seed7755_no_autostop,7755,19,1742,0.9791666666666666,67.85714285714286,-0.21280028547602686,0.7921992363507043
0,t0114_seed7755_no_autostop,7755,19,1748,0.963076923076923,75.95238095238095,-1.761573101196323,-0.7247259200471013
0,t0114_seed7755_no_autostop,7755,19,1771,0.9695817490494297,61.666666666666664,-0.4545878222010658,0.2077851161326273
0,t0114_seed7755_no_autostop,7755,19,1808,0.9754098360655737,57.38095238095238,-0.9432433294526661,0.9565436647358465
0,t0114_seed7755_no_autostop,7755,19,1809,0.9601593625498007,58.57142857142858,-0.7691334020321547,0.5646603267654203
0,t0114_seed7755_no_autostop,7755,19,1823,0.9743589743589743,55.0,-2.2260423370739395,0.3143689369039757
0,t0114_seed7755_no_autostop,7755,20,1827,0.9828080229226361,82.38095238095238,-0.8073896331549061,-0.42239100574633276
0,t0114_seed7755_no_autostop,7755,20,1832,0.9821428571428571,79.28571428571429,-1.2213976227558523,-0.573377771482447
0,t0114_seed7755_no_autostop,7755,20,1839,0.9759036144578314,78.0952380952381,-1.0738619282540032,0.9259578925635937
0,t0114_seed7755_no_autostop,7755,20,1844,0.9805825242718447,72.85714285714286,-1.655868118874182,-0.36747944545548267
0,t0114_seed7755_no_autostop,7755,20,1862,0.979381443298969,68.57142857142857,-1.683101852669954,0.675531590384211
0,t0114_seed7755_no_autostop,7755,20,1889,0.9574468085106383,65.71428571428572,-2.3360797488330536,-1.1939763694017158
0,t0114_seed7755_no_autostop,7755,20,1890,0.978021978021978,64.28571428571429,-2.333648999613422,-0.5518940169136571
0,t0114_seed7755_no_autostop,7755,20,1907,0.9633699633699633,63.80952380952381,-0.8288712139543112,-0.4779591884900319
0,t0114_seed7755_no_autostop,7755,20,1918,0.963235294117647,63.57142857142858,-1.3780846148964967,0.02279662602217078
0,t0114_seed7755_no_autostop,7755,21,1922,0.9850746268656716,95.0,-1.2181645935430234,-1.106766155166575
0,t0114_seed7755_no_autostop,7755,21,1923,1.0,41.42857142857143,-2.8447175636601822,0.9857462186812199
0,t0114_seed7755_no_autostop,7755,21,1927,1.0,39.523809523809526,-2.681393483074761,0.3822122633902557
0,t0114_seed7755_no_autostop,7755,21,1930,0.9691516709511567,91.1904761904762,-0.6297960402152672,1.4214292495221899
0,t0114_seed7755_no_autostop,7755,21,1939,0.9761904761904763,79.04761904761905,-1.3908873639109303,0.3704508362289264
0,t0114_seed7755_no_autostop,7755,21,1940,1.0,16.190476190476193,-2.6622788568515476,0.2757914700168451
0,t0114_seed7755_no_autostop,7755,21,1959,0.9634146341463414,76.66666666666667,-1.3981574613472492,0.34777328704639615
0,t0114_seed7755_no_autostop,7755,21,1971,0.9791666666666666,67.85714285714286,-2.2983784989717497,-0.9068384682582531
0,t0114_seed7755_no_autostop,7755,21,1982,0.9651567944250871,67.14285714285715,-1.4126725438170118,-0.325954305976002
0,t0114_seed7755_no_autostop,7755,21,1994,0.9647887323943661,66.42857142857143,-2.283082808275237,0.19232459407804708
0,t0114_seed7755_no_autostop,7755,21,2002,0.9777777777777777,63.57142857142858,-2.990415016758712,0.3069357008784999
0,t0114_seed7755_no_autostop,7755,22,2024,1.0,40.952380952380956,-2.948142211746882,0.5700222550808156
0,t0114_seed7755_no_autostop,7755,22,2028,0.9691516709511567,91.1904761904762,-2.5790197172017795,0.7574278437390229
0,t0114_seed7755_no_autostop,7755,22,2033,0.967479674796748,86.42857142857143,-0.7227043596773522,0.7861867776099033
0,t0114_seed7755_no_autostop,7755,22,2037,0.9815950920245399,76.90476190476191,-0.9084123766650285,0.8896031592409028
0,t0114_seed7755_no_autostop,7755,22,2046,1.0,20.476190476190478,-2.1685584330970964,0.44218370315896177
0,t0114_seed7755_no_autostop,7755,22,2048,0.9646017699115044,79.28571428571429,-1.3250624342698587,-0.47987341001752387
0,t0114_seed7755_no_autostop,7755,22,2053,0.9752321981424149,75.95238095238095,-0.9830976312376796,-0.07409442373612078
0,t0114_seed7755_no_autostop,7755,22,2067,0.9800664451827242,70.95238095238095,-1.9862783040077079,0.6734687725752734
0,t0114_seed7755_no_autostop,7755,22,2077,0.979381443298969,68.57142857142857,-1.546034938997406,0.009090376355978525
0,t0114_seed7755_no_autostop,7755,22,2089,0.9791666666666666,67.85714285714286,-2.6633006342924688,0.1998713842583478
0,t0114_seed7755_no_autostop,7755,22,2110,0.9787234042553191,66.42857142857143,-2.2091155913764315,-0.1351095190308297
0,t0114_seed7755_no_autostop,7755,23,2113,1.0,44.523809523809526,-2.737774645536043,0.880564423126335
0,t0114_seed7755_no_autostop,7755,23,2114,0.9853300733496333,96.66666666666669,-2.3833070324994674,0.691834401417925
0,t0114_seed7755_no_autostop,7755,23,2120,0.9848484848484849,93.57142857142858,-2.0426003513251345,-0.3300250462260837
0,t0114_seed7755_no_autostop,7755,23,2124,0.9836065573770492,86.42857142857143,-1.3721137841988635,-1.069946726870799
0,t0114_seed7755_no_autostop,7755,23,2125,1.0,39.76190476190476,-2.5545296057314104,0.4698266483392935
0,t0114_seed7755_no_autostop,7755,23,2126,1.0,39.76190476190476,-2.617169972608449,0.34183215410439455
0,t0114_seed7755_no_autostop,7755,23,2138,0.9763313609467457,79.52380952380952,-2.1509331154961404,-0.7683532103491331
0,t0114_seed7755_no_autostop,7755,23,2159,0.9806451612903225,73.0952380952381,-1.3053476971775622,1.0088040305743118
0,t0114_seed7755_no_autostop,7755,23,2171,0.9698795180722891,77.85714285714286,-1.4503438593519116,-0.5640387483009354
0,t0114_seed7755_no_autostop,7755,23,2182,0.9689440993788819,75.47619047619048,-1.1634691477751649,0.9536909221375663
0,t0114_seed7755_no_autostop,7755,23,2183,0.9634146341463414,76.66666666666667,-1.1731506424367961,0.9770044115083545
0,t0114_seed7755_no_autostop,7755,23,2200,0.9794520547945206,68.80952380952381,-2.9240891106857743,-0.13862194695450522
0,t0114_seed7755_no_autostop,7755,24,2221,1.0,40.23809523809524,-2.4974774435524907,1.021965659745242
0,t0114_seed7755_no_autostop,7755,24,2227,0.9734042553191489,88.33333333333334,-1.6789670600375501,0.5999213308928976
0,t0114_seed7755_no_autostop,7755,24,2237,0.9824561403508771,80.71428571428572,-1.3099633351947388,-0.7688432204815577
0,t0114_seed7755_no_autostop,7755,24,2242,0.9711815561959654,81.42857142857143,-1.7117788423648344,-0.4909069156444978
0,t0114_seed7755_no_autostop,7755,24,2247,1.0,29.52380952380953,-2.9484081864732166,0.7705300940393554
0,t0114_seed7755_no_autostop,7755,24,2254,0.9655172413793104,81.42857142857143,-2.33532499011692,0.7880355553200352
0,t0114_seed7755_no_autostop,7755,24,2267,0.9810725552050473,74.76190476190477,-0.5992146121807754,0.6921222116506549
0,t0114_seed7755_no_autostop,7755,24,2279,0.9810126582278481,74.52380952380952,-2.4515538245060426,0.4077431439219454
0,t0114_seed7755_no_autostop,7755,24,2289,0.9697885196374622,77.61904761904762,-1.5038589797300617,-1.1060909027734054
0,t0114_seed7755_no_autostop,7755,25,2308,1.0,44.04761904761905,-2.714915700650255,0.31587017733404843
0,t0114_seed7755_no_autostop,7755,25,2313,1.0,43.57142857142858,-2.7518274018456874,0.6540088906396179
0,t0114_seed7755_no_autostop,7755,25,2314,0.9848866498740554,93.80952380952382,-2.0882754137328985,-1.014606379416068
0,t0114_seed7755_no_autostop,7755,25,2318,1.0,42.38095238095239,-2.5944128728198805,0.5805288943134758
0,t0114_seed7755_no_autostop,7755,25,2330,0.9833333333333333,85.0,-1.7270540702321546,-0.20121318285064685
0,t0114_seed7755_no_autostop,7755,25,2337,0.9832869080779945,84.76190476190477,-1.2388583680800267,-0.2653716157979096
0,t0114_seed7755_no_autostop,7755,25,2340,1.0,40.714285714285715,-2.853012378097853,0.9300705558002471
0,t0114_seed7755_no_autostop,7755,25,2345,0.9772727272727274,82.85714285714286,-1.2280643297183056,0.03731069115373368
0,t0114_seed7755_no_autostop,7755,25,2346,0.9666666666666667,84.28571428571429,-1.196253098615223,0.10143613316703678
0,t0114_seed7755_no_autostop,7755,25,2351,1.0,40.476190476190474,-2.587400932365361,0.6282256847255824
0,t0114_seed7755_no_autostop,7755,25,2355,0.9827586206896551,82.14285714285715,-2.1497841182258877,-0.34391087070270276
0,t0114_seed7755_no_autostop,7755,25,2356,0.9715909090909091,82.61904761904763,-0.901875952832722,0.3026968430028601
0,t0114_seed7755_no_autostop,7755,25,2361,1.0,40.23809523809524,-2.6681283491706154,0.31580756570425095
0,t0114_seed7755_no_autostop,7755,25,2370,1.0,39.76190476190476,-2.667187597076635,0.6096228394272362
0,t0114_seed7755_no_autostop,7755,25,2390,0.9709302325581395,80.71428571428572,-1.8042593329298595,-0.5741158765364591
0,t0114_seed7755_no_autostop,7755,26,2404,0.9895833333333333,45.476190476190474,-2.634742150127575,0.44722616438140034
0,t0114_seed7755_no_autostop,7755,26,2406,1.0,44.04761904761905,-2.725527248314216,0.5772179423469815
0,t0114_seed7755_no_autostop,7755,26,2423,0.984375,90.71428571428572,-2.2477968126834846,-1.0942094902273367
0,t0114_seed7755_no_autostop,7755,26,2433,1.0,41.19047619047619,-2.363992525474966,1.0654394096807664
0,t0114_seed7755_no_autostop,7755,26,2434,1.0,41.19047619047619,-2.658043486395683,1.127002946011022
0,t0114_seed7755_no_autostop,7755,26,2441,1.0,40.952380952380956,-2.726098097613452,0.5380205158825465
0,t0114_seed7755_no_autostop,7755,26,2451,0.9672131147540983,85.71428571428572,-2.272432739801067,-1.05784997995514
0,t0114_seed7755_no_autostop,7755,26,2462,1.0,40.476190476190474,-2.939013135615091,0.8030906052896811
0,t0114_seed7755_no_autostop,7755,26,2469,0.9665738161559888,84.04761904761905,-1.9689208508397855,0.7727441294073768
0,t0114_seed7755_no_autostop,7755,26,2472,1.0,40.23809523809524,-2.927396121603862,0.6433385051372656
0,t0114_seed7755_no_autostop,7755,26,2480,0.9711815561959654,81.42857142857143,-1.4540134556674655,-0.2116450857394983
0,t0114_seed7755_no_autostop,7755,26,2485,1.0,40.0,-2.817172492502443,0.30493307548226517
0,t0114_seed7755_no_autostop,7755,27,2507,1.0,43.57142857142858,-2.613369852781393,0.8475216071507757
0,t0114_seed7755_no_autostop,7755,27,2531,0.9842931937172775,90.23809523809524,-2.032784361711406,-0.7228656788911694
0,t0114_seed7755_no_autostop,7755,27,2534,1.0,41.19047619047619,-2.620283361690268,0.9757950122064066
0,t0114_seed7755_no_autostop,7755,27,2540,0.9787798408488064,88.80952380952381,-1.9895467023578963,1.1522334811139203
0,t0114_seed7755_no_autostop,7755,27,2543,1.0,40.952380952380956,-3.079975388575172,1.0271214666838129
0,t0114_seed7755_no_autostop,7755,27,2554,0.9682539682539683,88.57142857142858,-1.9059861466322756,-0.18433648914030823
0,t0114_seed7755_no_autostop,7755,27,2556,1.0,40.714285714285715,-2.9767548262729546,0.9543145637608909
0,t0114_seed7755_no_autostop,7755,27,2557,1.0,40.714285714285715,-2.636968869625904,0.6091189761850224
0,t0114_seed7755_no_autostop,7755,27,2558,1.0,40.714285714285715,-2.135159286948404,0.9692834439034157
0,t0114_seed7755_no_autostop,7755,27,2575,0.9829059829059829,82.85714285714286,-2.502341894639049,1.084985925563056
0,t0114_seed7755_no_autostop,7755,27,2581,1.0,40.23809523809524,-2.447909282413581,1.0410723785204061
0,t0114_seed7755_no_autostop,7755,27,2591,1.0,40.0,-2.754165975708484,0.9149366487962584
0,t0114_seed7755_no_autostop,7755,28,2594,0.9855769230769231,98.33333333333333,-1.6496194431699767,-0.854038588440194
0,t0114_seed7755_no_autostop,7755,28,2595,1.0,45.0,-3.0918886066261697,0.7342341521394651
0,t0114_seed7755_no_autostop,7755,28,2600,1.0,44.761904761904766,-2.960484294640794,1.0123962654120457
0,t0114_seed7755_no_autostop,7755,28,2601,1.0,44.761904761904766,-2.498117189091943,0.8257994562931329
0,t0114_seed7755_no_autostop,7755,28,2607,1.0,44.523809523809526,-2.567025791907663,0.8541054144548439
0,t0114_seed7755_no_autostop,7755,28,2614,1.0,44.04761904761905,-2.8301669799490026,0.337591320313512
0,t0114_seed7755_no_autostop,7755,28,2624,1.0,42.85714285714286,-2.682374607468188,1.0785513708349381
0,t0114_seed7755_no_autostop,7755,28,2634,1.0,42.61904761904762,-2.081705982667014,0.526096361332541
0,t0114_seed7755_no_autostop,7755,28,2647,0.9834710743801653,85.71428571428572,-1.7678772831164573,0.09427223875701389
0,t0114_seed7755_no_autostop,7755,28,2651,1.0,41.66666666666667,-2.6599086490099513,1.1332250433452626
0,t0114_seed7755_no_autostop,7755,28,2678,1.0,40.952380952380956,-2.646602563937413,1.0243857328798633
0,t0114_seed7755_no_autostop,7755,29,2691,0.9856459330143541,98.80952380952382,-1.8453970389388659,-0.8020010104678995
0,t0114_seed7755_no_autostop,7755,29,2692,1.0,45.0,-3.1468431122072227,0.9851925754826705
0,t0114_seed7755_no_autostop,7755,29,2708,1.0,44.28571428571429,-2.265762172858,1.1542329149649935
0,t0114_seed7755_no_autostop,7755,29,2716,1.0,44.04761904761905,-2.849980790014278,0.2049718539097343
0,t0114_seed7755_no_autostop,7755,29,2720,1.0,43.80952380952382,-2.948381162961254,0.7463727039952052
0,t0114_seed7755_no_autostop,7755,29,2721,1.0,43.80952380952382,-2.7350713051664575,0.5694012706196868
0,t0114_seed7755_no_autostop,7755,29,2726,0.984375,90.71428571428572,-2.2149437760237665,-1.0587847627754112
0,t0114_seed7755_no_autostop,7755,29,2727,0.984375,90.71428571428572,-1.8355753582161294,-0.7719963925664511
0,t0114_seed7755_no_autostop,7755,29,2730,1.0,43.57142857142858,-2.412904200367431,1.4751400625938607
0,t0114_seed7755_no_autostop,7755,29,2740,1.0,43.333333333333336,-2.604740973949717,0.8953947908215136
0,t0114_seed7755_no_autostop,7755,29,2741,0.9690721649484537,90.95238095238095,-1.9173161994005221,-0.18687697419858987
0,t0114_seed7755_no_autostop,7755,29,2746,0.9839142091152815,88.0952380952381,-1.7272492579797327,-0.3732364229949985
0,t0114_seed7755_no_autostop,7755,29,2747,1.0,43.0952380952381,-2.687021525015903,0.47182382850858345
0,t0114_seed7755_no_autostop,7755,29,2769,1.0,42.61904761904762,-2.6425826816523683,0.4189971434338209
0,t0114_seed7755_no_autostop,7755,29,2775,0.9833795013850416,85.23809523809524,-1.0964463962066378,-0.2817172493115157
0,t0114_seed7755_no_autostop,7755,29,2778,1.0,41.904761904761905,-2.8355130892073483,0.9940957140813548
0,t0114_seed7755_no_autostop,7755,30,2786,1.0,48.33333333333334,-2.794892357770875,0.6534894859446151
0,t0114_seed7755_no_autostop,7755,30,2790,1.0,45.23809523809524,-3.087616199077341,0.7672344678584979
0,t0114_seed7755_no_autostop,7755,30,2800,0.9756690997566911,96.66666666666669,-2.398851520367978,0.6506562495220546
0,t0114_seed7755_no_autostop,7755,30,2848,1.0,43.57142857142858,-2.7741426046992887,0.5338282797538673
0,t0114_seed7755_no_autostop,7755,30,2851,0.968503937007874,89.28571428571429,-2.1202284761751753,0.5077416706603313
0,t0114_seed7755_no_autostop,7755,30,2858,0.9787234042553192,88.57142857142858,-2.014713781705792,-0.5834282084640552
0,t0114_seed7755_no_autostop,7755,30,2861,1.0,43.333333333333336,-2.7240957418471625,0.651737566884616
0,t0114_seed7755_no_autostop,7755,30,2862,1.0,43.333333333333336,-3.0069219624182044,0.06293947944690126
0,t0114_seed7755_no_autostop,7755,30,2871,1.0,42.85714285714286,-2.7147531849420443,0.47409515224290355
0,t0114_seed7755_no_autostop,7755,30,2875,0.967741935483871,87.14285714285715,-1.3756560072071216,-0.5562354331365715
0,t0114_seed7755_no_autostop,7755,31,2898,0.9849624060150376,94.28571428571429,-2.1457199217718443,-0.5824841300180911
0,t0114_seed7755_no_autostop,7755,31,2901,1.0,44.523809523809526,-3.0077875304174735,0.0635393219046203
0,t0114_seed7755_no_autostop,7755,31,2902,1.0,44.523809523809526,-2.8589747048831384,0.46445487530224344
0,t0114_seed7755_no_autostop,7755,31,2933,0.9694656488549618,92.14285714285715,-1.9023593760775055,-0.6472117803610165
0,t0114_seed7755_no_autostop,7755,31,2949,0.983957219251337,88.33333333333334,-2.2323712906092235,-0.820698481202326
0,t0114_seed7755_no_autostop,7755,31,2950,0.9738903394255874,90.0,-2.776172528419698,-0.9603777675172783
0,t0114_seed7755_no_autostop,7755,31,2967,1.0,43.0952380952381,-3.004699648428452,0.9110628797148903
0,t0114_seed7755_no_autostop,7755,31,2968,1.0,43.0952380952381,-2.51756656108174,0.5209770702492994
0,t0114_seed7755_no_autostop,7755,32,2978,0.9724137931034482,102.14285714285715,-2.240378951214252,-0.21167122953534714
0,t0114_seed7755_no_autostop,7755,32,2979,1.0,50.714285714285715,-2.7379675411780977,-0.24050851668364145
0,t0114_seed7755_no_autostop,7755,32,2995,0.9606879606879608,95.0,-2.100363602442951,0.5304286022453037
0,t0114_seed7755_no_autostop,7755,32,3019,1.0,44.28571428571429,-3.1133970410803324,0.9136018786590073
0,t0114_seed7755_no_autostop,7755,32,3020,1.0,44.28571428571429,-2.584465693102052,0.6248414970349783
0,t0114_seed7755_no_autostop,7755,32,3037,1.0,44.04761904761905,-2.2992075240192498,1.225823087662087
0,t0114_seed7755_no_autostop,7755,32,3038,1.0,44.04761904761905,-2.8670766011469135,0.32974371559237786
0,t0114_seed7755_no_autostop,7755,32,3049,1.0,43.80952380952382,-2.5768901288679182,0.33730156085399793
0,t0114_seed7755_no_autostop,7755,32,3050,1.0,43.80952380952382,-3.1940977611593997,0.5819616556441571
0,t0114_seed7755_no_autostop,7755,32,3062,1.0,43.57142857142858,-2.839680432376752,0.3037421032538168
0,t0114_seed7755_no_autostop,7755,32,3064,1.0,43.333333333333336,-3.007674159534489,0.43558580872140007
0,t0114_seed7755_no_autostop,7755,33,3075,0.9858156028368794,100.0,-1.8082646773274758,-0.9025964474858907
0,t0114_seed7755_no_autostop,7755,33,3076,0.9908256880733947,51.666666666666664,-2.7914465515537956,0.13106914165165612
0,t0114_seed7755_no_autostop,7755,33,3078,1.0,49.04761904761905,-2.9811368220358574,0.28091511486936477
0,t0114_seed7755_no_autostop,7755,33,3080,0.9715639810426541,99.04761904761905,-2.1139302257800736,-0.5958198469355908
0,t0114_seed7755_no_autostop,7755,33,3087,1.0,45.95238095238095,-2.49460797849927,0.3591350499748877
0,t0114_seed7755_no_autostop,7755,33,3094,1.0,45.714285714285715,-2.427820466086647,0.81228663709826
0,t0114_seed7755_no_autostop,7755,33,3095,1.0,45.714285714285715,-2.383433335607185,1.6914818336518476
0,t0114_seed7755_no_autostop,7755,33,3097,0.9852216748768473,95.95238095238096,-2.4308094291224394,-0.6497973452353564
0,t0114_seed7755_no_autostop,7755,33,3107,1.0,45.0,-2.6772787578066026,0.5715459434089167
0,t0114_seed7755_no_autostop,7755,33,3116,0.9894736842105263,45.0,-3.103911294776682,0.7887152085898339
0,t0114_seed7755_no_autostop,7755,33,3117,1.0,44.761904761904766,-2.759014412026502,0.4756223807021636
0,t0114_seed7755_no_autostop,7755,33,3125,1.0,44.523809523809526,-2.862342357494443,0.26190192390738987
0,t0114_seed7755_no_autostop,7755,33,3137,0.9798488664987404,93.57142857142858,-1.6463780241188017,-1.0514576497719104
0,t0114_seed7755_no_autostop,7755,33,3149,1.0,44.04761904761905,-2.3800544197519016,0.28913888157803597
0,t0114_seed7755_no_autostop,7755,33,3150,1.0,44.04761904761905,-2.6312566289422574,0.6502984527646161
0,t0114_seed7755_no_autostop,7755,33,3163,0.984251968503937,90.0,-2.429089032107146,0.1995408895304459
0,t0114_seed7755_no_autostop,7755,34,3170,0.986046511627907,101.66666666666669,-2.1693331168432524,1.0758816719407307
0,t0114_seed7755_no_autostop,7755,34,3171,1.0,54.04761904761905,-2.962071411891465,0.5924270815780405
0,t0114_seed7755_no_autostop,7755,34,3177,0.9856801909307876,99.04761904761905,-1.9946855659092533,-0.5280727141481262
0,t0114_seed7755_no_autostop,7755,34,3188,1.0,47.38095238095238,-2.5430270582810923,0.6666933768181385
0,t0114_seed7755_no_autostop,7755,34,3194,1.0,46.42857142857143,-3.2896997179958634,0.5715265566105769
0,t0114_seed7755_no_autostop,7755,34,3197,0.9852941176470589,96.42857142857143,-2.2814302961209427,-0.9234841398376201
0,t0114_seed7755_no_autostop,7755,34,3201,1.0,46.1904761904762,-2.5477239987877494,0.6786096774892195
0,t0114_seed7755_no_autostop,7755,34,3207,1.0,45.95238095238095,-2.5135600611217424,1.3553798945778113
0,t0114_seed7755_no_autostop,7755,34,3208,0.9851851851851852,95.71428571428572,-2.049770677503708,0.8827328458751017
0,t0114_seed7755_no_autostop,7755,34,3217,1.0,45.476190476190474,-2.9719841427733145,0.8679077301836311
0,t0114_seed7755_no_autostop,7755,34,3230,1.0,45.0,-2.92684068724378,0.557762242542858
0,t0114_seed7755_no_autostop,7755,34,3239,1.0,44.761904761904766,-2.755765358378029,0.7684053777458985
0,t0114_seed7755_no_autostop,7755,34,3241,0.9845360824742269,91.66666666666669,-1.8847740930992636,-0.7889806915297616
0,t0114_seed7755_no_autostop,7755,35,3266,0.9862700228832952,103.33333333333333,-2.442138433024212,-1.4144363741488166
0,t0114_seed7755_no_autostop,7755,35,3271,0.9769053117782911,101.9047619047619,-1.8095440897218211,-0.004204032788674621
0,t0114_seed7755_no_autostop,7755,35,3274,0.9906103286384977,50.47619047619048,-2.8851345661847447,0.604682733556072
0,t0114_seed7755_no_autostop,7755,35,3280,0.9856801909307876,99.04761904761905,-1.6457361834698179,-0.8553537665373935
0,t0114_seed7755_no_autostop,7755,35,3282,1.0,47.38095238095238,-2.3875608111986306,1.3714901715187557
0,t0114_seed7755_no_autostop,7755,35,3287,1.0,46.42857142857143,-3.3301873978668617,0.7217093850588526
0,t0114_seed7755_no_autostop,7755,35,3293,1.0,46.1904761904762,-2.4537225765301454,0.8088391934393939
0,t0114_seed7755_no_autostop,7755,35,3298,0.9855072463768116,97.85714285714286,-1.8492802986382766,-0.8006858323701346
0,t0114_seed7755_no_autostop,7755,35,3308,1.0,45.714285714285715,-2.931493501189673,0.7177261471622728
0,t0114_seed7755_no_autostop,7755,35,3320,0.9852216748768473,95.95238095238096,-2.278690479826536,-0.8607264694685601
0,t0114_seed7755_no_autostop,7755,35,3331,1.0,45.0,-3.0708524186788897,0.8090649003262675
0,t0114_seed7755_no_autostop,7755,35,3332,0.9895287958115182,45.23809523809524,-2.8145431082017813,0.8345426195509883
0,t0114_seed7755_no_autostop,7755,35,3333,1.0,45.0,-3.0768351334047246,1.0914417089579314
0,t0114_seed7755_no_autostop,7755,35,3346,0.9849624060150376,94.28571428571429,-2.5765302319353918,-0.7899300540735777
0,t0114_seed7755_no_autostop,7755,35,3354,1.0,44.523809523809526,-3.0350878508018746,1.1553740170311178
0,t0114_seed7755_no_autostop,7755,35,3355,1.0,44.523809523809526,-2.729863247902254,0.7718528213955429
0,t0114_seed7755_no_autostop,7755,35,3359,0.9848866498740554,93.80952380952382,-2.204344080826337,-0.6131696187938753
0,t0114_seed7755_no_autostop,7755,36,3366,1.0,50.714285714285715,-2.9977743798625656,0.5839806093996487
0,t0114_seed7755_no_autostop,7755,36,3372,1.0,50.0,-2.7651323890106343,-0.06219355834269666
0,t0114_seed7755_no_autostop,7755,36,3376,1.0,49.523809523809526,-2.7059752555559125,0.3304151863583709
0,t0114_seed7755_no_autostop,7755,36,3378,0.9857482185273159,99.52380952380953,-2.127450288566769,-1.0569371998895174
0,t0114_seed7755_no_autostop,7755,36,3399,1.0,46.90476190476191,-2.7183905942001476,1.4368573726949567
0,t0114_seed7755_no_autostop,7755,36,3403,1.0,46.666666666666664,-3.1243293297354007,1.00212389758035
0,t0114_seed7755_no_autostop,7755,36,3408,0.9854014598540146,97.14285714285715,-2.2051142826939776,-1.3030371714291487
0,t0114_seed7755_no_autostop,7755,36,3418,1.0,46.1904761904762,-2.599153198842221,1.6019044627109151
0,t0114_seed7755_no_autostop,7755,36,3434,1.0,45.714285714285715,-2.8213396505772304,0.6322803090512237
0,t0114_seed7755_no_autostop,7755,36,3445,1.0,45.23809523809524,-2.589308858076381,1.4110610272128041
0,t0114_seed7755_no_autostop,7755,36,3454,1.0,45.0,-2.7318925991080447,0.7652749221330248
0,t0114_seed7755_no_autostop,7755,37,3462,1.0,50.95238095238095,-2.383538264525879,1.0013385462279938
0,t0114_seed7755_no_autostop,7755,37,3463,0.9861751152073732,102.61904761904762,-2.4376761405787017,-1.457773678280159
0,t0114_seed7755_no_autostop,7755,37,3469,0.9860788863109049,101.9047619047619,-2.2240874407643507,0.9874846125226088
0,t0114_seed7755_no_autostop,7755,37,3470,0.9860788863109049,101.9047619047619,-1.460474146435732,-0.29870848579285914
0,t0114_seed7755_no_autostop,7755,37,3473,1.0,50.0,-2.4377608707953486,0.7991906142923246
0,t0114_seed7755_no_autostop,7755,37,3480,0.9813953488372091,101.42857142857143,-2.942458681984249,-0.3273977506334715
0,t0114_seed7755_no_autostop,7755,37,3500,1.0,47.142857142857146,-2.2109718201335355,0.4025600099351133
0,t0114_seed7755_no_autostop,7755,37,3501,1.0,47.142857142857146,-3.15038863367794,0.8773762426600012
0,t0114_seed7755_no_autostop,7755,37,3508,1.0,46.90476190476191,-2.656089854628804,0.7126804098876924
0,t0114_seed7755_no_autostop,7755,37,3509,1.0,46.90476190476191,-3.2636340158304855,0.6962776484255426
0,t0114_seed7755_no_autostop,7755,37,3514,1.0,46.666666666666664,-2.883649112530501,1.3564536212864908
0,t0114_seed7755_no_autostop,7755,37,3522,1.0,46.42857142857143,-2.7635441130747895,0.3107238042134164
0,t0114_seed7755_no_autostop,7755,37,3543,1.0,45.714285714285715,-2.6690891862996637,1.3291970218446916
0,t0114_seed7755_no_autostop,7755,37,3547,0.9851851851851852,95.71428571428572,-1.6294590662887163,-0.8978344049497146
0,t0114_seed7755_no_autostop,7755,38,3555,0.9863013698630136,103.57142857142858,-2.3471538674636405,-1.4240267478479518
0,t0114_seed7755_no_autostop,7755,38,3556,0.9863013698630136,103.57142857142858,-0.7719209209885411,-0.9830490887125561
0,t0114_seed7755_no_autostop,7755,38,3558,1.0,52.142857142857146,-3.1185558486695553,0.7459294266366963
0,t0114_seed7755_no_autostop,7755,38,3559,0.9911894273127755,53.80952380952381,-2.9512453212882073,1.46263765704314
0,t0114_seed7755_no_autostop,7755,38,3563,0.990950226244344,52.38095238095238,-2.983693162927113,0.12186582603591929
0,t0114_seed7755_no_autostop,7755,38,3564,0.9862068965517241,102.85714285714286,-1.5251311019975016,-0.8298589663499412
0,t0114_seed7755_no_autostop,7755,38,3571,1.0,50.47619047619048,-2.561507506777769,0.8547745857149849
0,t0114_seed7755_no_autostop,7755,38,3572,0.990783410138249,51.42857142857143,-2.8827267080298418,1.0453639130071348
0,t0114_seed7755_no_autostop,7755,38,3586,0.986013986013986,101.42857142857143,-2.323538343850386,-0.8846004221499609
0,t0114_seed7755_no_autostop,7755,38,3587,0.9814385150812064,101.66666666666669,-1.4029259069208604,-0.39278899571706205
0,t0114_seed7755_no_autostop,7755,38,3589,1.0,49.28571428571429,-3.0213270167269117,0.7074224630211923
0,t0114_seed7755_no_autostop,7755,38,3592,0.9858156028368794,100.0,-1.6768602382071556,-1.076377185952396
0,t0114_seed7755_no_autostop,7755,38,3597,0.9766899766899768,100.95238095238096,-2.0275869477355144,-1.5426279587937612
0,t0114_seed7755_no_autostop,7755,38,3601,1.0,48.33333333333334,-2.983442707614722,-0.15961951250841386
0,t0114_seed7755_no_autostop,7755,38,3604,0.9764705882352942,100.0,-2.591115670926614,-0.7488154542163052
0,t0114_seed7755_no_autostop,7755,38,3608,1.0,47.85714285714286,-2.659963084019075,0.5516693455876838
0,t0114_seed7755_no_autostop,7755,38,3615,1.0,47.61904761904763,-2.8592498651244025,1.1088878976370138
0,t0114_seed7755_no_autostop,7755,38,3624,0.9855072463768116,97.85714285714286,-1.7809488166367022,-0.8027728471392817
0,t0114_seed7755_no_autostop,7755,38,3631,1.0,47.142857142857146,-2.102373577963296,0.4449352375667443
0,t0114_seed7755_no_autostop,7755,38,3639,0.9805825242718446,97.14285714285715,-2.4918760192443403,0.6494620743789385
0,t0114_seed7755_no_autostop,7755,38,3640,0.9853300733496333,96.66666666666669,-2.28274599117593,-0.32027237458727
0,t0114_seed7755_no_autostop,7755,39,3648,0.9863325740318907,103.80952380952382,-3.1395967589298213,-0.819517060290404
0,t0114_seed7755_no_autostop,7755,39,3649,1.0,54.28571428571429,-2.43936213739572,0.8095857394440369
0,t0114_seed7755_no_autostop,7755,39,3663,1.0,51.42857142857143,-3.0004658989354307,1.2571125034100872
0,t0114_seed7755_no_autostop,7755,39,3669,0.9908675799086759,51.90476190476191,-2.5003740551009246,0.5142658621594388
0,t0114_seed7755_no_autostop,7755,39,3682,1.0,50.47619047619048,-2.8648279018085763,0.11711414291831344
0,t0114_seed7755_no_autostop,7755,39,3693,0.9858490566037735,100.23809523809526,-2.824511797744352,-1.431503297552659
0,t0114_seed7755_no_autostop,7755,39,3696,1.0,49.761904761904766,-3.1592361773877755,-0.35427598719179515
0,t0114_seed7755_no_autostop,7755,39,3709,0.9857142857142858,99.28571428571429,-1.9169639270884917,-1.0603935810977698
0,t0114_seed7755_no_autostop,7755,39,3715,0.9903846153846155,49.28571428571429,-2.66502145490648,0.050628440117083055
0,t0114_seed7755_no_autostop,7755,39,3724,1.0,48.33333333333334,-3.0460284367771053,0.004523446049013135
0,t0114_seed7755_no_autostop,7755,39,3725,1.0,48.33333333333334,-3.113888485250104,1.4118595522087027
0,t0114_seed7755_no_autostop,7755,39,3732,1.0,48.095238095238095,-2.8106528247960716,1.3156481740930197
0,t0114_seed7755_no_autostop,7755,39,3739,1.0,47.61904761904763,-2.426044356552214,1.3512852668662838
0,t0114_seed7755_no_autostop,7755,40,3745,0.9864253393665159,104.52380952380953,-2.146969150115337,-0.583801071241913
0,t0114_seed7755_no_autostop,7755,40,3753,1.0,52.142857142857146,-2.342518192088962,0.912378594350466
0,t0114_seed7755_no_autostop,7755,40,3759,0.990950226244344,52.38095238095238,-2.6971400986901113,0.8513122247480019
0,t0114_seed7755_no_autostop,7755,40,3762,0.9862700228832952,103.33333333333333,-2.640570846344548,-1.3413359744380562
0,t0114_seed7755_no_autostop,7755,40,3767,0.9862385321100917,103.0952380952381,-2.402967159081216,-1.417066521102227
0,t0114_seed7755_no_autostop,7755,40,3778,1.0,50.47619047619048,-2.924438453678552,0.6412668390789711
0,t0114_seed7755_no_autostop,7755,40,3803,0.985981308411215,101.19047619047619,-1.885746862274191,-0.9838382564169278
0,t0114_seed7755_no_autostop,7755,40,3805,0.9813953488372091,101.42857142857143,-2.67744062569494,-1.1708676909535278
0,t0114_seed7755_no_autostop,7755,41,3840,0.9866071428571429,105.95238095238096,-1.689311673010042,-1.548793929085608
0,t0114_seed7755_no_autostop,7755,41,3841,1.0,55.0,-2.5052045392375195,0.6993628697002184
0,t0114_seed7755_no_autostop,7755,41,3848,0.9863945578231292,104.28571428571429,-2.4354831245525763,-1.1258074695914966
0,t0114_seed7755_no_autostop,7755,41,3851,0.9863636363636363,104.04761904761905,-2.0070274806900636,-0.6863593236667945
0,t0114_seed7755_no_autostop,7755,41,3856,1.0,52.142857142857146,-3.145104051202829,0.7519394536301645
0,t0114_seed7755_no_autostop,7755,41,3861,1.0,51.90476190476191,-3.2173563086094528,0.7193046337597867
0,t0114_seed7755_no_autostop,7755,41,3868,1.0,51.42857142857143,-2.676278834014606,1.3817523686176754
0,t0114_seed7755_no_autostop,7755,41,3869,1.0,51.42857142857143,-2.718590422753551,0.5473573626840129
0,t0114_seed7755_no_autostop,7755,41,3874,1.0,51.1904761904762,-2.9341621073204913,1.3380383206169655
0,t0114_seed7755_no_autostop,7755,41,3880,1.0,50.95238095238095,-2.5462595421249596,1.0074300437329622
0,t0114_seed7755_no_autostop,7755,41,3893,0.9861431870669746,102.3809523809524,-2.0889998594104413,-1.1986701959743824
0,t0114_seed7755_no_autostop,7755,41,3894,0.9861431870669746,102.3809523809524,-2.4168582686618088,-1.4454250104918969
0,t0114_seed7755_no_autostop,7755,41,3899,1.0,50.23809523809524,-2.8978888080524516,0.6352563997449506
0,t0114_seed7755_no_autostop,7755,41,3914,1.0,49.761904761904766,-2.6627691637568205,0.9643879217456947
0,t0114_seed7755_no_autostop,7755,41,3933,1.0,49.04761904761905,-2.4096241046123277,0.19988994842653077
0,t0114_seed7755_no_autostop,7755,42,3937,1.0,56.90476190476191,-2.696283371334264,0.7503126039164675
0,t0114_seed7755_no_autostop,7755,42,3938,0.9865771812080537,105.71428571428572,-1.6901663910557498,-1.5136791110100074
0,t0114_seed7755_no_autostop,7755,42,3944,1.0,54.761904761904766,-2.8725433723963563,0.552073439340057
0,t0114_seed7755_no_autostop,7755,42,3952,1.0,54.04761904761905,-2.9539121593912685,1.206456821081113
0,t0114_seed7755_no_autostop,7755,42,3956,1.0,52.61904761904763,-2.431339112410559,0.9983843113102041
0,t0114_seed7755_no_autostop,7755,42,3960,0.9863013698630136,103.57142857142858,-1.719359099092541,-1.2419605854814082
0,t0114_seed7755_no_autostop,7755,42,3961,0.9863013698630136,103.57142857142858,-2.639788715660489,-1.352661220264287
0,t0114_seed7755_no_autostop,7755,42,3962,0.9863013698630136,103.57142857142858,-2.1538788732044667,-1.4923750577592658
0,t0114_seed7755_no_autostop,7755,42,3969,1.0,52.142857142857146,-3.259480813147416,0.6736280547439214
0,t0114_seed7755_no_autostop,7755,42,3974,0.9862700228832952,103.33333333333333,-1.8940905011262021,-0.8334089854298995
0,t0114_seed7755_no_autostop,7755,42,3987,0.9862068965517241,102.85714285714286,-2.48744586293225,-1.366989548308161
0,t0114_seed7755_no_autostop,7755,42,3988,0.9862068965517241,102.85714285714286,-2.415022114317885,-1.4598815358917854
0,t0114_seed7755_no_autostop,7755,42,3995,0.9726027397260274,102.85714285714286,-1.43100757545885,-0.6969820387233487
0,t0114_seed7755_no_autostop,7755,42,4002,0.9861431870669746,102.3809523809524,-2.5130038648644413,-0.8469584268867997
0,t0114_seed7755_no_autostop,7755,42,4023,1.0,50.23809523809524,-2.7303006823544407,0.4704710785456038
0,t0114_seed7755_no_autostop,7755,42,4026,1.0,50.0,-2.658914417907605,1.332405569264089
0,t0114_seed7755_no_autostop,7755,43,4042,1.0,54.761904761904766,-2.891814015577802,0.5439699598263458
0,t0114_seed7755_no_autostop,7755,43,4045,0.9863945578231292,104.28571428571429,-1.9406332978731318,-1.1092158539860124
0,t0114_seed7755_no_autostop,7755,43,4056,0.9863325740318907,103.80952380952382,-1.0106735018269264,-1.1175736374007432
0,t0114_seed7755_no_autostop,7755,43,4060,1.0,53.33333333333334,-3.2196826793551367,0.6981975001627367
0,t0114_seed7755_no_autostop,7755,43,4073,0.9862700228832952,103.33333333333333,-2.5171340106974136,-1.3495314021137605
0,t0114_seed7755_no_autostop,7755,43,4082,1.0,52.142857142857146,-3.0467617283626143,0.7022101210739797
0,t0114_seed7755_no_autostop,7755,43,4089,1.0,51.90476190476191,-2.912901912132081,0.5409772989200485
0,t0114_seed7755_no_autostop,7755,43,4093,0.9862068965517241,102.85714285714286,-2.3866921889869244,-1.137171089049943
0,t0114_seed7755_no_autostop,7755,43,4094,0.9862068965517241,102.85714285714286,-2.171822117634194,-1.2362512183996168
0,t0114_seed7755_no_autostop,7755,43,4101,1.0,51.42857142857143,-3.104047450403749,1.356334866477799
0,t0114_seed7755_no_autostop,7755,43,4119,0.9860788863109049,101.9047619047619,-2.0860274621483264,-1.4859069000455798
0,t0114_seed7755_no_autostop,7755,43,4126,1.0,50.714285714285715,-3.0623865568391,0.4116215117514645
0,t0114_seed7755_no_autostop,7755,44,4131,0.9865771812080537,105.71428571428572,-1.8838815946514669,-1.5908838850193119
0,t0114_seed7755_no_autostop,7755,44,4132,1.0,55.47619047619048,-2.7974028594590705,0.5750141817615354
0,t0114_seed7755_no_autostop,7755,44,4137,0.9864864864864865,105.0,-1.0165020490286483,-0.6995922121134263
0,t0114_seed7755_no_autostop,7755,44,4143,0.9864253393665159,104.52380952380953,-2.4004557303507705,-1.2364278500772259
0,t0114_seed7755_no_autostop,7755,44,4150,1.0,54.523809523809526,-2.950743902340303,0.6003357985662109
0,t0114_seed7755_no_autostop,7755,44,4155,1.0,54.28571428571429,-2.753568965619078,0.1668920126968731
0,t0114_seed7755_no_autostop,7755,44,4162,0.9863325740318907,103.80952380952382,-2.5723219737117207,-1.4380143878107903
0,t0114_seed7755_no_autostop,7755,44,4163,0.9863325740318907,103.80952380952382,-2.200360553671273,-0.7129997666198482
0,t0114_seed7755_no_autostop,7755,44,4164,0.9863325740318907,103.80952380952382,-2.2731140988407046,-1.4508835680037917
0,t0114_seed7755_no_autostop,7755,44,4165,0.9863325740318907,103.80952380952382,-2.922289670140273,-1.0842304403573042
0,t0114_seed7755_no_autostop,7755,44,4176,0.9863013698630136,103.57142857142858,-2.402588028170365,-1.4208305342275978
0,t0114_seed7755_no_autostop,7755,44,4179,1.0,53.57142857142858,-2.2936524017551743,0.813271843477042
0,t0114_seed7755_no_autostop,7755,44,4180,1.0,53.57142857142858,-2.763141956843853,0.6187539330983411
0,t0114_seed7755_no_autostop,7755,44,4188,1.0,53.33333333333334,-2.4388764411685413,1.248811196212372
0,t0114_seed7755_no_autostop,7755,44,4189,1.0,53.33333333333334,-2.7962657343548605,0.6754345811386402
0,t0114_seed7755_no_autostop,7755,44,4196,1.0,52.85714285714286,-2.9283186556330807,0.4365394045101221
0,t0114_seed7755_no_autostop,7755,44,4204,0.9862068965517241,102.85714285714286,-2.502893212167071,-1.0665918952923956
0,t0114_seed7755_no_autostop,7755,44,4205,0.9862068965517241,102.85714285714286,-2.6449236249811885,-0.8506755515520618
0,t0114_seed7755_no_autostop,7755,44,4208,1.0,52.61904761904763,-3.2179169049199485,0.2615350514683301
0,t0114_seed7755_no_autostop,7755,44,4221,1.0,52.142857142857146,-2.6585650697950456,1.3169800209931135
0,t0114_seed7755_no_autostop,7755,45,4233,0.9865470852017937,105.47619047619048,-1.3498024121359533,-0.5744377232248699
0,t0114_seed7755_no_autostop,7755,45,4235,1.0,55.0,-3.055663513408726,0.8120430543523908
0,t0114_seed7755_no_autostop,7755,45,4236,1.0,55.0,-2.5458488999439113,0.4697000444278753
0,t0114_seed7755_no_autostop,7755,45,4244,0.9864559819413092,104.76190476190476,-1.728488450614348,-1.2307870594359418
0,t0114_seed7755_no_autostop,7755,45,4245,0.9864559819413092,104.76190476190476,-2.4829792467816776,-1.309395784826577
0,t0114_seed7755_no_autostop,7755,45,4250,0.9775280898876406,104.76190476190476,-2.738821200221722,-1.7465344717417826
0,t0114_seed7755_no_autostop,7755,45,4253,1.0,54.28571428571429,-2.913419384962959,0.8995012605405626
0,t0114_seed7755_no_autostop,7755,45,4254,1.0,54.28571428571429,-2.14037364765543,0.8912928994264814
0,t0114_seed7755_no_autostop,7755,45,4258,0.9863945578231292,104.28571428571429,-2.378267639962812,-1.484272805955998
0,t0114_seed7755_no_autostop,7755,45,4263,1.0,54.04761904761905,-2.6900008954289234,0.2720715675040265
0,t0114_seed7755_no_autostop,7755,45,4265,0.9819004524886876,104.28571428571429,-2.624963881450159,-1.2474025171126553
0,t0114_seed7755_no_autostop,7755,45,4266,0.9863636363636363,104.04761904761905,-2.721177643226977,-1.1789342601515986
0,t0114_seed7755_no_autostop,7755,45,4291,0.9863013698630136,103.57142857142858,-2.403593649914458,-1.4274026202759158
0,t0114_seed7755_no_autostop,7755,45,4292,0.9773242630385489,103.80952380952382,-2.0693085880364577,-1.4250166193988931
0,t0114_seed7755_no_autostop,7755,45,4310,0.9862385321100917,103.0952380952381,-2.8785574065264816,-1.1093357987921069
0,t0114_seed7755_no_autostop,7755,46,4321,0.9868421052631579,107.85714285714286,-2.978175736167391,-1.6932434040672328
0,t0114_seed7755_no_autostop,7755,46,4322,1.0,55.95238095238095,-2.4344298927167927,0.8577306545706362
0,t0114_seed7755_no_autostop,7755,46,4326,1.0,55.714285714285715,-2.8693039278808237,0.23116995644521945
0,t0114_seed7755_no_autostop,7755,46,4333,0.9865470852017937,105.47619047619048,-1.2191028900421743,-1.5447140742946364
0,t0114_seed7755_no_autostop,7755,46,4334,0.9865470852017937,105.47619047619048,-2.1416022474250216,-1.3074609912741146
0,t0114_seed7755_no_autostop,7755,46,4341,0.9865168539325843,105.23809523809526,-3.058503799350706,-1.4011143924985574
0,t0114_seed7755_no_autostop,7755,46,4342,0.9865168539325843,105.23809523809526,-1.3070422468112286,-0.7831385029258167
0,t0114_seed7755_no_autostop,7755,46,4345,1.0,54.761904761904766,-2.848071958433807,0.5366258067244961
0,t0114_seed7755_no_autostop,7755,46,4350,1.0,54.523809523809526,-2.2096965489425946,1.5156123943804511
0,t0114_seed7755_no_autostop,7755,46,4354,0.9864559819413092,104.76190476190476,-1.872187429737147,-1.6607034993693055
0,t0114_seed7755_no_autostop,7755,46,4359,1.0,54.28571428571429,-2.8389508087943653,0.5341520058561741
0,t0114_seed7755_no_autostop,7755,46,4372,0.9863945578231292,104.28571428571429,-2.059839431977929,-1.1911144806010308
0,t0114_seed7755_no_autostop,7755,46,4373,0.9863945578231292,104.28571428571429,-1.5776685009589557,-1.1934793151650922
0,t0114_seed7755_no_autostop,7755,46,4376,1.0,53.80952380952381,-2.677760967895673,0.43515173079036
0,t0114_seed7755_no_autostop,7755,46,4386,1.0,53.57142857142858,-2.91578750017022,0.23389569176796066
0,t0114_seed7755_no_autostop,7755,46,4395,0.9863325740318907,103.80952380952382,-2.848697798681477,-1.2272365094639672
0,t0114_seed7755_no_autostop,7755,46,4396,0.9863325740318907,103.80952380952382,-2.402504503108699,-1.4287285597431703
0,t0114_seed7755_no_autostop,7755,46,4402,0.9863013698630136,103.57142857142858,-2.693755171196615,-1.4089861458846193
0,t0114_seed7755_no_autostop,7755,46,4409,0.9863013698630136,103.57142857142858,-2.5226347712472186,-1.4569325645005
0,t0114_seed7755_no_autostop,7755,46,4412,0.9863013698630136,103.57142857142858,-2.8127774227600244,-0.8422124607726377
0,t0114_seed7755_no_autostop,7755,47,4420,1.0,55.95238095238095,-2.8613990007825567,0.5491648518808854
0,t0114_seed7755_no_autostop,7755,47,4421,0.9868131868131869,107.61904761904762,-2.0313366009984826,-1.4786870099859997
0,t0114_seed7755_no_autostop,7755,47,4426,0.9866962305986696,106.66666666666669,-2.8474001016269086,-1.2768368809938497
0,t0114_seed7755_no_autostop,7755,47,4427,0.9866962305986696,106.66666666666669,-2.6357343103935826,-1.7810687376823287
0,t0114_seed7755_no_autostop,7755,47,4434,0.9914529914529916,55.47619047619048,-2.8814647945065066,0.630980561668283
0,t0114_seed7755_no_autostop,7755,47,4437,0.9865771812080537,105.71428571428572,-2.1957544345413607,-1.7923821065640133
0,t0114_seed7755_no_autostop,7755,47,4438,0.9865771812080537,105.71428571428572,-2.1571764512546556,-1.248540105726679
0,t0114_seed7755_no_autostop,7755,47,4460,1.0,54.28571428571429,-2.7454128440094796,0.7270817323693879
0,t0114_seed7755_no_autostop,7755,47,4467,0.9912663755458516,54.28571428571429,-2.9137148136417466,1.2338086397936296
0,t0114_seed7755_no_autostop,7755,47,4472,0.9864559819413092,104.76190476190476,-3.127792984191843,-1.4444980951220026
0,t0114_seed7755_no_autostop,7755,47,4473,0.9864559819413092,104.76190476190476,-1.1518977654438554,-1.4996772597797359
0,t0114_seed7755_no_autostop,7755,47,4474,0.9864559819413092,104.76190476190476,-2.9601839611410146,-1.1635875880408764
0,t0114_seed7755_no_autostop,7755,47,4483,0.9864253393665159,104.52380952380953,-2.0329165394049067,-1.4379210416109147
0,t0114_seed7755_no_autostop,7755,47,4484,0.9864253393665159,104.52380952380953,-2.088708399176918,-1.675510462517517
0,t0114_seed7755_no_autostop,7755,47,4485,0.9864253393665159,104.52380952380953,-2.605463690303157,-1.451428028766274
0,t0114_seed7755_no_autostop,7755,47,4486,0.9864253393665159,104.52380952380953,-1.8813815395381062,-1.5900967380470863
0,t0114_seed7755_no_autostop,7755,47,4492,1.0,53.57142857142858,-2.297143096946979,-0.035909754318705654
0,t0114_seed7755_no_autostop,7755,47,4505,0.9863636363636363,104.04761904761905,-2.060224562088939,-1.4733256699094543
0,t0114_seed7755_no_autostop,7755,47,4511,0.9863636363636363,104.04761904761905,-2.337874552359654,-1.5397979456202304
0,t0114_seed7755_no_autostop,7755,48,4514,1.0,58.33333333333334,-2.5414651297216113,0.4438917705997012
0,t0114_seed7755_no_autostop,7755,48,4518,1.0,56.90476190476191,-2.503651923606172,1.2387666346921034
0,t0114_seed7755_no_autostop,7755,48,4520,0.9867256637168141,106.9047619047619,-2.1092222935670484,-1.347869084263169
0,t0114_seed7755_no_autostop,7755,48,4524,0.9915611814345993,56.1904761904762,-3.030683571458546,0.46126541345071076
0,t0114_seed7755_no_autostop,7755,48,4530,1.0,55.714285714285715,-2.6164462947370675,0.37360867760995164
0,t0114_seed7755_no_autostop,7755,48,4531,1.0,55.714285714285715,-2.7431208237986953,0.9326156674268323
0,t0114_seed7755_no_autostop,7755,48,4537,0.9914893617021278,55.714285714285715,-2.8748637243215853,0.9224817995327059
0,t0114_seed7755_no_autostop,7755,48,4547,1.0,55.0,-2.8709800861893044,0.5500226018025872
0,t0114_seed7755_no_autostop,7755,48,4557,1.0,54.761904761904766,-2.9810098185726703,0.5315683343545429
0,t0114_seed7755_no_autostop,7755,48,4558,1.0,54.761904761904766,-2.6432518688274174,1.1329846227437494
0,t0114_seed7755_no_autostop,7755,48,4561,0.9865168539325843,105.23809523809526,-1.6661725821424282,-1.6326579190004933
0,t0114_seed7755_no_autostop,7755,48,4565,1.0,54.523809523809526,-2.709615011279454,1.0287049236084975
0,t0114_seed7755_no_autostop,7755,48,4568,0.9864864864864865,105.0,-3.0511478411349384,-1.405972160040789
0,t0114_seed7755_no_autostop,7755,48,4577,1.0,54.28571428571429,-2.802509091225493,0.8458692321432142
0,t0114_seed7755_no_autostop,7755,48,4592,1.0,54.04761904761905,-2.52160484600413,0.5277783080797483
0,t0114_seed7755_no_autostop,7755,48,4602,0.9864253393665159,104.52380952380953,-3.135139183152676,-1.439639317391491
0,t0114_seed7755_no_autostop,7755,48,4603,0.9864253393665159,104.52380952380953,-2.2450063184974534,-1.4698765168432568
0,t0114_seed7755_no_autostop,7755,48,4604,0.9864253393665159,104.52380952380953,-2.8819532281836273,-1.0256071132926103
0,t0114_seed7755_no_autostop,7755,48,4605,0.9864253393665159,104.52380952380953,-2.717524278276352,-1.3461899724545365
0,t0114_seed7755_no_autostop,7755,49,4611,0.9868421052631579,107.85714285714286,-3.429690844734768,-1.7456457208199214
0,t0114_seed7755_no_autostop,7755,49,4617,0.9868131868131869,107.61904761904762,-1.814426874763108,-1.1851408628921776
0,t0114_seed7755_no_autostop,7755,49,4619,1.0,56.1904761904762,-2.423215485188887,0.942215635146282
0,t0114_seed7755_no_autostop,7755,49,4621,0.9867549668874173,107.14285714285715,-1.408647379477166,-1.2865873478614502
0,t0114_seed7755_no_autostop,7755,49,4625,1.0,55.95238095238095,-2.8056908420149695,0.5431690820541134
0,t0114_seed7755_no_autostop,7755,49,4631,1.0,55.714285714285715,-2.1689195890196613,0.9560829945695709
0,t0114_seed7755_no_autostop,7755,49,4644,1.0,55.23809523809524,-2.7658758857324353,0.300055104209266
0,t0114_seed7755_no_autostop,7755,49,4645,1.0,55.23809523809524,-2.279787785654862,0.7463863005979214
0,t0114_seed7755_no_autostop,7755,49,4646,1.0,55.23809523809524,-3.0970068665705615,0.8772624628087374
0,t0114_seed7755_no_autostop,7755,49,4657,1.0,55.0,-2.9826496629573174,0.5266832414454797
0,t0114_seed7755_no_autostop,7755,49,4658,1.0,55.0,-2.5426105979433014,1.233952834265085
0,t0114_seed7755_no_autostop,7755,49,4659,1.0,55.0,-3.3943619518107258,0.34901692321274186
0,t0114_seed7755_no_autostop,7755,49,4660,0.9914163090128757,55.23809523809524,-2.712105251643011,1.1167446461859556
0,t0114_seed7755_no_autostop,7755,49,4672,1.0,54.761904761904766,-2.6842601035920115,0.3336065674942206
0,t0114_seed7755_no_autostop,7755,49,4673,1.0,54.761904761904766,-2.533851958223156,0.9182159591823367
0,t0114_seed7755_no_autostop,7755,49,4674,0.9913793103448277,55.0,-2.7543349132763812,0.8486077433963202
0,t0114_seed7755_no_autostop,7755,49,4684,1.0,54.523809523809526,-3.0229280707749706,1.1143490279522632
0,t0114_seed7755_no_autostop,7755,49,4685,1.0,54.523809523809526,-2.604703507735677,0.1559763392836229
0,t0114_seed7755_no_autostop,7755,49,4695,0.9913043478260871,54.523809523809526,-2.960430113774377,0.5973129551126447
0,t0114_seed7755_no_autostop,7755,50,4716,1.0,56.42857142857143,-2.8615263710024337,0.5495487506494918
0,t0114_seed7755_no_autostop,7755,50,4721,1.0,56.1904761904762,-2.688172502688328,0.848873410849251
0,t0114_seed7755_no_autostop,7755,50,4724,0.9867256637168141,106.9047619047619,-2.5695970968976165,-1.1670876189798058
0,t0114_seed7755_no_autostop,7755,50,4729,1.0,55.95238095238095,-2.518774250863038,0.5683557803539772
0,t0114_seed7755_no_autostop,7755,50,4740,0.9866666666666667,106.42857142857143,-2.620627288861313,-1.6766179934949408
0,t0114_seed7755_no_autostop,7755,50,4742,0.9866666666666667,106.42857142857143,-2.198394646942927,-1.5002113539647441
0,t0114_seed7755_no_autostop,7755,50,4745,1.0,55.47619047619048,-2.6211244977188577,0.9313415793477473
0,t0114_seed7755_no_autostop,7755,50,4752,0.9866071428571429,105.95238095238096,-2.7505700349853712,-1.313193216242811
0,t0114_seed7755_no_autostop,7755,50,4753,0.9866071428571429,105.95238095238096,-2.7932200811170307,-1.5220146463209525
0,t0114_seed7755_no_autostop,7755,50,4758,1.0,55.23809523809524,-3.0035008656883284,0.5439250615727516
0,t0114_seed7755_no_autostop,7755,50,4759,1.0,55.23809523809524,-3.0277623316134235,0.4236264199600217
0,t0114_seed7755_no_autostop,7755,50,4775,1.0,55.0,-2.1641880559116657,0.6028049218293016
0,t0114_seed7755_no_autostop,7755,50,4782,0.9865470852017937,105.47619047619048,-2.6565697437323386,-1.982025128177779
0,t0114_seed7755_no_autostop,7755,50,4791,1.0,54.761904761904766,-2.9548329291619386,0.6012503945674726
0,t0114_seed7755_no_autostop,7755,50,4792,1.0,54.761904761904766,-2.277588703650965,0.9888701525637547
0,t0114_seed7755_no_autostop,7755,51,4803,0.9868995633187773,108.33333333333333,-2.0178167017442994,-1.5022499749519107
0,t0114_seed7755_no_autostop,7755,51,4805,1.0,57.85714285714286,-2.972108698647523,0.5803217712482664
0,t0114_seed7755_no_autostop,7755,51,4806,1.0,57.85714285714286,-2.5486639776307287,1.033946883345406
0,t0114_seed7755_no_autostop,7755,51,4813,1.0,56.90476190476191,-2.5970319065636005,0.5657454932786473
0,t0114_seed7755_no_autostop,7755,51,4819,1.0,56.666666666666664,-2.647978948848264,1.0910084169812317
0,t0114_seed7755_no_autostop,7755,51,4828,0.9867256637168141,106.9047619047619,-2.7428351787258,-1.7863796585726008
0,t0114_seed7755_no_autostop,7755,51,4829,0.9823788546255505,107.14285714285715,-2.004882025653078,-1.70655968428784
0,t0114_seed7755_no_autostop,7755,51,4832,1.0,56.1904761904762,-2.717954232356232,0.44073428784625207
0,t0114_seed7755_no_autostop,7755,51,4833,1.0,56.1904761904762,-2.9194227781625517,0.8177763275377209
0,t0114_seed7755_no_autostop,7755,51,4834,1.0,56.1904761904762,-3.1259881025580625,0.3979689930742221
0,t0114_seed7755_no_autostop,7755,51,4835,1.0,56.1904761904762,-2.6292294235221982,0.5824197212807208
0,t0114_seed7755_no_autostop,7755,51,4839,0.9866962305986696,106.66666666666669,-3.3246194575655994,-1.5842867889312906
0,t0114_seed7755_no_autostop,7755,51,4845,1.0,55.95238095238095,-2.4547985058754347,0.47679836004090287
0,t0114_seed7755_no_autostop,7755,51,4846,1.0,55.95238095238095,-2.7583511271239822,0.5757480255356284
0,t0114_seed7755_no_autostop,7755,51,4847,1.0,55.95238095238095,-2.286285533058367,1.0085495959690518
0,t0114_seed7755_no_autostop,7755,51,4859,1.0,55.714285714285715,-2.560351119485943,0.9243377714401336
0,t0114_seed7755_no_autostop,7755,51,4870,1.0,55.47619047619048,-2.982932611648871,0.14400702013556035
0,t0114_seed7755_no_autostop,7755,51,4871,1.0,55.47619047619048,-2.11858567806553,0.8017002465773915
0,t0114_seed7755_no_autostop,7755,51,4872,0.9914893617021278,55.714285714285715,-2.734844709997429,0.5053451986823629
0,t0114_seed7755_no_autostop,7755,51,4881,0.9865771812080537,105.71428571428572,-1.9452615123287555,-1.5650624887308426
0,t0114_seed7755_no_autostop,7755,51,4882,0.9865771812080537,105.71428571428572,-1.6624980321044123,-1.6005647648207981
0,t0114_seed7755_no_autostop,7755,51,4885,1.0,55.23809523809524,-2.4937220728797023,0.9868250568156697
0,t0114_seed7755_no_autostop,7755,51,4893,1.0,55.23809523809524,-2.843499872726426,0.5361637937866479
0,t0114_seed7755_no_autostop,7755,52,4900,0.9868995633187773,108.33333333333333,-2.833841008418979,-1.2313450341614447
0,t0114_seed7755_no_autostop,7755,52,4903,1.0,58.095238095238095,-2.841853615124626,0.3551564497011832
0,t0114_seed7755_no_autostop,7755,52,4904,1.0,58.095238095238095,-2.8714912371849404,0.4024596090796836
0,t0114_seed7755_no_autostop,7755,52,4908,0.986870897155361,108.0952380952381,-3.483255585891438,-1.6175884002669783
0,t0114_seed7755_no_autostop,7755,52,4909,0.986870897155361,108.0952380952381,-2.161002225088313,-1.4709240805552013
0,t0114_seed7755_no_autostop,7755,52,4912,1.0,57.85714285714286,-3.036907849457452,0.6237746962283507
0,t0114_seed7755_no_autostop,7755,52,4917,0.9868421052631579,107.85714285714286,-3.3727285061408527,-1.5837076002714687
0,t0114_seed7755_no_autostop,7755,52,4918,1.0,57.38095238095238,-2.6650180434586366,1.070433536315571
0,t0114_seed7755_no_autostop,7755,52,4927,1.0,56.90476190476191,-2.533338381141112,0.6572450891139682
0,t0114_seed7755_no_autostop,7755,52,4930,0.986784140969163,107.3809523809524,-2.0052448242944254,-1.9829167136788246
0,t0114_seed7755_no_autostop,7755,52,4935,0.9867549668874173,107.14285714285715,-3.171812201973225,-1.697924817874323
0,t0114_seed7755_no_autostop,7755,52,4937,1.0,56.42857142857143,-2.677868987547393,0.3584236654949183
0,t0114_seed7755_no_autostop,7755,52,4943,0.9867256637168141,106.9047619047619,-2.0303677622233773,-1.5830685838159846
0,t0114_seed7755_no_autostop,7755,52,4944,0.9867256637168141,106.9047619047619,-2.734484942992845,-1.6376926066969346
0,t0114_seed7755_no_autostop,7755,52,4951,1.0,56.1904761904762,-2.5662525877130182,0.6843486786884507
0,t0114_seed7755_no_autostop,7755,52,4967,1.0,55.95238095238095,-2.70803413962133,1.109688543537518
0,t0114_seed7755_no_autostop,7755,52,4973,0.9866666666666667,106.42857142857143,-2.340461414634112,-1.0051275820395085
0,t0114_seed7755_no_autostop,7755,52,4974,0.9866666666666667,106.42857142857143,-2.3507446233464284,-1.578054534070412
0,t0114_seed7755_no_autostop,7755,52,4980,1.0,55.714285714285715,-2.516642580211464,1.0029277684081876
0,t0114_seed7755_no_autostop,7755,52,4981,1.0,55.714285714285715,-2.292016326652497,0.32299227071831343
0,t0114_seed7755_no_autostop,7755,52,4982,1.0,55.714285714285715,-2.8859187921192033,0.7607144083002234
0,t0114_seed7755_no_autostop,7755,52,4983,1.0,55.714285714285715,-2.8139874286173368,0.5669344196907764
0,t0114_seed7755_no_autostop,7755,52,4988,0.9866369710467706,106.19047619047619,-1.7127900051531353,-1.6112112249563888
0,t0114_seed7755_no_autostop,7755,52,4991,1.0,55.47619047619048,-2.69890269310052,0.1513315147731602
0,t0114_seed7755_no_autostop,7755,53,4996,0.9868995633187773,108.33333333333333,-3.3453889332649602,-1.6238037888602104
0,t0114_seed7755_no_autostop,7755,53,5002,0.986870897155361,108.0952380952381,-2.0014216733934926,-1.6154149847248518
0,t0114_seed7755_no_autostop,7755,53,5010,1.0,57.85714285714286,-2.604882096367062,0.5914843019481343
0,t0114_seed7755_no_autostop,7755,53,5014,0.9868421052631579,107.85714285714286,-2.5560853791505704,-1.1753806953989137
0,t0114_seed7755_no_autostop,7755,53,5019,1.0,57.61904761904763,-2.960653662750726,0.36451151139513704
0,t0114_seed7755_no_autostop,7755,53,5034,1.0,57.142857142857146,-2.657167853655135,1.0446947276461045
0,t0114_seed7755_no_autostop,7755,53,5050,0.9867256637168141,106.9047619047619,-2.4891176382628633,-1.540720196364962
0,t0114_seed7755_no_autostop,7755,53,5058,0.9866962305986696,106.66666666666669,-1.9186368332207078,-1.6741518496389758
0,t0114_seed7755_no_autostop,7755,53,5062,1.0,56.42857142857143,-2.7038124976852913,1.144546426126023
0,t0114_seed7755_no_autostop,7755,53,5070,0.9866666666666667,106.42857142857143,-1.615735253589996,-1.5586392729443064
0,t0114_seed7755_no_autostop,7755,53,5071,0.9866666666666667,106.42857142857143,-1.9788560064653213,-1.3874068552250303
0,t0114_seed7755_no_autostop,7755,53,5078,0.9866369710467706,106.19047619047619,-2.752054204287969,-1.637974184413141
0,t0114_seed7755_no_autostop,7755,54,5092,0.9869281045751634,108.57142857142858,-2.9294812494241698,-1.5359141242437957
0,t0114_seed7755_no_autostop,7755,54,5093,1.0,58.33333333333334,-3.0003490301407756,0.503711653532374
0,t0114_seed7755_no_autostop,7755,54,5101,0.9868995633187773,108.33333333333333,-2.7297303849321173,-1.3551343622389858
0,t0114_seed7755_no_autostop,7755,54,5104,1.0,58.095238095238095,-2.908410785100576,0.49380292889198796
0,t0114_seed7755_no_autostop,7755,54,5127,0.9868421052631579,107.85714285714286,-3.199138351504146,-1.6910699254228843
0,t0114_seed7755_no_autostop,7755,54,5139,1.0,57.38095238095238,-2.634601198504932,0.5827573653045188
0,t0114_seed7755_no_autostop,7755,54,5145,0.986784140969163,107.3809523809524,-3.235460441794618,-1.593089434443189
0,t0114_seed7755_no_autostop,7755,54,5146,0.986784140969163,107.3809523809524,-2.0060432849662475,-1.620804908413495
0,t0114_seed7755_no_autostop,7755,54,5147,0.986784140969163,107.3809523809524,-2.140994305462861,-1.5228166930688356
0,t0114_seed7755_no_autostop,7755,54,5148,0.986784140969163,107.3809523809524,-1.9939607099172492,-1.683635903262975
0,t0114_seed7755_no_autostop,7755,54,5152,1.0,57.142857142857146,-2.2403196011420436,1.2460314896696687
0,t0114_seed7755_no_autostop,7755,54,5157,0.9867549668874173,107.14285714285715,-2.7647121138749853,-1.1762144224079316
0,t0114_seed7755_no_autostop,7755,54,5163,1.0,56.90476190476191,-2.3850150023111305,0.301276263475977
0,t0114_seed7755_no_autostop,7755,54,5178,0.9866962305986696,106.66666666666669,-2.6161836072434514,-1.286795626724806
0,t0114_seed7755_no_autostop,7755,55,5190,0.9870410367170627,109.52380952380953,-2.22848513035937,-1.3735159626478115
0,t0114_seed7755_no_autostop,7755,55,5196,1.0,58.095238095238095,-2.790001081420029,0.6330706364986473
0,t0114_seed7755_no_autostop,7755,55,5198,0.9869281045751634,108.57142857142858,-3.21323381799491,-1.6614185994587922
0,t0114_seed7755_no_autostop,7755,55,5200,0.9784482758620691,109.28571428571429,-3.001473235072239,-1.6239000882139394
0,t0114_seed7755_no_autostop,7755,55,5207,1.0,57.85714285714286,-2.885957752280287,0.266921968844061
0,t0114_seed7755_no_autostop,7755,55,5212,0.9868995633187773,108.33333333333333,-2.790969350071159,-1.7071038482181211
0,t0114_seed7755_no_autostop,7755,55,5213,0.9868995633187773,108.33333333333333,-2.077648554043067,-2.00571337855304
0,t0114_seed7755_no_autostop,7755,55,5214,0.9868995633187773,108.33333333333333,-2.813557132939636,-0.9372373172504543
0,t0114_seed7755_no_autostop,7755,55,5220,0.9918032786885247,57.85714285714286,-2.979248962387096,0.5728403813187882
0,t0114_seed7755_no_autostop,7755,55,5224,0.986870897155361,108.0952380952381,-2.7341229833772145,-1.582366717633416
0,t0114_seed7755_no_autostop,7755,55,5232,1.0,57.38095238095238,-2.901270437662247,0.5012844606731226
0,t0114_seed7755_no_autostop,7755,55,5233,1.0,57.38095238095238,-2.359536553175618,0.6886487022803417
0,t0114_seed7755_no_autostop,7755,55,5239,0.9825327510917029,108.0952380952381,-2.5477403389060687,-1.3626654211368254
0,t0114_seed7755_no_autostop,7755,55,5250,1.0,57.142857142857146,-2.687778726428222,0.9087722898437974
0,t0114_seed7755_no_autostop,7755,55,5253,0.9868131868131869,107.61904761904762,-2.5001724992483902,-1.6517624287115105
0,t0114_seed7755_no_autostop,7755,55,5261,1.0,56.90476190476191,-2.658245617762918,0.6412561692763836
0,t0114_seed7755_no_autostop,7755,55,5262,0.986784140969163,107.3809523809524,-2.677816035433877,-1.9829672937979996
0,t0114_seed7755_no_autostop,7755,56,5280,1.0,58.57142857142858,-2.7920781588551855,0.5669495425589436
0,t0114_seed7755_no_autostop,7755,56,5281,1.0,58.57142857142858,-2.7869679024049008,0.5935966213256124
0,t0114_seed7755_no_autostop,7755,56,5283,1.0,58.57142857142858,-2.9008447470874996,0.3964993862042483
0,t0114_seed7755_no_autostop,7755,56,5284,0.987152034261242,110.47619047619048,-2.465787166354206,-1.8090794933968193
0,t0114_seed7755_no_autostop,7755,56,5289,0.9870967741935484,110.0,-2.4860027373819547,-1.4284556751700956
0,t0114_seed7755_no_autostop,7755,56,5306,0.987012987012987,109.28571428571429,-2.274947529278382,-1.3903732867079182
0,t0114_seed7755_no_autostop,7755,56,5313,1.0,57.61904761904763,-2.760438315981198,0.6393855031786903
0,t0114_seed7755_no_autostop,7755,56,5314,1.0,57.61904761904763,-2.5263805455267905,0.48760427916330273
0,t0114_seed7755_no_autostop,7755,56,5318,0.9826464208242949,108.80952380952382,-3.339810373443679,-1.6237529580404786
0,t0114_seed7755_no_autostop,7755,56,5319,0.9869281045751634,108.57142857142858,-3.3628520330065066,-1.6167622200943401
0,t0114_seed7755_no_autostop,7755,56,5335,0.9868995633187773,108.33333333333333,-2.7436586249442674,-1.4063037011126178
0,t0114_seed7755_no_autostop,7755,56,5336,0.9868995633187773,108.33333333333333,-2.4599229339081443,-1.350339704288642
0,t0114_seed7755_no_autostop,7755,56,5353,0.986870897155361,108.0952380952381,-3.205296122021472,-1.5639974534429206
0,t0114_seed7755_no_autostop,7755,56,5354,0.9782608695652175,108.33333333333333,-2.889240658693662,-1.3655727651199592
0,t0114_seed7755_no_autostop,7755,56,5361,0.9868421052631579,107.85714285714286,-3.1519690775740785,-1.676014418437548
0,t0114_seed7755_no_autostop,7755,57,5378,1.0,60.23809523809524,-3.0363110022450988,0.6900743501581212
0,t0114_seed7755_no_autostop,7755,57,5379,0.9871244635193133,110.23809523809526,-2.6826168410779903,-1.5360451638891122
0,t0114_seed7755_no_autostop,7755,57,5381,1.0,59.04761904761906,-2.982527294360502,0.5704293899869846
0,t0114_seed7755_no_autostop,7755,57,5383,0.9828693790149892,110.23809523809526,-2.688868408387369,-1.6431260110133026
0,t0114_seed7755_no_autostop,7755,57,5388,1.0,58.80952380952381,-2.70957288141411,0.9966696608771634
0,t0114_seed7755_no_autostop,7755,57,5389,0.9919678714859439,59.04761904761906,-3.2860941547883993,0.7930278059180076
0,t0114_seed7755_no_autostop,7755,57,5390,0.9919678714859439,59.04761904761906,-2.654255728266829,0.4565707983180693
0,t0114_seed7755_no_autostop,7755,57,5392,0.9786324786324787,110.23809523809526,-2.4877265018420185,-1.4204434979336191
0,t0114_seed7755_no_autostop,7755,57,5409,0.9869848156182213,109.04761904761905,-2.606594546425812,-1.2114027635395945
0,t0114_seed7755_no_autostop,7755,57,5419,0.9869565217391304,108.80952380952382,-3.1970227139374083,-1.699052924631143
0,t0114_seed7755_no_autostop,7755,57,5420,0.9869565217391304,108.80952380952382,-2.715293195735675,-1.6714579880911473
0,t0114_seed7755_no_autostop,7755,57,5421,0.9869565217391304,108.80952380952382,-3.104467110112044,-1.625703495173149
0,t0114_seed7755_no_autostop,7755,57,5433,1.0,57.85714285714286,-2.8246662922509724,0.5220036675912063
0,t0114_seed7755_no_autostop,7755,57,5434,1.0,57.85714285714286,-2.7833954603642583,0.5550706135801209
0,t0114_seed7755_no_autostop,7755,57,5442,0.9869281045751634,108.57142857142858,-3.3661298227349277,-1.5526305973384533
0,t0114_seed7755_no_autostop,7755,57,5449,1.0,57.61904761904763,-2.901662713508884,0.501628908105057
0,t0114_seed7755_no_autostop,7755,57,5450,1.0,57.61904761904763,-2.908018509253938,0.49345848146005433
0,t0114_seed7755_no_autostop,7755,57,5470,1.0,57.38095238095238,-2.7908587900834982,0.6078195665811498
0,t0114_seed7755_no_autostop,7755,58,5474,1.0,60.47619047619048,-3.3207030585355697,0.650696614903897
0,t0114_seed7755_no_autostop,7755,58,5475,0.987152034261242,110.47619047619048,-2.668020668360173,-1.5721426756766732
0,t0114_seed7755_no_autostop,7755,58,5476,0.987152034261242,110.47619047619048,-2.1321544086023256,-1.6679854997722323
0,t0114_seed7755_no_autostop,7755,58,5477,1.0,60.47619047619048,-3.1098933442359313,0.5364500324571124
0,t0114_seed7755_no_autostop,7755,58,5480,0.9871244635193133,110.23809523809526,-2.9288201182998965,-1.5484706530512957
0,t0114_seed7755_no_autostop,7755,58,5488,1.0,59.523809523809526,-2.8833114847297914,0.16066092152431152
0,t0114_seed7755_no_autostop,7755,58,5493,0.982832618025751,110.0,-2.9110704349959375,-1.495609140471137
0,t0114_seed7755_no_autostop,7755,58,5495,1.0,59.04761904761906,-2.9474733662310113,0.7135533099357587
0,t0114_seed7755_no_autostop,7755,58,5503,0.978540772532189,109.76190476190476,-2.3147276275295168,-1.3816761063079503
0,t0114_seed7755_no_autostop,7755,58,5511,0.9869848156182213,109.04761904761905,-2.2743713734655433,-1.33617375644553
0,t0114_seed7755_no_autostop,7755,58,5526,0.9826839826839826,109.04761904761905,-2.834994876798155,-1.728865415892403
0,t0114_seed7755_no_autostop,7755,58,5541,0.9869281045751634,108.57142857142858,-3.1094585695651498,-1.4732927692619808
0,t0114_seed7755_no_autostop,7755,58,5553,1.0,58.095238095238095,-2.950758673212499,0.7814311400627654
0,t0114_seed7755_no_autostop,7755,58,5554,1.0,57.85714285714286,-2.989040321418282,0.31242667527516477
0,t0114_seed7755_no_autostop,7755,58,5557,0.9868995633187773,108.33333333333333,-2.938424226594663,-1.791475997743551
0,t0114_seed7755_no_autostop,7755,59,5574,0.9829424307036246,110.71428571428572,-2.088960697051435,-1.7702879813584578
0,t0114_seed7755_no_autostop,7755,59,5577,0.992248062015504,61.1904761904762,-2.781936685823289,0.4511845563477381
0,t0114_seed7755_no_autostop,7755,59,5578,0.987152034261242,110.47619047619048,-2.530920860075176,-1.8443418585021987
0,t0114_seed7755_no_autostop,7755,59,5581,1.0,60.23809523809524,-3.2734145790113467,0.6488336393804641
0,t0114_seed7755_no_autostop,7755,59,5592,0.9870967741935484,110.0,-2.5923219390450005,-1.6699995069676827
0,t0114_seed7755_no_autostop,7755,59,5593,0.9828693790149892,110.23809523809526,-2.6302962349174894,-1.9097225722983897
0,t0114_seed7755_no_autostop,7755,59,5596,1.0,59.28571428571429,-2.829410980231921,0.9352382156610934
0,t0114_seed7755_no_autostop,7755,59,5599,0.9870689655172413,109.76190476190476,-2.781364618674856,-1.7437166133467696
0,t0114_seed7755_no_autostop,7755,59,5605,1.0,59.04761904761906,-2.8677464478124266,1.0834445476581807
0,t0114_seed7755_no_autostop,7755,59,5617,1.0,58.80952380952381,-2.8331552420208217,0.6397348327714233
0,t0114_seed7755_no_autostop,7755,59,5618,1.0,58.80952380952381,-2.916465324924555,0.7515137967354263
0,t0114_seed7755_no_autostop,7755,59,5619,0.9919678714859439,59.04761904761906,-3.0576288931006306,0.8555011407890151
0,t0114_seed7755_no_autostop,7755,59,5623,0.987012987012987,109.28571428571429,-2.366480837939379,-1.3170252648814256
0,t0114_seed7755_no_autostop,7755,59,5624,0.987012987012987,109.28571428571429,-2.5980864202752243,-1.4328197231361397
0,t0114_seed7755_no_autostop,7755,59,5625,0.987012987012987,109.28571428571429,-2.847206626210578,-1.875858606234475
0,t0114_seed7755_no_autostop,7755,59,5626,0.987012987012987,109.28571428571429,-2.553769516944633,-1.5239871759563877
0,t0114_seed7755_no_autostop,7755,59,5635,1.0,58.57142857142858,-2.820808869645904,0.593474920185939
0,t0114_seed7755_no_autostop,7755,59,5642,0.9869848156182213,109.04761904761905,-2.3355767565122494,-1.8748598640183507
0,t0114_seed7755_no_autostop,7755,59,5643,0.9869848156182213,109.04761904761905,-2.681980569241664,-1.8094084147083407
0,t0114_seed7755_no_autostop,7755,59,5644,0.9869848156182213,109.04761904761905,-2.3163250166890186,-1.9076250285979104
0,t0114_seed7755_no_autostop,7755,59,5653,0.9869565217391304,108.80952380952382,-2.721814088026303,-1.2148457032012283
0,t0114_seed7755_no_autostop,7755,60,5664,0.9872611464968153,111.42857142857143,-2.7643314194640864,-1.8591417158091328
0,t0114_seed7755_no_autostop,7755,60,5665,1.0,61.42857142857143,-2.9463114253806735,0.649164325389737
0,t0114_seed7755_no_autostop,7755,60,5668,0.9871794871794872,110.71428571428572,-2.426174973478861,-1.7270557279070997
0,t0114_seed7755_no_autostop,7755,60,5669,0.9871794871794872,110.71428571428572,-2.8446690272612076,-1.3637802835311172
0,t0114_seed7755_no_autostop,7755,60,5687,0.9871244635193133,110.23809523809526,-1.7297798261326245,-1.8350777725586058
0,t0114_seed7755_no_autostop,7755,60,5688,0.9871244635193133,110.23809523809526,-2.406616389765578,-1.5551218494158854
0,t0114_seed7755_no_autostop,7755,60,5689,1.0,59.761904761904766,-2.8554616351938007,0.35949976577215953
0,t0114_seed7755_no_autostop,7755,60,5697,0.9870967741935484,110.0,-2.554787195687469,-1.203883722472157
0,t0114_seed7755_no_autostop,7755,60,5698,0.9870967741935484,110.0,-2.4148134664118963,-2.119121494967749
0,t0114_seed7755_no_autostop,7755,60,5700,1.0,59.523809523809526,-2.639435593970555,0.6180728759370446
0,t0114_seed7755_no_autostop,7755,60,5701,1.0,59.523809523809526,-2.4865323717415024,0.9445495356528634
0,t0114_seed7755_no_autostop,7755,60,5715,0.9870410367170627,109.52380952380953,-2.6132725477033443,-1.3167151357179006
0,t0114_seed7755_no_autostop,7755,60,5719,0.9827956989247311,109.76190476190476,-2.04019883906879,-1.227501354174282
0,t0114_seed7755_no_autostop,7755,60,5748,0.9869848156182213,109.04761904761905,-2.639270526641165,-1.7608269234795046
0,t0114_seed7755_no_autostop,7755,60,5750,0.9784946236559141,109.52380952380953,-2.4962849499962463,-1.411554372132488
0,t0114_seed7755_no_autostop,7755,61,5761,0.9925650557620819,63.80952380952381,-3.2815520674055,0.20745735201773322
0,t0114_seed7755_no_autostop,7755,61,5762,0.9872881355932204,111.66666666666669,-2.6991648320898243,-1.1626975476562296
0,t0114_seed7755_no_autostop,7755,61,5763,1.0,61.90476190476191,-3.0171140616801027,0.7938341496734082
0,t0114_seed7755_no_autostop,7755,61,5764,0.9831223628691982,111.9047619047619,-2.4633283362933165,-1.825623080943868
0,t0114_seed7755_no_autostop,7755,61,5775,1.0,60.952380952380956,-3.100609429745792,0.6577176916395092
0,t0114_seed7755_no_autostop,7755,61,5784,1.0,60.714285714285715,-2.6475336393443847,0.8259610340467984
0,t0114_seed7755_no_autostop,7755,61,5803,0.9828693790149892,110.23809523809526,-2.701635602648668,-1.537807313783194
0,t0114_seed7755_no_autostop,7755,61,5804,0.9870967741935484,110.0,-2.889551684010152,-1.6599465180817303
0,t0114_seed7755_no_autostop,7755,61,5821,0.9870410367170627,109.52380952380953,-2.313748696708661,-1.8678936544838238
0,t0114_seed7755_no_autostop,7755,61,5822,0.9870410367170627,109.52380952380953,-2.367079988597253,-1.3134526019754917
0,t0114_seed7755_no_autostop,7755,61,5823,0.9870410367170627,109.52380952380953,-2.3261092987913323,-1.719305312004572
0,t0114_seed7755_no_autostop,7755,61,5824,0.9870410367170627,109.52380952380953,-2.1465882073326816,-1.4007307973911693
0,t0114_seed7755_no_autostop,7755,61,5835,1.0,59.523809523809526,-2.6582252017804495,0.9363033655689721
0,t0114_seed7755_no_autostop,7755,61,5844,0.987012987012987,109.28571428571429,-2.404759502967473,-1.9744291417021484
0,t0114_seed7755_no_autostop,7755,61,5855,0.9869848156182213,109.04761904761905,-2.831427284834992,-1.634622550175993
0,t0114_seed7755_no_autostop,7755,62,5865,0.9830866807610993,111.66666666666669,-2.41955844588858,-1.585386500333553
0,t0114_seed7755_no_autostop,7755,62,5872,1.0,60.952380952380956,-2.944623269254615,1.0120856613948166
0,t0114_seed7755_no_autostop,7755,62,5882,0.987152034261242,110.47619047619048,-2.450636714044367,-1.7014592422014168
0,t0114_seed7755_no_autostop,7755,62,5892,0.9871244635193133,110.23809523809526,-2.2361447012538136,-1.563940188373746
0,t0114_seed7755_no_autostop,7755,62,5907,0.9828693790149892,110.23809523809526,-1.893914692879647,-1.898921682526147
0,t0114_seed7755_no_autostop,7755,62,5908,0.9870967741935484,110.0,-2.9231857001429407,-1.2995187480187482
0,t0114_seed7755_no_autostop,7755,62,5909,0.9870967741935484,110.0,-2.596085414545036,-1.9922325674455055
0,t0114_seed7755_no_autostop,7755,62,5912,1.0,60.23809523809524,-2.731579559972452,-0.07820197712567792
0,t0114_seed7755_no_autostop,7755,62,5932,0.9870410367170627,109.52380952380953,-2.599679575603702,-1.444094462454511
0,t0114_seed7755_no_autostop,7755,62,5933,0.9870410367170627,109.52380952380953,-2.6805341534821276,-1.2999363814884266
0,t0114_seed7755_no_autostop,7755,62,5947,0.987012987012987,109.28571428571429,-2.4062950692628617,-1.5877758736093042
1,t0115_seed9354_no_autostop,9354,23,2121,0.9090909090909092,25.0,7.718080545286521,10.353437378246168
1,t0115_seed9354_no_autostop,9354,29,2699,0.941747572815534,23.809523809523814,7.9989563674709405,8.930132699241316
1,t0115_seed9354_no_autostop,9354,30,2812,0.7735849056603774,11.190476190476192,9.077113616790276,9.518410888046528
1,t0115_seed9354_no_autostop,9354,32,3001,0.8108108108108109,15.952380952380953,8.181394734073196,7.032019620873825
1,t0115_seed9354_no_autostop,9354,33,3098,0.8969072164948453,21.90476190476191,8.40857453182298,10.364292446127497
1,t0115_seed9354_no_autostop,9354,34,3179,0.9398496240601503,30.714285714285715,7.801645195948473,9.963163502363798
1,t0115_seed9354_no_autostop,9354,34,3199,0.9266055045871558,25.0,7.678420286705082,10.068927694533572
1,t0115_seed9354_no_autostop,9354,34,3221,0.9130434782608696,10.476190476190476,8.986504681734978,8.469786395585887
1,t0115_seed9354_no_autostop,9354,35,3277,0.9508196721311475,28.333333333333332,8.085605153123359,10.335855536752192
1,t0115_seed9354_no_autostop,9354,36,3374,0.9718309859154931,33.333333333333336,7.090591829361032,8.697086612418554
1,t0115_seed9354_no_autostop,9354,36,3375,0.949044585987261,36.42857142857143,7.878891950556162,8.215111372673645
1,t0115_seed9354_no_autostop,9354,36,3393,0.8875,35.952380952380956,8.240172603489066,9.335452464626785
1,t0115_seed9354_no_autostop,9354,36,3416,0.9248120300751881,30.476190476190478,8.623474382459426,9.249042567654902
1,t0115_seed9354_no_autostop,9354,37,3467,0.8324022346368715,39.04761904761905,8.260719425739188,9.362929262826276
1,t0115_seed9354_no_autostop,9354,37,3511,0.9389312977099236,30.23809523809524,7.951157031001192,9.756818820950425
1,t0115_seed9354_no_autostop,9354,37,3513,0.8356164383561644,31.904761904761905,7.3064571765834865,10.566364283947625
1,t0115_seed9354_no_autostop,9354,37,3530,0.9359999999999999,28.809523809523814,8.340951832270353,8.199391355298486
1,t0115_seed9354_no_autostop,9354,37,3541,0.9322033898305083,27.142857142857146,8.39046821114883,9.84548347186213
1,t0115_seed9354_no_autostop,9354,37,3544,0.9200000000000002,28.571428571428573,8.161421903663282,9.264731767905419
1,t0115_seed9354_no_autostop,9354,38,3575,0.958041958041958,33.333333333333336,8.945690979154872,8.556498042177333
1,t0115_seed9354_no_autostop,9354,38,3603,0.952755905511811,29.52380952380953,8.162019998665341,8.868100319779867
1,t0115_seed9354_no_autostop,9354,39,3661,0.9720279720279721,33.57142857142858,8.623118302469043,9.274608288537856
1,t0115_seed9354_no_autostop,9354,39,3673,0.92,34.285714285714285,7.3875576641412914,10.347433418817552
1,t0115_seed9354_no_autostop,9354,39,3732,0.9548872180451128,30.952380952380956,8.236697106520554,9.342470776231492
1,t0115_seed9354_no_autostop,9354,39,3737,0.8309859154929577,30.952380952380956,8.498437842323888,9.827047573694019
1,t0115_seed9354_no_autostop,9354,41,3893,0.9054054054054053,33.57142857142858,8.582209793963587,9.687870962157733
1,t0115_seed9354_no_autostop,9354,42,3948,0.7899159663865546,50.714285714285715,7.601805915463637,8.878920036444418
1,t0115_seed9354_no_autostop,9354,42,3949,0.9602649006622517,35.23809523809524,7.861154202052686,8.897203366594876
1,t0115_seed9354_no_autostop,9354,42,3968,0.75,46.666666666666664,6.746923943324625,6.648154784420361
1,t0115_seed9354_no_autostop,9354,43,4044,0.9797979797979797,23.333333333333332,7.148823781272982,8.80752396635434
1,t0115_seed9354_no_autostop,9354,43,4046,1.0,11.666666666666666,8.284398501580844,9.392834127024063
1,t0115_seed9354_no_autostop,9354,44,4143,0.8750000000000001,39.285714285714285,8.375219581880058,8.970739810829397
1,t0115_seed9354_no_autostop,9354,44,4145,1.0,19.761904761904763,8.659110963927557,7.5987513528488
1,t0115_seed9354_no_autostop,9354,44,4175,0.8823529411764706,34.285714285714285,7.665782012433855,8.935246463103711
1,t0115_seed9354_no_autostop,9354,44,4196,0.9264705882352943,31.19047619047619,7.699942882635576,9.320534040433039
1,t0115_seed9354_no_autostop,9354,45,4240,0.9814814814814814,25.476190476190474,6.782792907541743,9.04792585230316
1,t0115_seed9354_no_autostop,9354,45,4258,1.0,19.28571428571429,7.725873376362487,9.699067424926847
1,t0115_seed9354_no_autostop,9354,46,4362,0.9663865546218489,27.857142857142858,8.023989422030787,9.635610547976782
1,t0115_seed9354_no_autostop,9354,46,4382,0.724867724867725,38.80952380952381,8.41651851786142,8.842823236670379
1,t0115_seed9354_no_autostop,9354,46,4391,0.9611650485436894,24.047619047619047,8.193021536913196,9.93217227919919
1,t0115_seed9354_no_autostop,9354,46,4396,0.881578947368421,34.04761904761905,7.054530220298546,8.380636844339975
1,t0115_seed9354_no_autostop,9354,47,4481,1.0,17.38095238095238,6.4484839615321325,9.24647139958792
1,t0115_seed9354_no_autostop,9354,47,4484,0.9775280898876405,20.952380952380953,7.150705232833789,8.777949724005119
1,t0115_seed9354_no_autostop,9354,47,4501,0.9436619718309858,32.85714285714286,8.236210884774827,8.824883300825425
1,t0115_seed9354_no_autostop,9354,47,4503,0.9041095890410958,33.0952380952381,7.389336122053948,8.178616929226816
1,t0115_seed9354_no_autostop,9354,49,4625,0.8913043478260869,41.42857142857143,7.263010368617161,8.695452015232867
1,t0115_seed9354_no_autostop,9354,50,4721,0.9141104294478527,37.142857142857146,8.072924926933746,9.532426300988947
1,t0115_seed9354_no_autostop,9354,50,4753,0.9672131147540984,28.571428571428573,8.685984016120624,10.403566200622006
1,t0115_seed9354_no_autostop,9354,51,4818,0.9735099337748345,35.476190476190474,8.076408801084751,7.946383074954242
1,t0115_seed9354_no_autostop,9354,51,4831,0.7777777777777778,40.0,6.686907062303755,8.182936052517096
1,t0115_seed9354_no_autostop,9354,51,4881,0.7696969696969697,34.76190476190476,8.029772060778276,8.105910049766438
1,t0115_seed9354_no_autostop,9354,52,4914,0.9390243902439025,37.85714285714286,8.042101059027825,9.304667925427763
1,t0115_seed9354_no_autostop,9354,52,4948,0.7345132743362832,46.666666666666664,6.244626302359558,6.124637745660898
1,t0115_seed9354_no_autostop,9354,53,5011,0.9493670886075949,36.66666666666667,7.152252417983156,8.710705314679215
1,t0115_seed9354_no_autostop,9354,53,5013,0.9166666666666666,38.333333333333336,8.830791561472315,9.474863426300315
1,t0115_seed9354_no_autostop,9354,53,5018,0.7889447236180904,42.38095238095239,7.058246721249417,8.947651271920405
1,t0115_seed9354_no_autostop,9354,53,5044,0.915151515151515,37.61904761904762,7.777426692733369,8.92310161279382
1,t0115_seed9354_no_autostop,9354,53,5070,0.9586206896551724,33.80952380952381,7.587989866744965,8.801181217082641
1,t0115_seed9354_no_autostop,9354,54,5109,0.9833333333333332,28.333333333333332,7.25690785089947,10.04803960330262
1,t0115_seed9354_no_autostop,9354,54,5166,0.9718309859154931,33.333333333333336,7.017038961988375,8.809549031451214
1,t0115_seed9354_no_autostop,9354,55,5206,0.8391959798994975,43.57142857142858,7.808678028709566,8.875559434744941
1,t0115_seed9354_no_autostop,9354,55,5231,0.9722222222222223,33.80952380952381,6.507107117313868,9.183280187098086
1,t0115_seed9354_no_autostop,9354,55,5275,1.0,12.380952380952381,7.400550075161534,10.212100080125445
