angle_deg,synapse_index,onset_time_ms
0,0,111.9950
0,1,102.6800
0,2,100.0700
0,3,100.0000
0,4,103.0600
0,5,100.0000
0,6,111.7400
0,7,112.1300
0,8,113.2250
0,9,100.0000
0,10,103.7450
0,11,100.0450
0,12,100.0000
0,13,100.0000
0,14,112.2850
0,15,100.0000
0,16,100.5500
0,17,116.0550
0,18,108.2600
0,19,121.8750
0,20,100.0000
0,21,101.0600
0,22,118.8750
0,23,113.3950
0,24,116.2600
0,25,111.5400
0,26,100.0000
0,27,100.0000
0,28,110.1000
0,29,109.6450
0,30,107.9850
0,31,106.5350
0,32,100.0000
0,33,107.4200
0,34,109.3000
0,35,110.9650
0,36,122.1700
0,37,100.0000
0,38,100.0000
0,39,113.2050
0,40,100.0550
0,41,109.2200
0,42,105.0100
0,43,108.6250
0,44,104.0300
0,45,100.0000
0,46,100.0000
0,47,113.6200
0,48,100.0000
0,49,102.7400
0,50,116.2200
0,51,100.0000
0,52,100.0000
0,53,111.3350
0,54,108.3400
0,55,100.0000
0,56,130.8650
0,57,100.9950
0,58,100.0000
0,59,106.2250
0,60,112.2550
0,61,102.9000
0,62,100.0000
0,63,100.3800
0,64,108.3950
0,65,119.3500
0,66,100.0000
0,67,100.0000
0,68,117.6050
0,69,100.3250
0,70,113.7700
0,71,100.0000
0,72,133.7550
0,73,100.0000
0,74,107.4700
0,75,124.1050
0,76,112.5050
0,77,100.0000
0,78,100.0000
0,79,119.4300
0,80,104.7300
0,81,109.3500
0,82,111.2250
0,83,115.6950
0,84,120.8750
0,85,117.7350
0,86,104.8350
0,87,100.0000
0,88,100.0000
0,89,111.6150
0,90,100.0000
0,91,100.0000
0,92,100.0000
0,93,100.4750
0,94,100.0000
0,95,100.0000
0,96,100.0000
0,97,100.0000
0,98,100.0000
0,99,102.6600
30,0,110.6730
30,1,101.8459
30,2,113.8556
30,3,100.3847
30,4,100.0000
30,5,100.0000
30,6,110.4471
30,7,108.0499
30,8,104.9807
30,9,100.0000
30,10,100.0000
30,11,100.1165
30,12,100.0000
30,13,110.7925
30,14,108.2216
30,15,103.2447
30,16,100.0000
30,17,107.6140
30,18,117.5059
30,19,123.2318
30,20,108.4063
30,21,107.1630
30,22,122.9087
30,23,108.7754
30,24,112.3616
30,25,118.0739
30,26,100.0000
30,27,100.0000
30,28,110.8394
30,29,108.5153
30,30,109.1902
30,31,108.3045
30,32,100.1265
30,33,103.5409
30,34,102.9240
30,35,121.5985
30,36,119.2723
30,37,100.0000
30,38,100.0000
30,39,119.2159
30,40,100.0451
30,41,115.8898
30,42,103.8963
30,43,111.1495
30,44,103.7526
30,45,100.0000
30,46,100.0000
30,47,114.1903
30,48,107.9215
30,49,100.0000
30,50,101.5744
30,51,100.0000
30,52,100.0000
30,53,127.7864
30,54,111.0477
30,55,104.1544
30,56,126.8774
30,57,100.0000
30,58,100.0000
30,59,122.0985
30,60,112.9056
30,61,117.9040
30,62,108.2413
30,63,100.0000
30,64,117.2578
30,65,123.1276
30,66,108.2918
30,67,100.0000
30,68,123.0014
30,69,105.9190
30,70,116.6427
30,71,100.0000
30,72,132.5202
30,73,100.0000
30,74,104.6317
30,75,124.5330
30,76,112.0521
30,77,100.0000
30,78,100.0000
30,79,116.4794
30,80,100.0000
30,81,107.2673
30,82,105.7486
30,83,101.9823
30,84,122.4733
30,85,111.4265
30,86,101.9147
30,87,100.0000
30,88,104.9295
30,89,107.5964
30,90,100.0000
30,91,100.0000
30,92,100.0000
30,93,100.0000
30,94,100.0000
30,95,100.0000
30,96,102.5605
30,97,100.0000
30,98,100.0000
30,99,100.0000
60,0,106.4911
60,1,100.5173
60,2,123.9286
60,3,106.2064
60,4,100.0000
60,5,100.0000
60,6,106.3550
60,7,101.8128
60,8,100.0000
60,9,100.0000
60,10,100.0000
60,11,100.1567
60,12,100.0000
60,13,120.5031
60,14,101.9553
60,15,114.9849
60,16,100.0000
60,17,100.0000
60,18,122.0611
60,19,118.3637
60,20,117.1452
60,21,111.3467
60,22,120.8041
60,23,101.8045
60,24,105.1509
60,25,119.7650
60,26,100.0000
60,27,100.0000
60,28,108.6743
60,29,105.1040
60,30,107.9329
60,31,107.8488
60,32,105.8840
60,33,100.0000
60,34,100.0000
60,35,126.4446
60,36,111.2106
60,37,100.0000
60,38,100.0000
60,39,120.0779
60,40,100.0232
60,41,118.3019
60,42,101.7386
60,43,110.6864
60,44,102.4697
60,45,100.0000
60,46,104.0718
60,47,110.9583
60,48,115.2804
60,49,100.0000
60,50,100.0000
60,51,100.1910
60,52,100.0000
60,53,136.7925
60,54,110.7951
60,55,114.3006
60,56,115.6880
60,57,100.0000
60,58,102.7402
60,59,132.0507
60,60,110.0982
60,61,128.1106
60,62,114.4894
60,63,100.0000
60,64,121.4964
60,65,120.7082
60,66,120.7568
60,67,100.0000
60,68,122.2346
60,69,109.9269
60,70,115.0559
60,71,100.0000
60,72,122.5716
60,73,100.0000
60,74,100.5524
60,75,118.3875
60,76,108.3699
60,77,100.0000
60,78,100.0000
60,79,109.1131
60,80,100.0000
60,81,103.2374
60,82,100.0000
60,83,100.0000
60,84,118.0499
60,85,102.0562
60,86,100.0000
60,87,100.0000
60,88,111.2032
60,89,101.5423
60,90,100.0000
60,91,100.0000
60,92,103.9921
60,93,100.0000
60,94,100.0000
60,95,100.0000
60,96,112.4248
60,97,100.0000
60,98,100.0000
60,99,100.0000
90,0,100.5700
90,1,100.0000
90,2,127.5900
90,3,110.3650
90,4,100.0000
90,5,100.0000
90,6,100.5600
90,7,100.0000
90,8,100.0000
90,9,100.0000
90,10,100.0000
90,11,100.1550
90,12,100.0000
90,13,124.7200
90,14,100.0000
90,15,122.7100
90,16,100.0000
90,17,100.0000
90,18,120.7050
90,19,108.5750
90,20,121.2900
90,21,112.4900
90,22,113.1250
90,23,100.0000
90,24,100.0000
90,25,116.1600
90,26,100.0000
90,27,100.0000
90,28,104.1850
90,29,100.3250
90,30,104.5500
90,31,105.2900
90,32,110.0650
90,33,100.0000
90,34,100.0000
90,35,124.2050
90,36,100.1450
90,37,100.0000
90,38,100.0000
90,39,115.5600
90,40,100.0000
90,41,115.8100
90,42,100.0000
90,43,107.3600
90,44,100.5250
90,45,100.0000
90,46,108.4400
90,47,104.7900
90,48,118.5450
90,49,100.0000
90,50,100.0000
90,51,102.1200
90,52,100.0000
90,53,135.9400
90,54,107.6500
90,55,120.6150
90,56,100.2950
90,57,100.0000
90,58,108.2650
90,59,133.4150
90,60,104.5850
90,61,130.7850
90,62,116.8550
90,63,100.0000
90,64,119.9750
90,65,112.7400
90,66,127.6600
90,67,100.0000
90,68,115.5100
90,69,111.2750
90,70,109.4350
90,71,100.0000
90,72,106.5750
90,73,100.0000
90,74,100.0000
90,75,107.3150
90,76,102.4450
90,77,100.0000
90,78,100.0000
90,79,100.0000
90,80,100.0000
90,81,100.0000
90,82,100.0000
90,83,100.0000
90,84,108.7900
90,85,100.0000
90,86,100.0000
90,87,100.0000
90,88,114.4750
90,89,100.0000
90,90,100.0000
90,91,100.0000
90,92,108.1200
90,93,100.0000
90,94,100.0000
90,95,100.0000
90,96,118.9600
90,97,100.0000
90,98,100.0000
90,99,100.0000
120,0,100.0000
120,1,100.0000
120,2,123.8586
120,3,111.7464
120,4,100.0000
120,5,100.0000
120,6,100.0000
120,7,100.0000
120,8,100.0000
120,9,100.0000
120,10,100.0000
120,11,100.1117
120,12,100.0000
120,13,122.3131
120,14,100.0000
120,15,124.3499
120,16,100.0000
120,17,100.0000
120,18,113.8011
120,19,100.0000
120,20,119.7302
120,21,110.2867
120,22,101.9291
120,23,100.0000
120,24,100.0000
120,25,108.2250
120,26,101.7983
120,27,100.0000
120,28,100.0000
120,29,100.0000
120,30,100.0000
120,31,101.3138
120,32,111.5490
120,33,100.0000
120,34,100.0000
120,35,115.4796
120,36,100.0000
120,37,100.0000
120,38,100.0000
120,39,106.8729
120,40,100.0000
120,41,109.0819
120,42,100.0000
120,43,102.0614
120,44,100.0000
120,45,100.0000
120,46,110.5468
120,47,100.0000
120,48,116.8404
120,49,100.0000
120,50,100.0000
120,51,103.4810
120,52,100.0000
120,53,125.4575
120,54,102.4551
120,55,121.4056
120,56,100.0000
120,57,100.0000
120,58,111.5752
120,59,125.8257
120,60,100.0000
120,61,125.2106
120,62,114.7044
120,63,100.0000
120,64,113.1014
120,65,101.3582
120,66,127.1518
120,67,100.0000
120,68,104.6296
120,69,109.6019
120,70,101.2859
120,71,100.0000
120,72,100.0000
120,73,100.0000
120,74,100.0000
120,75,100.0000
120,76,100.0000
120,77,100.0540
120,78,100.0000
120,79,100.0000
120,80,100.0000
120,81,100.0000
120,82,100.0000
120,83,100.0000
120,84,100.0000
120,85,100.0000
120,86,100.0000
120,87,100.0000
120,88,113.8682
120,89,100.0000
120,90,100.0000
120,91,100.0000
120,92,110.0721
120,93,100.0000
120,94,100.0000
120,95,100.0000
120,96,120.4148
120,97,100.0000
120,98,100.0000
120,99,100.0000
150,0,100.0000
150,1,100.0000
150,2,113.7344
150,3,109.9803
150,4,100.0000
150,5,100.0000
150,6,100.0000
150,7,100.0000
150,8,100.0000
150,9,100.4737
150,10,100.0000
150,11,100.0385
150,12,100.0000
150,13,113.9275
150,14,100.0000
150,15,119.4653
150,16,100.0000
150,17,100.0000
150,18,103.1991
150,19,100.0000
150,20,112.8837
150,21,105.3270
150,22,100.0000
150,23,100.0000
150,24,100.0000
150,25,100.0000
150,26,104.3147
150,27,101.0766
150,28,100.0000
150,29,100.0000
150,30,100.0000
150,31,100.0000
150,32,109.9385
150,33,100.0000
150,34,100.0000
150,35,102.6065
150,36,100.0000
150,37,100.0000
150,38,100.4145
150,39,100.0000
150,40,100.0000
150,41,100.0000
150,42,100.0000
150,43,100.0000
150,44,100.0000
150,45,100.0000
150,46,109.8275
150,47,100.0000
150,48,110.6235
150,49,100.0000
150,50,100.0000
150,51,103.9092
150,52,100.0000
150,53,108.1536
150,54,100.0000
150,55,116.4606
150,56,100.0000
150,57,100.0000
150,58,111.7838
150,59,111.3165
150,60,100.0000
150,61,112.8810
150,62,108.6137
150,63,100.0000
150,64,102.7172
150,65,100.0000
150,66,119.3682
150,67,104.9283
150,68,100.0000
150,69,105.3560
150,70,100.0000
150,71,100.0000
150,72,100.0000
150,73,100.6536
150,74,100.0000
150,75,100.0000
150,76,100.0000
150,77,102.4185
150,78,100.1890
150,79,100.0000
150,80,100.0000
150,81,100.0000
150,82,100.0000
150,83,100.0000
150,84,100.0000
150,85,100.0000
150,86,100.0000
150,87,100.0483
150,88,109.5455
150,89,100.0000
150,90,100.0000
150,91,100.0000
150,92,109.3254
150,93,100.0000
150,94,101.0494
150,95,100.0000
150,96,116.3995
150,97,100.0000
150,98,100.0000
150,99,100.0000
180,0,100.0000
180,1,100.0000
180,2,100.0000
180,3,105.5400
180,4,100.0000
180,5,101.7650
180,6,100.0000
180,7,100.0000
180,8,100.0000
180,9,103.2750
180,10,100.0000
180,11,100.0000
180,12,106.0600
180,13,101.8100
180,14,100.0000
180,15,109.3650
180,16,100.0000
180,17,100.0000
180,18,100.0000
180,19,100.0000
180,20,102.5850
180,21,100.0000
180,22,100.0000
180,23,100.0000
180,24,100.0000
180,25,100.0000
180,26,105.6750
180,27,105.8100
180,28,100.0000
180,29,100.0000
180,30,100.0000
180,31,100.0000
180,32,105.6650
180,33,100.0000
180,34,100.0000
180,35,100.0000
180,36,100.0000
180,37,102.5600
180,38,102.8400
180,39,100.0000
180,40,100.0000
180,41,100.0000
180,42,100.0000
180,43,100.0000
180,44,100.0000
180,45,102.1900
180,46,106.4750
180,47,100.0000
180,48,101.5600
180,49,100.0000
180,50,100.0000
180,51,103.2900
180,52,100.2300
180,53,100.0000
180,54,100.0000
180,55,107.1050
180,56,100.0000
180,57,100.0000
180,58,108.8350
180,59,100.0000
180,60,100.0000
180,61,100.0000
180,62,100.2150
180,63,100.0000
180,64,100.0000
180,65,100.0000
180,66,106.3950
180,67,109.8650
180,68,100.0000
180,69,100.0000
180,70,100.0000
180,71,107.9500
180,72,100.0000
180,73,104.0600
180,74,100.0000
180,75,100.0000
180,76,100.0000
180,77,104.1350
180,78,101.2950
180,79,100.0000
180,80,100.0000
180,81,100.0000
180,82,100.0000
180,83,100.0000
180,84,100.0000
180,85,100.0000
180,86,100.0000
180,87,101.3750
180,88,102.6650
180,89,100.0000
180,90,108.2650
180,91,105.3800
180,92,106.0800
180,93,100.0000
180,94,105.9200
180,95,102.5400
180,96,107.9900
180,97,103.4050
180,98,102.4850
180,99,100.0000
210,0,100.0000
210,1,100.0000
210,2,100.0000
210,3,100.0000
210,4,108.6150
210,5,110.8260
210,6,100.0000
210,7,100.0000
210,8,100.0000
210,9,105.1987
210,10,109.3842
210,11,100.0000
210,12,111.2106
210,13,100.0000
210,14,100.0000
210,15,100.0000
210,16,101.8887
210,17,100.0000
210,18,100.0000
210,19,100.0000
210,20,100.0000
210,21,100.0000
210,22,100.0000
210,23,100.0000
210,24,100.0000
210,25,100.0000
210,26,105.5147
210,27,108.9866
210,28,100.0000
210,29,100.0000
210,30,100.0000
210,31,100.0000
210,32,100.0000
210,33,100.0000
210,34,100.0000
210,35,100.0000
210,36,100.0000
210,37,108.2695
210,38,104.5045
210,39,100.0000
210,40,100.0000
210,41,100.0000
210,42,100.0000
210,43,100.0000
210,44,100.0000
210,45,108.3266
210,46,101.3875
210,47,100.0000
210,48,100.0000
210,49,109.8171
210,50,100.0000
210,51,101.7892
210,52,102.0717
210,53,100.0000
210,54,100.0000
210,55,100.0000
210,56,100.0000
210,57,107.2608
210,58,103.5188
210,59,100.0000
210,60,100.0000
210,61,100.0000
210,62,100.0000
210,63,100.3359
210,64,100.0000
210,65,100.0000
210,66,100.0000
210,67,112.1583
210,68,100.0000
210,69,100.0000
210,70,100.0000
210,71,119.7999
210,72,100.0000
210,73,106.3786
210,74,100.0000
210,75,100.0000
210,76,100.0000
210,77,104.7435
210,78,102.0540
210,79,100.0000
210,80,102.8437
210,81,100.0000
210,82,100.0000
210,83,100.0000
210,84,100.0000
210,85,100.0000
210,86,100.0000
210,87,102.3333
210,88,100.0000
210,89,100.0000
210,90,120.1302
210,91,109.4292
210,92,101.2054
210,93,101.9261
210,94,109.2044
210,95,106.2672
210,96,100.0000
210,97,108.1488
210,98,108.2821
210,99,113.5139
240,0,100.0000
240,1,100.0000
240,2,100.0000
240,3,100.0000
240,4,117.9816
240,5,116.9862
240,6,100.0000
240,7,100.0000
240,8,104.5982
240,9,105.7295
240,10,119.9990
240,11,100.0000
240,12,113.3574
240,13,100.0000
240,14,100.0000
240,15,100.0000
240,16,103.8213
240,17,102.8671
240,18,100.0000
240,19,100.0000
240,20,100.0000
240,21,100.0000
240,22,100.0000
240,23,100.0000
240,24,100.0000
240,25,100.0000
240,26,103.8767
240,27,109.7553
240,28,100.0000
240,29,100.0000
240,30,100.0000
240,31,100.0000
240,32,100.0000
240,33,101.2870
240,34,104.2354
240,35,100.0000
240,36,100.0000
240,37,111.7632
240,38,104.9620
240,39,100.0000
240,40,100.0000
240,41,100.0000
240,42,100.0000
240,43,100.0000
240,44,100.0000
240,45,112.2321
240,46,100.0000
240,47,100.0000
240,48,100.0000
240,49,119.7437
240,50,113.4930
240,51,100.0000
240,52,103.3583
240,53,100.0000
240,54,100.0000
240,55,100.0000
240,56,100.0000
240,57,113.5711
240,58,100.0000
240,59,100.0000
240,60,100.0000
240,61,100.0000
240,62,100.0000
240,63,100.9618
240,64,100.0000
240,65,100.0000
240,66,100.0000
240,67,111.1939
240,68,100.0000
240,69,100.0000
240,70,100.0000
240,71,126.3444
240,72,100.0000
240,73,106.9880
240,74,100.0000
240,75,100.0000
240,76,100.0000
240,77,104.0810
240,78,102.2626
240,79,100.0000
240,80,109.6554
240,81,100.0000
240,82,101.2681
240,83,112.2616
240,84,100.0000
240,85,100.0000
240,86,101.5186
240,87,102.6664
240,88,100.0000
240,89,100.0000
240,90,126.6015
240,91,110.9519
240,92,100.0000
240,93,103.8112
240,94,110.0224
240,95,108.3151
240,96,100.0000
240,97,110.7092
240,98,111.8600
240,99,126.0667
270,0,100.0000
270,1,100.9500
270,2,100.0000
270,3,100.0000
270,4,122.5300
270,5,118.5950
270,6,100.0000
270,7,104.9100
270,8,112.9450
270,9,104.7250
270,10,125.2550
270,11,100.0000
270,12,111.9250
270,13,100.0000
270,14,104.8350
270,15,100.0000
270,16,104.7300
270,17,112.5800
270,18,100.0000
270,19,100.0000
270,20,100.0000
270,21,100.0000
270,22,100.0000
270,23,105.6500
270,24,103.4400
270,25,100.0000
270,26,101.2000
270,27,107.9100
270,28,100.0000
270,29,100.0000
270,30,100.0000
270,31,100.0000
270,32,100.0000
270,33,105.7700
270,34,110.2600
270,35,100.0000
270,36,100.0000
270,37,112.1050
270,38,104.0900
270,39,100.0000
270,40,100.0050
270,41,100.0000
270,42,100.8850
270,43,100.0000
270,44,100.0000
270,45,112.8600
270,46,100.0000
270,47,100.0000
270,48,100.0000
270,49,124.3800
270,50,124.9450
270,51,100.0000
270,52,103.7450
270,53,100.0000
270,54,100.0000
270,55,100.0000
270,56,100.0000
270,57,116.2450
270,58,100.0000
270,59,100.0000
270,60,100.0000
270,61,100.0000
270,62,100.0000
270,63,101.3300
270,64,100.0000
270,65,100.0000
270,66,100.0000
270,67,107.2300
270,68,100.0000
270,69,100.0000
270,70,100.0000
270,71,125.8300
270,72,100.0000
270,73,105.7250
270,74,103.6750
270,75,100.0000
270,76,100.0000
270,77,102.3250
270,78,101.8650
270,79,100.6950
270,80,113.8800
270,81,101.6600
270,82,107.9450
270,83,123.2200
270,84,100.0000
270,85,107.8650
270,86,104.5450
270,87,102.2850
270,88,100.0000
270,89,104.9250
270,90,125.9450
270,91,109.5400
270,92,100.0000
270,93,104.6750
270,94,108.1550
270,95,108.1350
270,96,100.0000
270,97,110.4000
270,98,112.2600
270,99,131.6350
300,0,105.5039
300,1,102.1627
300,2,100.0000
300,3,100.0000
300,4,121.0416
300,5,115.2212
300,6,105.3850
300,7,110.3172
300,8,117.8232
300,9,102.4545
300,10,123.7440
300,11,100.0000
300,12,107.2974
300,13,100.0000
300,14,110.3297
300,15,100.0000
300,16,104.3713
300,17,118.9221
300,18,100.0000
300,19,103.5113
300,20,100.0000
300,21,100.0000
300,22,100.0000
300,23,111.5905
300,24,111.1091
300,25,100.0000
300,26,100.0000
300,27,103.9453
300,28,101.4257
300,29,104.5410
300,30,100.0521
300,31,100.0000
300,32,100.0000
300,33,108.7070
300,34,113.5354
300,35,100.0000
300,36,110.9594
300,37,109.2032
300,38,102.1220
300,39,100.0000
300,40,100.0318
300,41,100.0000
300,42,103.2714
300,43,100.0000
300,44,101.5603
300,45,110.0421
300,46,100.0000
300,47,102.6617
300,48,100.0000
300,49,122.4837
300,50,129.7130
300,51,100.0000
300,52,103.1283
300,53,100.0000
300,54,100.0000
300,55,100.0000
300,56,115.1770
300,57,114.5661
300,58,100.0000
300,59,100.0000
300,60,102.1568
300,61,100.0000
300,62,100.0000
300,63,101.3418
300,64,100.0000
300,65,100.0000
300,66,100.0000
300,67,101.3289
300,68,100.0000
300,69,100.0000
300,70,100.0000
300,71,118.3944
300,72,111.1834
300,73,102.9280
300,74,106.9176
300,75,105.7175
300,76,104.1351
300,77,100.0000
300,78,100.9676
300,79,110.3169
300,80,114.3854
300,81,106.1126
300,82,112.4931
300,83,127.9566
300,84,102.8251
300,85,115.6788
300,86,106.3536
300,87,101.2914
300,88,100.0000
300,89,110.0727
300,90,118.3365
300,91,105.5719
300,92,100.0000
300,93,104.2862
300,94,104.1024
300,95,105.7751
300,96,100.0000
300,97,107.3042
300,98,109.3750
300,99,128.7267
330,0,110.1030
330,1,102.7959
330,2,100.0000
330,3,100.0000
330,4,113.9150
330,5,107.7690
330,6,109.8871
330,7,112.9599
330,8,117.9257
330,9,100.0000
330,10,115.8708
330,11,100.0000
330,12,100.7144
330,13,100.0000
330,14,113.0566
330,15,100.0000
330,16,102.8413
330,17,120.1940
330,18,100.0000
330,19,114.6568
330,20,100.0000
330,21,100.0000
330,22,109.7837
330,23,114.4254
330,24,115.8016
330,25,101.9139
330,26,100.0000
330,27,100.0000
330,28,106.6544
330,29,108.1903
330,30,104.6402
330,31,103.0145
330,32,100.0000
330,33,109.3109
330,34,113.1840
330,35,100.0000
330,36,119.1273
330,37,103.8355
330,38,100.0000
330,39,103.6559
330,40,100.0501
330,41,100.0798
330,42,104.7813
330,43,103.7895
330,44,103.2276
330,45,104.5334
330,46,100.0000
330,47,109.4003
330,48,100.0000
330,49,114.5629
330,50,126.5194
330,51,100.0000
330,52,101.6733
330,53,100.0000
330,54,103.3977
330,55,100.0000
330,56,126.5824
330,57,108.9842
330,58,100.0000
330,59,100.0000
330,60,108.3206
330,61,100.0000
330,62,100.0000
330,63,100.9941
330,64,100.0000
330,65,110.3876
330,66,100.0000
330,67,100.0000
330,68,107.4914
330,69,100.0000
330,70,107.2077
330,71,106.0301
330,72,125.9452
330,73,100.0000
330,74,108.3067
330,75,117.2180
330,76,109.6071
330,77,100.0000
330,78,100.0000
330,79,117.1744
330,80,111.0363
330,81,108.9273
330,82,113.6936
330,83,125.2023
330,84,113.6833
330,85,119.2915
330,86,106.4597
330,87,100.0000
330,88,100.0000
330,89,112.5214
330,90,105.8148
330,91,100.1108
330,92,100.0000
330,93,102.7489
330,94,100.0000
330,95,101.8678
330,96,100.0000
330,97,102.2512
330,98,103.9779
330,99,118.1211
