v_rest_mv,trial,direction_deg,spike_count,peak_mv,firing_rate_hz
-90.0,0,0,1,36.535,1.000000
-90.0,1,0,1,38.238,1.000000
-90.0,2,0,2,36.950,2.000000
-90.0,3,0,1,36.286,1.000000
-90.0,4,0,1,35.775,1.000000
-90.0,5,0,1,37.065,1.000000
-90.0,6,0,2,37.324,2.000000
-90.0,7,0,1,36.486,1.000000
-90.0,8,0,3,37.496,3.000000
-90.0,9,0,2,37.627,2.000000
-90.0,0,30,2,36.737,2.000000
-90.0,1,30,1,36.266,1.000000
-90.0,2,30,3,37.494,3.000000
-90.0,3,30,1,35.487,1.000000
-90.0,4,30,1,36.775,1.000000
-90.0,5,30,1,34.614,1.000000
-90.0,6,30,1,36.306,1.000000
-90.0,7,30,2,35.820,2.000000
-90.0,8,30,0,-49.020,0.000000
-90.0,9,30,2,36.744,2.000000
-90.0,0,60,0,-49.451,0.000000
-90.0,1,60,2,36.343,2.000000
-90.0,2,60,0,-47.739,0.000000
-90.0,3,60,2,36.682,2.000000
-90.0,4,60,0,-45.545,0.000000
-90.0,5,60,1,35.397,1.000000
-90.0,6,60,1,36.206,1.000000
-90.0,7,60,0,-49.774,0.000000
-90.0,8,60,1,34.771,1.000000
-90.0,9,60,0,-49.206,0.000000
-90.0,0,90,0,-50.097,0.000000
-90.0,1,90,0,-48.927,0.000000
-90.0,2,90,0,-52.789,0.000000
-90.0,3,90,1,35.027,1.000000
-90.0,4,90,1,34.924,1.000000
-90.0,5,90,0,-54.676,0.000000
-90.0,6,90,0,-51.748,0.000000
-90.0,7,90,0,-48.571,0.000000
-90.0,8,90,0,-45.684,0.000000
-90.0,9,90,0,-55.463,0.000000
-90.0,0,120,0,-49.834,0.000000
-90.0,1,120,0,-52.467,0.000000
-90.0,2,120,0,-50.544,0.000000
-90.0,3,120,0,-53.822,0.000000
-90.0,4,120,0,-56.184,0.000000
-90.0,5,120,0,-54.049,0.000000
-90.0,6,120,0,-51.723,0.000000
-90.0,7,120,0,-54.876,0.000000
-90.0,8,120,0,-54.506,0.000000
-90.0,9,120,0,-55.817,0.000000
-90.0,0,150,0,-54.314,0.000000
-90.0,1,150,0,-57.064,0.000000
-90.0,2,150,0,-52.110,0.000000
-90.0,3,150,0,-57.136,0.000000
-90.0,4,150,0,-52.810,0.000000
-90.0,5,150,0,-58.039,0.000000
-90.0,6,150,0,-57.140,0.000000
-90.0,7,150,0,-54.562,0.000000
-90.0,8,150,0,-52.282,0.000000
-90.0,9,150,0,-53.725,0.000000
-90.0,0,180,0,-55.263,0.000000
-90.0,1,180,0,-56.164,0.000000
-90.0,2,180,0,-58.531,0.000000
-90.0,3,180,0,-58.775,0.000000
-90.0,4,180,0,-52.963,0.000000
-90.0,5,180,0,-52.818,0.000000
-90.0,6,180,0,-54.075,0.000000
-90.0,7,180,0,-54.048,0.000000
-90.0,8,180,0,-56.982,0.000000
-90.0,9,180,0,-52.131,0.000000
-90.0,0,210,0,-53.638,0.000000
-90.0,1,210,0,-57.327,0.000000
-90.0,2,210,0,-54.390,0.000000
-90.0,3,210,0,-47.920,0.000000
-90.0,4,210,0,-53.390,0.000000
-90.0,5,210,0,-56.952,0.000000
-90.0,6,210,0,-55.996,0.000000
-90.0,7,210,0,-56.636,0.000000
-90.0,8,210,0,-57.120,0.000000
-90.0,9,210,0,-50.024,0.000000
-90.0,0,240,0,-54.604,0.000000
-90.0,1,240,1,35.367,1.000000
-90.0,2,240,0,-52.313,0.000000
-90.0,3,240,1,35.460,1.000000
-90.0,4,240,0,-55.712,0.000000
-90.0,5,240,0,-51.273,0.000000
-90.0,6,240,1,34.591,1.000000
-90.0,7,240,0,-51.604,0.000000
-90.0,8,240,0,-46.985,0.000000
-90.0,9,240,0,-54.477,0.000000
-90.0,0,270,0,-52.001,0.000000
-90.0,1,270,0,-49.291,0.000000
-90.0,2,270,0,-46.541,0.000000
-90.0,3,270,1,34.997,1.000000
-90.0,4,270,0,-52.336,0.000000
-90.0,5,270,1,36.243,1.000000
-90.0,6,270,1,34.986,1.000000
-90.0,7,270,0,-50.027,0.000000
-90.0,8,270,0,-48.728,0.000000
-90.0,9,270,1,36.056,1.000000
-90.0,0,300,1,36.943,1.000000
-90.0,1,300,1,36.721,1.000000
-90.0,2,300,1,36.819,1.000000
-90.0,3,300,0,-45.665,0.000000
-90.0,4,300,2,36.569,2.000000
-90.0,5,300,1,34.523,1.000000
-90.0,6,300,0,-46.884,0.000000
-90.0,7,300,1,36.494,1.000000
-90.0,8,300,2,37.228,2.000000
-90.0,9,300,1,37.377,1.000000
-90.0,0,330,1,35.797,1.000000
-90.0,1,330,2,37.114,2.000000
-90.0,2,330,1,38.157,1.000000
-90.0,3,330,2,37.830,2.000000
-90.0,4,330,1,37.605,1.000000
-90.0,5,330,2,36.481,2.000000
-90.0,6,330,1,36.204,1.000000
-90.0,7,330,1,37.167,1.000000
-90.0,8,330,1,35.863,1.000000
-90.0,9,330,1,36.615,1.000000
-80.0,0,0,2,37.502,2.000000
-80.0,1,0,2,36.781,2.000000
-80.0,2,0,4,37.304,4.000000
-80.0,3,0,2,38.371,2.000000
-80.0,4,0,3,37.199,3.000000
-80.0,5,0,2,36.258,2.000000
-80.0,6,0,3,36.408,3.000000
-80.0,7,0,2,37.486,2.000000
-80.0,8,0,4,37.166,4.000000
-80.0,9,0,3,37.758,3.000000
-80.0,0,30,3,37.255,3.000000
-80.0,1,30,2,36.253,2.000000
-80.0,2,30,3,36.546,3.000000
-80.0,3,30,1,35.169,1.000000
-80.0,4,30,1,37.343,1.000000
-80.0,5,30,1,36.058,1.000000
-80.0,6,30,1,37.490,1.000000
-80.0,7,30,3,37.043,3.000000
-80.0,8,30,1,36.821,1.000000
-80.0,9,30,3,36.545,3.000000
-80.0,0,60,0,-43.829,0.000000
-80.0,1,60,2,36.755,2.000000
-80.0,2,60,1,35.262,1.000000
-80.0,3,60,3,37.070,3.000000
-80.0,4,60,1,35.914,1.000000
-80.0,5,60,2,35.545,2.000000
-80.0,6,60,2,37.135,2.000000
-80.0,7,60,1,35.446,1.000000
-80.0,8,60,1,36.653,1.000000
-80.0,9,60,1,35.431,1.000000
-80.0,0,90,1,34.294,1.000000
-80.0,1,90,0,-44.257,0.000000
-80.0,2,90,0,-51.667,0.000000
-80.0,3,90,1,35.540,1.000000
-80.0,4,90,1,35.388,1.000000
-80.0,5,90,0,-46.954,0.000000
-80.0,6,90,1,36.048,1.000000
-80.0,7,90,1,36.242,1.000000
-80.0,8,90,1,35.634,1.000000
-80.0,9,90,0,-46.202,0.000000
-80.0,0,120,0,-46.510,0.000000
-80.0,1,120,1,35.950,1.000000
-80.0,2,120,0,-48.417,0.000000
-80.0,3,120,0,-51.847,0.000000
-80.0,4,120,0,-51.944,0.000000
-80.0,5,120,1,36.387,1.000000
-80.0,6,120,0,-50.619,0.000000
-80.0,7,120,0,-53.753,0.000000
-80.0,8,120,0,-53.110,0.000000
-80.0,9,120,0,-53.993,0.000000
-80.0,0,150,0,-51.647,0.000000
-80.0,1,150,0,-54.603,0.000000
-80.0,2,150,1,37.007,1.000000
-80.0,3,150,0,-54.389,0.000000
-80.0,4,150,0,-50.588,0.000000
-80.0,5,150,1,36.420,1.000000
-80.0,6,150,0,-46.480,0.000000
-80.0,7,150,0,-53.730,0.000000
-80.0,8,150,0,-46.949,0.000000
-80.0,9,150,0,-50.732,0.000000
-80.0,0,180,0,-54.118,0.000000
-80.0,1,180,0,-54.578,0.000000
-80.0,2,180,0,-55.740,0.000000
-80.0,3,180,0,-56.363,0.000000
-80.0,4,180,0,-51.822,0.000000
-80.0,5,180,0,-50.910,0.000000
-80.0,6,180,0,-51.630,0.000000
-80.0,7,180,0,-53.270,0.000000
-80.0,8,180,0,-53.705,0.000000
-80.0,9,180,0,-48.358,0.000000
-80.0,0,210,0,-51.546,0.000000
-80.0,1,210,0,-54.813,0.000000
-80.0,2,210,1,35.791,1.000000
-80.0,3,210,1,35.641,1.000000
-80.0,4,210,1,35.929,1.000000
-80.0,5,210,0,-54.819,0.000000
-80.0,6,210,1,36.840,1.000000
-80.0,7,210,1,36.372,1.000000
-80.0,8,210,0,-50.522,0.000000
-80.0,9,210,0,-48.277,0.000000
-80.0,0,240,0,-53.918,0.000000
-80.0,1,240,1,36.563,1.000000
-80.0,2,240,1,37.062,1.000000
-80.0,3,240,1,36.488,1.000000
-80.0,4,240,0,-53.466,0.000000
-80.0,5,240,0,-49.391,0.000000
-80.0,6,240,1,36.322,1.000000
-80.0,7,240,0,-49.941,0.000000
-80.0,8,240,0,-47.154,0.000000
-80.0,9,240,0,-50.952,0.000000
-80.0,0,270,2,35.318,2.000000
-80.0,1,270,0,-48.892,0.000000
-80.0,2,270,1,36.140,1.000000
-80.0,3,270,1,35.665,1.000000
-80.0,4,270,1,35.080,1.000000
-80.0,5,270,1,37.484,1.000000
-80.0,6,270,1,36.218,1.000000
-80.0,7,270,1,34.886,1.000000
-80.0,8,270,1,35.425,1.000000
-80.0,9,270,1,36.141,1.000000
-80.0,0,300,1,37.834,1.000000
-80.0,1,300,1,37.528,1.000000
-80.0,2,300,2,37.525,2.000000
-80.0,3,300,1,36.553,1.000000
-80.0,4,300,2,37.171,2.000000
-80.0,5,300,2,36.154,2.000000
-80.0,6,300,2,37.518,2.000000
-80.0,7,300,2,36.344,2.000000
-80.0,8,300,2,37.007,2.000000
-80.0,9,300,2,37.884,2.000000
-80.0,0,330,2,37.716,2.000000
-80.0,1,330,3,36.624,3.000000
-80.0,2,330,2,38.266,2.000000
-80.0,3,330,2,37.107,2.000000
-80.0,4,330,2,37.530,2.000000
-80.0,5,330,4,37.796,4.000000
-80.0,6,330,2,37.038,2.000000
-80.0,7,330,2,36.342,2.000000
-80.0,8,330,3,37.696,3.000000
-80.0,9,330,1,36.613,1.000000
-70.0,0,0,3,37.236,3.000000
-70.0,1,0,4,36.914,4.000000
-70.0,2,0,6,37.635,6.000000
-70.0,3,0,4,37.433,4.000000
-70.0,4,0,4,37.637,4.000000
-70.0,5,0,4,36.981,4.000000
-70.0,6,0,4,37.179,4.000000
-70.0,7,0,2,37.339,2.000000
-70.0,8,0,6,36.927,6.000000
-70.0,9,0,3,37.487,3.000000
-70.0,0,30,4,36.074,4.000000
-70.0,1,30,3,36.995,3.000000
-70.0,2,30,4,36.612,4.000000
-70.0,3,30,3,37.090,3.000000
-70.0,4,30,3,36.875,3.000000
-70.0,5,30,2,36.149,2.000000
-70.0,6,30,3,36.941,3.000000
-70.0,7,30,4,36.691,4.000000
-70.0,8,30,2,35.781,2.000000
-70.0,9,30,3,37.465,3.000000
-70.0,0,60,3,36.053,3.000000
-70.0,1,60,3,36.579,3.000000
-70.0,2,60,1,36.916,1.000000
-70.0,3,60,4,36.572,4.000000
-70.0,4,60,3,36.113,3.000000
-70.0,5,60,2,36.281,2.000000
-70.0,6,60,2,36.684,2.000000
-70.0,7,60,2,36.221,2.000000
-70.0,8,60,3,36.338,3.000000
-70.0,9,60,1,35.777,1.000000
-70.0,0,90,1,35.002,1.000000
-70.0,1,90,2,35.437,2.000000
-70.0,2,90,1,35.616,1.000000
-70.0,3,90,2,35.434,2.000000
-70.0,4,90,2,35.034,2.000000
-70.0,5,90,0,-48.570,0.000000
-70.0,6,90,1,36.366,1.000000
-70.0,7,90,1,35.430,1.000000
-70.0,8,90,2,35.974,2.000000
-70.0,9,90,1,36.507,1.000000
-70.0,0,120,1,35.428,1.000000
-70.0,1,120,1,36.558,1.000000
-70.0,2,120,1,36.440,1.000000
-70.0,3,120,1,35.578,1.000000
-70.0,4,120,0,-53.022,0.000000
-70.0,5,120,1,36.636,1.000000
-70.0,6,120,1,36.417,1.000000
-70.0,7,120,0,-52.957,0.000000
-70.0,8,120,0,-47.846,0.000000
-70.0,9,120,0,-48.345,0.000000
-70.0,0,150,1,35.138,1.000000
-70.0,1,150,0,-52.337,0.000000
-70.0,2,150,1,38.051,1.000000
-70.0,3,150,1,35.674,1.000000
-70.0,4,150,0,-46.493,0.000000
-70.0,5,150,1,36.695,1.000000
-70.0,6,150,1,36.752,1.000000
-70.0,7,150,0,-52.501,0.000000
-70.0,8,150,1,36.669,1.000000
-70.0,9,150,0,-50.007,0.000000
-70.0,0,180,0,-53.459,0.000000
-70.0,1,180,1,35.798,1.000000
-70.0,2,180,0,-53.099,0.000000
-70.0,3,180,0,-52.694,0.000000
-70.0,4,180,0,-51.220,0.000000
-70.0,5,180,0,-49.443,0.000000
-70.0,6,180,1,37.547,1.000000
-70.0,7,180,0,-52.364,0.000000
-70.0,8,180,0,-50.037,0.000000
-70.0,9,180,0,-47.936,0.000000
-70.0,0,210,1,37.538,1.000000
-70.0,1,210,0,-54.023,0.000000
-70.0,2,210,1,35.667,1.000000
-70.0,3,210,1,36.366,1.000000
-70.0,4,210,1,36.214,1.000000
-70.0,5,210,0,-49.382,0.000000
-70.0,6,210,1,37.383,1.000000
-70.0,7,210,1,35.716,1.000000
-70.0,8,210,0,-48.026,0.000000
-70.0,9,210,1,36.023,1.000000
-70.0,0,240,1,37.809,1.000000
-70.0,1,240,1,37.649,1.000000
-70.0,2,240,1,37.964,1.000000
-70.0,3,240,1,36.501,1.000000
-70.0,4,240,1,35.432,1.000000
-70.0,5,240,1,36.439,1.000000
-70.0,6,240,2,36.322,2.000000
-70.0,7,240,1,36.576,1.000000
-70.0,8,240,1,33.950,1.000000
-70.0,9,240,0,-49.688,0.000000
-70.0,0,270,2,35.943,2.000000
-70.0,1,270,1,36.521,1.000000
-70.0,2,270,2,37.644,2.000000
-70.0,3,270,3,37.138,3.000000
-70.0,4,270,1,34.722,1.000000
-70.0,5,270,1,37.243,1.000000
-70.0,6,270,1,34.385,1.000000
-70.0,7,270,1,36.241,1.000000
-70.0,8,270,2,36.820,2.000000
-70.0,9,270,2,38.469,2.000000
-70.0,0,300,2,38.077,2.000000
-70.0,1,300,1,37.014,1.000000
-70.0,2,300,2,36.741,2.000000
-70.0,3,300,3,36.871,3.000000
-70.0,4,300,3,37.559,3.000000
-70.0,5,300,3,36.948,3.000000
-70.0,6,300,2,37.580,2.000000
-70.0,7,300,2,36.746,2.000000
-70.0,8,300,2,37.561,2.000000
-70.0,9,300,2,37.789,2.000000
-70.0,0,330,3,37.390,3.000000
-70.0,1,330,5,36.987,5.000000
-70.0,2,330,3,38.243,3.000000
-70.0,3,330,4,38.193,4.000000
-70.0,4,330,4,37.540,4.000000
-70.0,5,330,4,37.519,4.000000
-70.0,6,330,4,36.818,4.000000
-70.0,7,330,3,38.104,3.000000
-70.0,8,330,4,37.479,4.000000
-70.0,9,330,2,37.471,2.000000
-60.0,0,0,5,38.126,5.000000
-60.0,1,0,5,37.267,5.000000
-60.0,2,0,6,37.584,6.000000
-60.0,3,0,5,37.827,5.000000
-60.0,4,0,4,37.348,4.000000
-60.0,5,0,5,36.634,5.000000
-60.0,6,0,5,37.372,5.000000
-60.0,7,0,4,36.606,4.000000
-60.0,8,0,7,37.847,7.000000
-60.0,9,0,4,36.666,4.000000
-60.0,0,30,5,36.935,5.000000
-60.0,1,30,3,37.231,3.000000
-60.0,2,30,5,37.305,5.000000
-60.0,3,30,3,36.776,3.000000
-60.0,4,30,5,37.012,5.000000
-60.0,5,30,4,36.536,4.000000
-60.0,6,30,5,36.918,5.000000
-60.0,7,30,6,36.412,6.000000
-60.0,8,30,3,36.926,3.000000
-60.0,9,30,5,37.022,5.000000
-60.0,0,60,4,36.371,4.000000
-60.0,1,60,4,36.056,4.000000
-60.0,2,60,2,36.030,2.000000
-60.0,3,60,6,36.462,6.000000
-60.0,4,60,4,36.604,4.000000
-60.0,5,60,4,36.476,4.000000
-60.0,6,60,4,36.736,4.000000
-60.0,7,60,3,37.143,3.000000
-60.0,8,60,4,37.239,4.000000
-60.0,9,60,2,36.291,2.000000
-60.0,0,90,2,36.259,2.000000
-60.0,1,90,2,35.383,2.000000
-60.0,2,90,1,36.679,1.000000
-60.0,3,90,2,35.657,2.000000
-60.0,4,90,2,34.917,2.000000
-60.0,5,90,2,36.109,2.000000
-60.0,6,90,2,36.386,2.000000
-60.0,7,90,1,35.948,1.000000
-60.0,8,90,3,36.038,3.000000
-60.0,9,90,1,36.482,1.000000
-60.0,0,120,1,36.287,1.000000
-60.0,1,120,1,36.835,1.000000
-60.0,2,120,2,35.652,2.000000
-60.0,3,120,2,35.393,2.000000
-60.0,4,120,1,34.943,1.000000
-60.0,5,120,1,35.763,1.000000
-60.0,6,120,1,36.845,1.000000
-60.0,7,120,1,35.847,1.000000
-60.0,8,120,1,36.632,1.000000
-60.0,9,120,1,37.001,1.000000
-60.0,0,150,1,35.985,1.000000
-60.0,1,150,0,-51.239,0.000000
-60.0,2,150,1,38.061,1.000000
-60.0,3,150,1,36.630,1.000000
-60.0,4,150,1,35.016,1.000000
-60.0,5,150,1,36.164,1.000000
-60.0,6,150,1,36.142,1.000000
-60.0,7,150,0,-52.165,0.000000
-60.0,8,150,1,35.623,1.000000
-60.0,9,150,1,35.805,1.000000
-60.0,0,180,1,35.799,1.000000
-60.0,1,180,1,35.935,1.000000
-60.0,2,180,0,-45.587,0.000000
-60.0,3,180,0,-51.276,0.000000
-60.0,4,180,0,-50.462,0.000000
-60.0,5,180,2,37.240,2.000000
-60.0,6,180,1,37.511,1.000000
-60.0,7,180,0,-51.622,0.000000
-60.0,8,180,0,-48.878,0.000000
-60.0,9,180,0,-46.238,0.000000
-60.0,0,210,1,37.555,1.000000
-60.0,1,210,0,-52.758,0.000000
-60.0,2,210,1,35.375,1.000000
-60.0,3,210,1,35.929,1.000000
-60.0,4,210,1,37.271,1.000000
-60.0,5,210,1,35.707,1.000000
-60.0,6,210,1,36.162,1.000000
-60.0,7,210,1,37.008,1.000000
-60.0,8,210,1,37.123,1.000000
-60.0,9,210,1,35.903,1.000000
-60.0,0,240,1,37.870,1.000000
-60.0,1,240,1,36.616,1.000000
-60.0,2,240,1,37.709,1.000000
-60.0,3,240,1,36.409,1.000000
-60.0,4,240,0,-51.461,0.000000
-60.0,5,240,1,36.881,1.000000
-60.0,6,240,2,37.293,2.000000
-60.0,7,240,1,37.097,1.000000
-60.0,8,240,3,36.196,3.000000
-60.0,9,240,0,-46.903,0.000000
-60.0,0,270,2,36.096,2.000000
-60.0,1,270,2,36.563,2.000000
-60.0,2,270,3,36.950,3.000000
-60.0,3,270,3,37.569,3.000000
-60.0,4,270,1,35.907,1.000000
-60.0,5,270,2,36.683,2.000000
-60.0,6,270,2,35.782,2.000000
-60.0,7,270,2,38.171,2.000000
-60.0,8,270,2,37.015,2.000000
-60.0,9,270,2,37.812,2.000000
-60.0,0,300,3,36.903,3.000000
-60.0,1,300,2,36.376,2.000000
-60.0,2,300,3,37.340,3.000000
-60.0,3,300,4,36.788,4.000000
-60.0,4,300,4,37.268,4.000000
-60.0,5,300,3,37.171,3.000000
-60.0,6,300,3,37.783,3.000000
-60.0,7,300,3,37.600,3.000000
-60.0,8,300,4,38.343,4.000000
-60.0,9,300,2,37.389,2.000000
-60.0,0,330,3,36.992,3.000000
-60.0,1,330,6,37.004,6.000000
-60.0,2,330,4,37.490,4.000000
-60.0,3,330,5,37.305,5.000000
-60.0,4,330,5,37.788,5.000000
-60.0,5,330,5,37.510,5.000000
-60.0,6,330,4,36.799,4.000000
-60.0,7,330,4,37.845,4.000000
-60.0,8,330,5,37.314,5.000000
-60.0,9,330,4,38.197,4.000000
-50.0,0,0,6,37.365,6.000000
-50.0,1,0,7,36.691,7.000000
-50.0,2,0,8,37.062,8.000000
-50.0,3,0,6,37.787,6.000000
-50.0,4,0,5,38.191,5.000000
-50.0,5,0,5,37.111,5.000000
-50.0,6,0,7,36.611,7.000000
-50.0,7,0,5,37.257,5.000000
-50.0,8,0,8,37.410,8.000000
-50.0,9,0,6,37.495,6.000000
-50.0,0,30,6,36.620,6.000000
-50.0,1,30,5,36.620,5.000000
-50.0,2,30,5,36.502,5.000000
-50.0,3,30,5,37.413,5.000000
-50.0,4,30,5,37.439,5.000000
-50.0,5,30,5,37.654,5.000000
-50.0,6,30,7,37.364,7.000000
-50.0,7,30,6,36.782,6.000000
-50.0,8,30,4,36.281,4.000000
-50.0,9,30,5,36.813,5.000000
-50.0,0,60,4,36.173,4.000000
-50.0,1,60,6,36.497,6.000000
-50.0,2,60,4,37.020,4.000000
-50.0,3,60,6,36.682,6.000000
-50.0,4,60,5,36.230,5.000000
-50.0,5,60,3,36.086,3.000000
-50.0,6,60,5,37.261,5.000000
-50.0,7,60,5,36.677,5.000000
-50.0,8,60,3,36.907,3.000000
-50.0,9,60,3,36.510,3.000000
-50.0,0,90,1,35.653,1.000000
-50.0,1,90,4,36.376,4.000000
-50.0,2,90,1,34.089,1.000000
-50.0,3,90,3,36.579,3.000000
-50.0,4,90,4,36.878,4.000000
-50.0,5,90,1,36.786,1.000000
-50.0,6,90,2,35.315,2.000000
-50.0,7,90,3,36.942,3.000000
-50.0,8,90,3,36.283,3.000000
-50.0,9,90,2,35.380,2.000000
-50.0,0,120,1,34.576,1.000000
-50.0,1,120,2,36.853,2.000000
-50.0,2,120,1,32.970,1.000000
-50.0,3,120,3,35.514,3.000000
-50.0,4,120,1,35.590,1.000000
-50.0,5,120,2,36.472,2.000000
-50.0,6,120,0,-48.671,0.000000
-50.0,7,120,0,-50.000,0.000000
-50.0,8,120,1,34.910,1.000000
-50.0,9,120,0,-47.030,0.000000
-50.0,0,150,1,36.606,1.000000
-50.0,1,150,1,37.345,1.000000
-50.0,2,150,1,35.637,1.000000
-50.0,3,150,0,-50.000,0.000000
-50.0,4,150,0,-47.896,0.000000
-50.0,5,150,1,35.929,1.000000
-50.0,6,150,0,-46.903,0.000000
-50.0,7,150,0,-50.000,0.000000
-50.0,8,150,1,34.893,1.000000
-50.0,9,150,0,-49.449,0.000000
-50.0,0,180,0,-50.000,0.000000
-50.0,1,180,0,-50.000,0.000000
-50.0,2,180,0,-50.000,0.000000
-50.0,3,180,0,-50.000,0.000000
-50.0,4,180,0,-49.513,0.000000
-50.0,5,180,1,32.958,1.000000
-50.0,6,180,1,34.739,1.000000
-50.0,7,180,0,-50.000,0.000000
-50.0,8,180,0,-50.000,0.000000
-50.0,9,180,1,33.891,1.000000
-50.0,0,210,0,-50.000,0.000000
-50.0,1,210,0,-50.000,0.000000
-50.0,2,210,0,-50.000,0.000000
-50.0,3,210,1,34.848,1.000000
-50.0,4,210,1,35.227,1.000000
-50.0,5,210,0,-50.000,0.000000
-50.0,6,210,0,-46.659,0.000000
-50.0,7,210,0,-49.319,0.000000
-50.0,8,210,0,-49.075,0.000000
-50.0,9,210,1,33.818,1.000000
-50.0,0,240,0,-50.000,0.000000
-50.0,1,240,1,35.823,1.000000
-50.0,2,240,1,35.105,1.000000
-50.0,3,240,1,34.983,1.000000
-50.0,4,240,0,-50.000,0.000000
-50.0,5,240,0,-48.750,0.000000
-50.0,6,240,1,36.619,1.000000
-50.0,7,240,0,-44.632,0.000000
-50.0,8,240,1,36.463,1.000000
-50.0,9,240,0,-46.023,0.000000
-50.0,0,270,1,35.368,1.000000
-50.0,1,270,2,37.251,2.000000
-50.0,2,270,2,35.334,2.000000
-50.0,3,270,3,36.248,3.000000
-50.0,4,270,0,-46.971,0.000000
-50.0,5,270,2,37.008,2.000000
-50.0,6,270,2,35.242,2.000000
-50.0,7,270,2,35.225,2.000000
-50.0,8,270,3,35.998,3.000000
-50.0,9,270,2,36.861,2.000000
-50.0,0,300,4,37.434,4.000000
-50.0,1,300,3,36.498,3.000000
-50.0,2,300,3,37.074,3.000000
-50.0,3,300,3,35.513,3.000000
-50.0,4,300,3,36.338,3.000000
-50.0,5,300,2,36.725,2.000000
-50.0,6,300,3,36.122,3.000000
-50.0,7,300,4,36.335,4.000000
-50.0,8,300,4,36.096,4.000000
-50.0,9,300,3,38.065,3.000000
-50.0,0,330,5,36.839,5.000000
-50.0,1,330,6,37.229,6.000000
-50.0,2,330,5,36.151,5.000000
-50.0,3,330,5,36.847,5.000000
-50.0,4,330,6,37.548,6.000000
-50.0,5,330,6,37.160,6.000000
-50.0,6,330,6,36.925,6.000000
-50.0,7,330,6,36.706,6.000000
-50.0,8,330,5,36.665,5.000000
-50.0,9,330,4,38.095,4.000000
-40.0,0,0,7,36.187,7.000000
-40.0,1,0,6,36.683,6.000000
-40.0,2,0,8,36.081,8.000000
-40.0,3,0,7,37.590,7.000000
-40.0,4,0,7,36.888,7.000000
-40.0,5,0,6,35.859,6.000000
-40.0,6,0,7,37.103,7.000000
-40.0,7,0,6,36.766,6.000000
-40.0,8,0,8,37.413,8.000000
-40.0,9,0,6,36.784,6.000000
-40.0,0,30,7,36.802,7.000000
-40.0,1,30,5,36.943,5.000000
-40.0,2,30,6,37.310,6.000000
-40.0,3,30,5,37.370,5.000000
-40.0,4,30,7,36.990,7.000000
-40.0,5,30,5,36.212,5.000000
-40.0,6,30,7,37.327,7.000000
-40.0,7,30,5,36.159,5.000000
-40.0,8,30,4,36.428,4.000000
-40.0,9,30,7,37.480,7.000000
-40.0,0,60,6,37.539,6.000000
-40.0,1,60,7,37.208,7.000000
-40.0,2,60,5,36.910,5.000000
-40.0,3,60,7,36.841,7.000000
-40.0,4,60,7,36.721,7.000000
-40.0,5,60,4,36.796,4.000000
-40.0,6,60,6,36.768,6.000000
-40.0,7,60,5,36.967,5.000000
-40.0,8,60,6,36.957,6.000000
-40.0,9,60,3,36.837,3.000000
-40.0,0,90,1,36.020,1.000000
-40.0,1,90,4,36.703,4.000000
-40.0,2,90,2,36.600,2.000000
-40.0,3,90,3,35.805,3.000000
-40.0,4,90,4,36.851,4.000000
-40.0,5,90,2,35.994,2.000000
-40.0,6,90,1,35.494,1.000000
-40.0,7,90,3,36.365,3.000000
-40.0,8,90,3,36.443,3.000000
-40.0,9,90,1,35.479,1.000000
-40.0,0,120,0,-40.000,0.000000
-40.0,1,120,2,36.160,2.000000
-40.0,2,120,1,33.623,1.000000
-40.0,3,120,2,35.579,2.000000
-40.0,4,120,1,34.979,1.000000
-40.0,5,120,1,36.437,1.000000
-40.0,6,120,1,35.353,1.000000
-40.0,7,120,0,-40.000,0.000000
-40.0,8,120,0,-40.000,0.000000
-40.0,9,120,0,-40.000,0.000000
-40.0,0,150,1,37.242,1.000000
-40.0,1,150,1,36.937,1.000000
-40.0,2,150,0,-40.000,0.000000
-40.0,3,150,0,-40.000,0.000000
-40.0,4,150,1,35.938,1.000000
-40.0,5,150,0,-40.000,0.000000
-40.0,6,150,0,-40.000,0.000000
-40.0,7,150,0,-40.000,0.000000
-40.0,8,150,1,34.568,1.000000
-40.0,9,150,0,-40.000,0.000000
-40.0,0,180,0,-40.000,0.000000
-40.0,1,180,0,-40.000,0.000000
-40.0,2,180,0,-40.000,0.000000
-40.0,3,180,0,-40.000,0.000000
-40.0,4,180,0,-40.000,0.000000
-40.0,5,180,0,-40.000,0.000000
-40.0,6,180,0,-40.000,0.000000
-40.0,7,180,0,-40.000,0.000000
-40.0,8,180,0,-40.000,0.000000
-40.0,9,180,0,-40.000,0.000000
-40.0,0,210,0,-40.000,0.000000
-40.0,1,210,0,-40.000,0.000000
-40.0,2,210,0,-40.000,0.000000
-40.0,3,210,0,-40.000,0.000000
-40.0,4,210,0,-40.000,0.000000
-40.0,5,210,0,-40.000,0.000000
-40.0,6,210,0,-40.000,0.000000
-40.0,7,210,0,-40.000,0.000000
-40.0,8,210,0,-40.000,0.000000
-40.0,9,210,0,-40.000,0.000000
-40.0,0,240,0,-40.000,0.000000
-40.0,1,240,0,-40.000,0.000000
-40.0,2,240,1,34.746,1.000000
-40.0,3,240,0,-40.000,0.000000
-40.0,4,240,0,-40.000,0.000000
-40.0,5,240,0,-40.000,0.000000
-40.0,6,240,0,-40.000,0.000000
-40.0,7,240,1,35.428,1.000000
-40.0,8,240,1,36.081,1.000000
-40.0,9,240,1,34.206,1.000000
-40.0,0,270,1,34.545,1.000000
-40.0,1,270,2,37.247,2.000000
-40.0,2,270,1,34.830,1.000000
-40.0,3,270,3,37.044,3.000000
-40.0,4,270,2,36.389,2.000000
-40.0,5,270,3,35.941,3.000000
-40.0,6,270,1,35.937,1.000000
-40.0,7,270,1,36.549,1.000000
-40.0,8,270,2,35.259,2.000000
-40.0,9,270,1,34.642,1.000000
-40.0,0,300,3,35.928,3.000000
-40.0,1,300,3,34.996,3.000000
-40.0,2,300,3,37.025,3.000000
-40.0,3,300,3,37.930,3.000000
-40.0,4,300,2,35.426,2.000000
-40.0,5,300,4,36.039,4.000000
-40.0,6,300,2,35.654,2.000000
-40.0,7,300,4,36.906,4.000000
-40.0,8,300,4,36.039,4.000000
-40.0,9,300,2,37.325,2.000000
-40.0,0,330,4,36.607,4.000000
-40.0,1,330,6,37.419,6.000000
-40.0,2,330,5,36.228,5.000000
-40.0,3,330,5,36.594,5.000000
-40.0,4,330,6,36.782,6.000000
-40.0,5,330,6,37.357,6.000000
-40.0,6,330,5,37.237,5.000000
-40.0,7,330,5,36.876,5.000000
-40.0,8,330,6,35.947,6.000000
-40.0,9,330,5,36.806,5.000000
-30.0,0,0,8,36.576,8.000000
-30.0,1,0,7,36.684,7.000000
-30.0,2,0,8,36.828,8.000000
-30.0,3,0,6,36.930,6.000000
-30.0,4,0,7,37.084,7.000000
-30.0,5,0,8,37.221,8.000000
-30.0,6,0,8,35.863,8.000000
-30.0,7,0,8,37.614,8.000000
-30.0,8,0,8,36.911,8.000000
-30.0,9,0,6,36.623,6.000000
-30.0,0,30,6,36.817,6.000000
-30.0,1,30,7,37.102,7.000000
-30.0,2,30,7,36.717,7.000000
-30.0,3,30,6,37.134,6.000000
-30.0,4,30,7,36.793,7.000000
-30.0,5,30,6,36.650,6.000000
-30.0,6,30,7,36.547,7.000000
-30.0,7,30,7,36.335,7.000000
-30.0,8,30,4,36.893,4.000000
-30.0,9,30,6,37.143,6.000000
-30.0,0,60,7,37.191,7.000000
-30.0,1,60,7,36.169,7.000000
-30.0,2,60,6,36.689,6.000000
-30.0,3,60,6,36.532,6.000000
-30.0,4,60,6,36.220,6.000000
-30.0,5,60,5,37.198,5.000000
-30.0,6,60,6,36.217,6.000000
-30.0,7,60,4,36.594,4.000000
-30.0,8,60,6,36.587,6.000000
-30.0,9,60,4,36.727,4.000000
-30.0,0,90,2,36.081,2.000000
-30.0,1,90,4,36.787,4.000000
-30.0,2,90,2,37.302,2.000000
-30.0,3,90,3,36.250,3.000000
-30.0,4,90,3,36.231,3.000000
-30.0,5,90,2,36.676,2.000000
-30.0,6,90,1,34.330,1.000000
-30.0,7,90,4,36.635,4.000000
-30.0,8,90,2,36.055,2.000000
-30.0,9,90,2,36.324,2.000000
-30.0,0,120,0,-30.000,0.000000
-30.0,1,120,2,36.374,2.000000
-30.0,2,120,1,36.242,1.000000
-30.0,3,120,2,34.979,2.000000
-30.0,4,120,2,35.886,2.000000
-30.0,5,120,1,36.856,1.000000
-30.0,6,120,2,36.259,2.000000
-30.0,7,120,0,-30.000,0.000000
-30.0,8,120,2,36.798,2.000000
-30.0,9,120,2,36.568,2.000000
-30.0,0,150,1,36.531,1.000000
-30.0,1,150,1,37.001,1.000000
-30.0,2,150,0,-30.000,0.000000
-30.0,3,150,0,-30.000,0.000000
-30.0,4,150,1,36.602,1.000000
-30.0,5,150,0,-30.000,0.000000
-30.0,6,150,0,-30.000,0.000000
-30.0,7,150,1,34.995,1.000000
-30.0,8,150,2,36.031,2.000000
-30.0,9,150,0,-30.000,0.000000
-30.0,0,180,0,-30.000,0.000000
-30.0,1,180,0,-30.000,0.000000
-30.0,2,180,0,-30.000,0.000000
-30.0,3,180,0,-30.000,0.000000
-30.0,4,180,0,-30.000,0.000000
-30.0,5,180,1,35.525,1.000000
-30.0,6,180,0,-30.000,0.000000
-30.0,7,180,0,-30.000,0.000000
-30.0,8,180,0,-30.000,0.000000
-30.0,9,180,1,35.100,1.000000
-30.0,0,210,0,-30.000,0.000000
-30.0,1,210,0,-30.000,0.000000
-30.0,2,210,0,-30.000,0.000000
-30.0,3,210,0,-30.000,0.000000
-30.0,4,210,1,35.259,1.000000
-30.0,5,210,0,-30.000,0.000000
-30.0,6,210,0,-30.000,0.000000
-30.0,7,210,0,-30.000,0.000000
-30.0,8,210,0,-30.000,0.000000
-30.0,9,210,0,-30.000,0.000000
-30.0,0,240,0,-30.000,0.000000
-30.0,1,240,0,-30.000,0.000000
-30.0,2,240,1,34.550,1.000000
-30.0,3,240,0,-30.000,0.000000
-30.0,4,240,1,35.075,1.000000
-30.0,5,240,1,35.294,1.000000
-30.0,6,240,2,36.495,2.000000
-30.0,7,240,1,35.654,1.000000
-30.0,8,240,0,-30.000,0.000000
-30.0,9,240,0,-30.000,0.000000
-30.0,0,270,1,36.347,1.000000
-30.0,1,270,3,36.254,3.000000
-30.0,2,270,1,37.040,1.000000
-30.0,3,270,3,36.287,3.000000
-30.0,4,270,2,36.035,2.000000
-30.0,5,270,2,36.770,2.000000
-30.0,6,270,2,35.998,2.000000
-30.0,7,270,1,35.464,1.000000
-30.0,8,270,1,35.345,1.000000
-30.0,9,270,1,36.053,1.000000
-30.0,0,300,3,36.043,3.000000
-30.0,1,300,3,35.675,3.000000
-30.0,2,300,5,36.192,5.000000
-30.0,3,300,3,36.749,3.000000
-30.0,4,300,3,37.167,3.000000
-30.0,5,300,4,35.947,4.000000
-30.0,6,300,2,34.741,2.000000
-30.0,7,300,4,36.349,4.000000
-30.0,8,300,2,35.569,2.000000
-30.0,9,300,3,36.145,3.000000
-30.0,0,330,5,37.352,5.000000
-30.0,1,330,6,37.043,6.000000
-30.0,2,330,5,36.488,5.000000
-30.0,3,330,7,36.787,7.000000
-30.0,4,330,7,37.228,7.000000
-30.0,5,330,6,36.843,6.000000
-30.0,6,330,5,37.874,5.000000
-30.0,7,330,5,36.008,5.000000
-30.0,8,330,7,36.267,7.000000
-30.0,9,330,5,36.455,5.000000
-20.0,0,0,8,36.541,8.000000
-20.0,1,0,6,36.466,6.000000
-20.0,2,0,10,36.180,10.000000
-20.0,3,0,6,36.102,6.000000
-20.0,4,0,8,36.591,8.000000
-20.0,5,0,8,37.081,8.000000
-20.0,6,0,9,36.394,9.000000
-20.0,7,0,8,36.447,8.000000
-20.0,8,0,7,36.571,7.000000
-20.0,9,0,6,36.667,6.000000
-20.0,0,30,7,36.495,7.000000
-20.0,1,30,8,37.217,8.000000
-20.0,2,30,8,36.378,8.000000
-20.0,3,30,7,36.348,7.000000
-20.0,4,30,7,36.195,7.000000
-20.0,5,30,7,36.410,7.000000
-20.0,6,30,8,36.657,8.000000
-20.0,7,30,7,36.236,7.000000
-20.0,8,30,6,37.371,6.000000
-20.0,9,30,6,36.680,6.000000
-20.0,0,60,8,36.619,8.000000
-20.0,1,60,7,36.633,7.000000
-20.0,2,60,7,37.104,7.000000
-20.0,3,60,6,37.273,6.000000
-20.0,4,60,7,36.767,7.000000
-20.0,5,60,4,37.000,4.000000
-20.0,6,60,6,36.135,6.000000
-20.0,7,60,6,36.456,6.000000
-20.0,8,60,7,36.950,7.000000
-20.0,9,60,5,36.098,5.000000
-20.0,0,90,3,35.782,3.000000
-20.0,1,90,4,36.579,4.000000
-20.0,2,90,3,37.161,3.000000
-20.0,3,90,4,35.379,4.000000
-20.0,4,90,5,36.243,5.000000
-20.0,5,90,4,36.326,4.000000
-20.0,6,90,3,35.588,3.000000
-20.0,7,90,4,36.231,4.000000
-20.0,8,90,4,36.743,4.000000
-20.0,9,90,3,35.494,3.000000
-20.0,0,120,2,35.338,2.000000
-20.0,1,120,3,36.463,3.000000
-20.0,2,120,2,36.091,2.000000
-20.0,3,120,4,35.898,4.000000
-20.0,4,120,2,34.860,2.000000
-20.0,5,120,2,35.622,2.000000
-20.0,6,120,4,36.576,4.000000
-20.0,7,120,2,35.016,2.000000
-20.0,8,120,2,36.406,2.000000
-20.0,9,120,4,36.038,4.000000
-20.0,0,150,2,36.001,2.000000
-20.0,1,150,2,36.114,2.000000
-20.0,2,150,1,35.323,1.000000
-20.0,3,150,2,35.574,2.000000
-20.0,4,150,4,35.931,4.000000
-20.0,5,150,3,35.165,3.000000
-20.0,6,150,1,35.777,1.000000
-20.0,7,150,2,35.329,2.000000
-20.0,8,150,3,35.879,3.000000
-20.0,9,150,2,36.279,2.000000
-20.0,0,180,3,35.837,3.000000
-20.0,1,180,2,35.308,2.000000
-20.0,2,180,1,34.467,1.000000
-20.0,3,180,2,35.834,2.000000
-20.0,4,180,2,36.270,2.000000
-20.0,5,180,3,36.326,3.000000
-20.0,6,180,1,34.973,1.000000
-20.0,7,180,2,36.124,2.000000
-20.0,8,180,2,35.429,2.000000
-20.0,9,180,2,36.010,2.000000
-20.0,0,210,2,35.137,2.000000
-20.0,1,210,2,35.490,2.000000
-20.0,2,210,2,35.791,2.000000
-20.0,3,210,2,35.527,2.000000
-20.0,4,210,3,35.372,3.000000
-20.0,5,210,2,35.707,2.000000
-20.0,6,210,1,35.203,1.000000
-20.0,7,210,1,35.582,1.000000
-20.0,8,210,2,34.958,2.000000
-20.0,9,210,0,-20.000,0.000000
-20.0,0,240,0,-20.000,0.000000
-20.0,1,240,1,34.323,1.000000
-20.0,2,240,2,34.864,2.000000
-20.0,3,240,1,35.240,1.000000
-20.0,4,240,1,34.913,1.000000
-20.0,5,240,1,34.856,1.000000
-20.0,6,240,3,35.729,3.000000
-20.0,7,240,3,35.783,3.000000
-20.0,8,240,1,35.063,1.000000
-20.0,9,240,2,36.093,2.000000
-20.0,0,270,3,35.829,3.000000
-20.0,1,270,2,36.219,2.000000
-20.0,2,270,2,35.822,2.000000
-20.0,3,270,3,36.050,3.000000
-20.0,4,270,3,36.606,3.000000
-20.0,5,270,4,35.738,4.000000
-20.0,6,270,3,35.874,3.000000
-20.0,7,270,2,35.797,2.000000
-20.0,8,270,3,35.276,3.000000
-20.0,9,270,4,35.684,4.000000
-20.0,0,300,5,36.883,5.000000
-20.0,1,300,5,35.238,5.000000
-20.0,2,300,7,36.197,7.000000
-20.0,3,300,5,36.929,5.000000
-20.0,4,300,6,37.096,6.000000
-20.0,5,300,6,36.096,6.000000
-20.0,6,300,4,35.269,4.000000
-20.0,7,300,4,36.249,4.000000
-20.0,8,300,5,35.960,5.000000
-20.0,9,300,4,35.705,4.000000
-20.0,0,330,5,37.308,5.000000
-20.0,1,330,8,36.504,8.000000
-20.0,2,330,5,37.161,5.000000
-20.0,3,330,6,36.320,6.000000
-20.0,4,330,8,36.902,8.000000
-20.0,5,330,7,36.341,7.000000
-20.0,6,330,6,36.788,6.000000
-20.0,7,330,5,36.597,5.000000
-20.0,8,330,6,35.835,6.000000
-20.0,9,330,5,36.432,5.000000
