condition_id,channel_kind,density_label,density_ms_cm2,angle_deg,trial_seed,trial_mode,n_spikes,firing_rate_hz,peak_vm_mv,baseline_vm_mv,is_unstable
baseline,baseline,n/a,0.0,0.0,1,EPSP_PASSIVE,0,0.0,-29.887825288573705,-58.46730816090109,False
baseline,baseline,n/a,0.0,30.0,1,EPSP_PASSIVE,0,0.0,-29.362367048362724,-46.632309254948616,False
baseline,baseline,n/a,0.0,60.0,1,EPSP_PASSIVE,0,0.0,-29.231819673520267,-40.47626119232245,False
baseline,baseline,n/a,0.0,90.0,1,EPSP_PASSIVE,0,0.0,-29.646270480822913,-40.114096848363296,False
baseline,baseline,n/a,0.0,120.0,1,EPSP_PASSIVE,0,0.0,-29.646270480822913,-40.114096848363296,False
baseline,baseline,n/a,0.0,150.0,1,EPSP_PASSIVE,0,0.0,-29.646270480822913,-40.114096848363296,False
baseline,baseline,n/a,0.0,180.0,1,EPSP_PASSIVE,0,0.0,-29.646270480822913,-40.114096848363296,False
baseline,baseline,n/a,0.0,210.0,1,EPSP_PASSIVE,0,0.0,-29.067646889860463,-41.8150851769113,False
baseline,baseline,n/a,0.0,240.0,1,EPSP_PASSIVE,0,0.0,-29.79715572095863,-54.21122701389253,False
baseline,baseline,n/a,0.0,270.0,1,EPSP_PASSIVE,0,0.0,-29.659102212467346,-59.41508566406566,False
baseline,baseline,n/a,0.0,300.0,1,EPSP_PASSIVE,0,0.0,-29.639318839813647,-59.69453122740619,False
baseline,baseline,n/a,0.0,330.0,1,EPSP_PASSIVE,0,0.0,-29.935325128739958,-59.682620574058696,False
baseline,baseline,n/a,0.0,0.0,1,IPSP_PASSIVE,0,0.0,-60.019583751212835,-60.123872561264506,False
baseline,baseline,n/a,0.0,30.0,1,IPSP_PASSIVE,0,0.0,-60.019666869154605,-60.123912295040206,False
baseline,baseline,n/a,0.0,60.0,1,IPSP_PASSIVE,0,0.0,-60.01946409535289,-60.12387747168038,False
baseline,baseline,n/a,0.0,90.0,1,IPSP_PASSIVE,0,0.0,-60.01954703536546,-60.12390800873553,False
baseline,baseline,n/a,0.0,120.0,1,IPSP_PASSIVE,0,0.0,-60.01954703536546,-60.12390800873553,False
baseline,baseline,n/a,0.0,150.0,1,IPSP_PASSIVE,0,0.0,-60.01954703536546,-60.12390800873553,False
baseline,baseline,n/a,0.0,180.0,1,IPSP_PASSIVE,0,0.0,-60.01954703536546,-60.12390800873553,False
baseline,baseline,n/a,0.0,210.0,1,IPSP_PASSIVE,0,0.0,-60.019306377237996,-60.12392693348618,False
baseline,baseline,n/a,0.0,240.0,1,IPSP_PASSIVE,0,0.0,-60.01929150009666,-60.123930420374016,False
baseline,baseline,n/a,0.0,270.0,1,IPSP_PASSIVE,0,0.0,-60.019608773790225,-60.123900571549264,False
baseline,baseline,n/a,0.0,300.0,1,IPSP_PASSIVE,0,0.0,-60.020092723660184,-60.12386900362773,False
baseline,baseline,n/a,0.0,330.0,1,IPSP_PASSIVE,0,0.0,-60.01980180520609,-60.123864696887736,False
nav16_low,Nav1.6,low,10.0,0.0,1,EPSP_PASSIVE,0,0.0,-29.767472655524394,-58.41354848241847,False
nav16_low,Nav1.6,low,10.0,30.0,1,EPSP_PASSIVE,0,0.0,-29.250239038089887,-46.284223807948045,False
nav16_low,Nav1.6,low,10.0,60.0,1,EPSP_PASSIVE,0,0.0,-29.117828865368423,-40.12441620038278,False
nav16_low,Nav1.6,low,10.0,90.0,1,EPSP_PASSIVE,0,0.0,-29.526605679610284,-39.75526646085844,False
nav16_low,Nav1.6,low,10.0,120.0,1,EPSP_PASSIVE,0,0.0,-29.526605679610284,-39.75526646085844,False
nav16_low,Nav1.6,low,10.0,150.0,1,EPSP_PASSIVE,0,0.0,-29.526605679610284,-39.75526646085844,False
nav16_low,Nav1.6,low,10.0,180.0,1,EPSP_PASSIVE,0,0.0,-29.526605679610284,-39.75526646085844,False
nav16_low,Nav1.6,low,10.0,210.0,1,EPSP_PASSIVE,0,0.0,-28.959392800945896,-41.45135282642963,False
nav16_low,Nav1.6,low,10.0,240.0,1,EPSP_PASSIVE,0,0.0,-29.66738075631078,-53.963712708625394,False
nav16_low,Nav1.6,low,10.0,270.0,1,EPSP_PASSIVE,0,0.0,-29.535957263856854,-59.379185332134284,False
nav16_low,Nav1.6,low,10.0,300.0,1,EPSP_PASSIVE,0,0.0,-29.521930962999853,-59.663179668183474,False
nav16_low,Nav1.6,low,10.0,330.0,1,EPSP_PASSIVE,0,0.0,-29.809012220249667,-59.651115911584284,False
nav16_low,Nav1.6,low,10.0,0.0,1,IPSP_PASSIVE,0,0.0,-59.999514676693714,-60.09683027413702,False
nav16_low,Nav1.6,low,10.0,30.0,1,IPSP_PASSIVE,0,0.0,-59.99951473455891,-60.09682673818686,False
nav16_low,Nav1.6,low,10.0,60.0,1,IPSP_PASSIVE,0,0.0,-59.99951466995917,-60.096823428884015,False
nav16_low,Nav1.6,low,10.0,90.0,1,IPSP_PASSIVE,0,0.0,-59.999514486248486,-60.09682766863934,False
nav16_low,Nav1.6,low,10.0,120.0,1,IPSP_PASSIVE,0,0.0,-59.999514486248486,-60.09682766863934,False
nav16_low,Nav1.6,low,10.0,150.0,1,IPSP_PASSIVE,0,0.0,-59.999514486248486,-60.09682766863934,False
nav16_low,Nav1.6,low,10.0,180.0,1,IPSP_PASSIVE,0,0.0,-59.999514486248486,-60.09682766863934,False
nav16_low,Nav1.6,low,10.0,210.0,1,IPSP_PASSIVE,0,0.0,-59.99951424806986,-60.09682960784543,False
nav16_low,Nav1.6,low,10.0,240.0,1,IPSP_PASSIVE,0,0.0,-59.99951470667326,-60.09683713601164,False
nav16_low,Nav1.6,low,10.0,270.0,1,IPSP_PASSIVE,0,0.0,-59.999514676693714,-60.09683243244791,False
nav16_low,Nav1.6,low,10.0,300.0,1,IPSP_PASSIVE,0,0.0,-59.999514676693714,-60.0968299738944,False
nav16_low,Nav1.6,low,10.0,330.0,1,IPSP_PASSIVE,0,0.0,-59.999514676693714,-60.09682961141055,False
nav16_med,Nav1.6,med,30.0,0.0,1,EPSP_PASSIVE,0,0.0,-29.539234348839813,-58.298149471784164,False
nav16_med,Nav1.6,med,30.0,30.0,1,EPSP_PASSIVE,0,0.0,-29.037364753857464,-45.52961317539531,False
nav16_med,Nav1.6,med,30.0,60.0,1,EPSP_PASSIVE,0,0.0,-28.901420405828876,-39.34646202095521,False
nav16_med,Nav1.6,med,30.0,90.0,1,EPSP_PASSIVE,0,0.0,-29.298937099210015,-38.94157856257779,False
nav16_med,Nav1.6,med,30.0,120.0,1,EPSP_PASSIVE,0,0.0,-29.298937099210015,-38.94157856257779,False
nav16_med,Nav1.6,med,30.0,150.0,1,EPSP_PASSIVE,0,0.0,-29.298937099210015,-38.94157856257779,False
nav16_med,Nav1.6,med,30.0,180.0,1,EPSP_PASSIVE,0,0.0,-29.298937099210015,-38.94157856257779,False
nav16_med,Nav1.6,med,30.0,210.0,1,EPSP_PASSIVE,0,0.0,-28.753075739612296,-40.660024801319025,False
nav16_med,Nav1.6,med,30.0,240.0,1,EPSP_PASSIVE,0,0.0,-29.4212083918515,-53.396538404997465,False
nav16_med,Nav1.6,med,30.0,270.0,1,EPSP_PASSIVE,0,0.0,-29.305036683845806,-59.30460066756192,False
nav16_med,Nav1.6,med,30.0,300.0,1,EPSP_PASSIVE,0,0.0,-29.299275125971352,-59.598607466412425,False
nav16_med,Nav1.6,med,30.0,330.0,1,EPSP_PASSIVE,0,0.0,-29.570276076019855,-59.58621393101094,False
nav16_med,Nav1.6,med,30.0,0.0,1,IPSP_PASSIVE,0,0.0,-59.9369440653101,-60.04137338243673,False
nav16_med,Nav1.6,med,30.0,30.0,1,IPSP_PASSIVE,0,0.0,-59.93697306937203,-60.0412790249404,False
nav16_med,Nav1.6,med,30.0,60.0,1,IPSP_PASSIVE,0,0.0,-59.93696909786588,-60.04134182653085,False
nav16_med,Nav1.6,med,30.0,90.0,1,IPSP_PASSIVE,0,0.0,-59.936947779513964,-60.04129084628756,False
nav16_med,Nav1.6,med,30.0,120.0,1,IPSP_PASSIVE,0,0.0,-59.936947779513964,-60.04129084628756,False
nav16_med,Nav1.6,med,30.0,150.0,1,IPSP_PASSIVE,0,0.0,-59.936947779513964,-60.04129084628756,False
nav16_med,Nav1.6,med,30.0,180.0,1,IPSP_PASSIVE,0,0.0,-59.936947779513964,-60.04129084628756,False
nav16_med,Nav1.6,med,30.0,210.0,1,IPSP_PASSIVE,0,0.0,-59.93696100707892,-60.0412571917517,False
nav16_med,Nav1.6,med,30.0,240.0,1,IPSP_PASSIVE,0,0.0,-59.936993716434564,-60.04127321704116,False
nav16_med,Nav1.6,med,30.0,270.0,1,IPSP_PASSIVE,0,0.0,-59.9369440653101,-60.04132131788026,False
nav16_med,Nav1.6,med,30.0,300.0,1,IPSP_PASSIVE,0,0.0,-59.9369440653101,-60.04137991785035,False
nav16_med,Nav1.6,med,30.0,330.0,1,IPSP_PASSIVE,0,0.0,-59.9369440653101,-60.041387821048865,False
nav16_high,Nav1.6,high,90.0,0.0,1,EPSP_PASSIVE,0,0.0,-15.374910434275721,-57.83532804057855,False
nav16_high,Nav1.6,high,90.0,30.0,1,EPSP_PASSIVE,0,0.0,-9.075437947164062,-43.38467869979931,False
nav16_high,Nav1.6,high,90.0,60.0,1,EPSP_PASSIVE,0,0.0,-0.6170667895483649,-37.51680248302964,False
nav16_high,Nav1.6,high,90.0,90.0,1,EPSP_PASSIVE,0,0.0,0.4316258416529055,-37.175182403436715,False
nav16_high,Nav1.6,high,90.0,120.0,1,EPSP_PASSIVE,0,0.0,0.4316258416529055,-37.175182403436715,False
nav16_high,Nav1.6,high,90.0,150.0,1,EPSP_PASSIVE,0,0.0,0.4316258416529055,-37.175182403436715,False
nav16_high,Nav1.6,high,90.0,180.0,1,EPSP_PASSIVE,0,0.0,0.4316258416529055,-37.175182403436715,False
nav16_high,Nav1.6,high,90.0,210.0,1,EPSP_PASSIVE,0,0.0,-1.5801865885484474,-38.65435305601555,False
nav16_high,Nav1.6,high,90.0,240.0,1,EPSP_PASSIVE,0,0.0,-13.246371570701445,-51.489889491646494,False
nav16_high,Nav1.6,high,90.0,270.0,1,EPSP_PASSIVE,0,0.0,-13.947597882638943,-59.05279226948853,False
nav16_high,Nav1.6,high,90.0,300.0,1,EPSP_PASSIVE,0,0.0,-14.187687886043381,-59.387651284319645,False
nav16_high,Nav1.6,high,90.0,330.0,1,EPSP_PASSIVE,0,0.0,-8.83714598556443,-59.37401859307853,False
nav16_high,Nav1.6,high,90.0,0.0,1,IPSP_PASSIVE,0,0.0,-59.72377573904262,-59.86265047536141,False
nav16_high,Nav1.6,high,90.0,30.0,1,IPSP_PASSIVE,0,0.0,-59.7235768103041,-59.86224318798578,False
nav16_high,Nav1.6,high,90.0,60.0,1,IPSP_PASSIVE,0,0.0,-59.72370074904445,-59.86253342456232,False
nav16_high,Nav1.6,high,90.0,90.0,1,IPSP_PASSIVE,0,0.0,-59.72359128617195,-59.86229191486636,False
nav16_high,Nav1.6,high,90.0,120.0,1,IPSP_PASSIVE,0,0.0,-59.72359128617195,-59.86229191486636,False
nav16_high,Nav1.6,high,90.0,150.0,1,IPSP_PASSIVE,0,0.0,-59.72359128617195,-59.86229191486636,False
nav16_high,Nav1.6,high,90.0,180.0,1,IPSP_PASSIVE,0,0.0,-59.72359128617195,-59.86229191486636,False
nav16_high,Nav1.6,high,90.0,210.0,1,IPSP_PASSIVE,0,0.0,-59.723651474727056,-59.86213624208602,False
nav16_high,Nav1.6,high,90.0,240.0,1,IPSP_PASSIVE,0,0.0,-59.72367025633772,-59.862181673748964,False
nav16_high,Nav1.6,high,90.0,270.0,1,IPSP_PASSIVE,0,0.0,-59.72377573904262,-59.86241199818799,False
nav16_high,Nav1.6,high,90.0,300.0,1,IPSP_PASSIVE,0,0.0,-59.72377573904262,-59.862680552982525,False
nav16_high,Nav1.6,high,90.0,330.0,1,IPSP_PASSIVE,0,0.0,-59.72377573904262,-59.86271680076226,False
nap_low,NaP,low,0.3,0.0,1,EPSP_PASSIVE,0,0.0,-29.09152629718289,-57.65242391288112,False
nap_low,NaP,low,0.3,30.0,1,EPSP_PASSIVE,0,0.0,-28.599665370659924,-45.12929258873974,False
nap_low,NaP,low,0.3,60.0,1,EPSP_PASSIVE,0,0.0,-28.47029623093456,-39.122443540837175,False
nap_low,NaP,low,0.3,90.0,1,EPSP_PASSIVE,0,0.0,-28.858600380094277,-38.784434594647685,False
nap_low,NaP,low,0.3,120.0,1,EPSP_PASSIVE,0,0.0,-28.858600380094277,-38.784434594647685,False
nap_low,NaP,low,0.3,150.0,1,EPSP_PASSIVE,0,0.0,-28.858600380094277,-38.784434594647685,False
nap_low,NaP,low,0.3,180.0,1,EPSP_PASSIVE,0,0.0,-28.858600380094277,-38.784434594647685,False
nap_low,NaP,low,0.3,210.0,1,EPSP_PASSIVE,0,0.0,-28.327937151875524,-40.374092224591635,False
nap_low,NaP,low,0.3,240.0,1,EPSP_PASSIVE,0,0.0,-28.989844279459174,-52.848402225215885,False
nap_low,NaP,low,0.3,270.0,1,EPSP_PASSIVE,0,0.0,-28.882446336819044,-58.74386437497941,False
nap_low,NaP,low,0.3,300.0,1,EPSP_PASSIVE,0,0.0,-28.859417660519764,-59.058853629879664,False
nap_low,NaP,low,0.3,330.0,1,EPSP_PASSIVE,0,0.0,-29.123981546539092,-59.0461061485284,False
nap_low,NaP,low,0.3,0.0,1,IPSP_PASSIVE,0,0.0,-59.419480895016946,-59.53880317473098,False
nap_low,NaP,low,0.3,30.0,1,IPSP_PASSIVE,0,0.0,-59.4188782106328,-59.537775139833585,False
nap_low,NaP,low,0.3,60.0,1,IPSP_PASSIVE,0,0.0,-59.419171068751155,-59.53851914326859,False
nap_low,NaP,low,0.3,90.0,1,IPSP_PASSIVE,0,0.0,-59.4190524282209,-59.537898788311765,False
nap_low,NaP,low,0.3,120.0,1,IPSP_PASSIVE,0,0.0,-59.4190524282209,-59.537898788311765,False
nap_low,NaP,low,0.3,150.0,1,IPSP_PASSIVE,0,0.0,-59.4190524282209,-59.537898788311765,False
nap_low,NaP,low,0.3,180.0,1,IPSP_PASSIVE,0,0.0,-59.4190524282209,-59.537898788311765,False
nap_low,NaP,low,0.3,210.0,1,IPSP_PASSIVE,0,0.0,-59.41864953535514,-59.53750495749778,False
nap_low,NaP,low,0.3,240.0,1,IPSP_PASSIVE,0,0.0,-59.419343237112784,-59.5376010444738,False
nap_low,NaP,low,0.3,270.0,1,IPSP_PASSIVE,0,0.0,-59.41932567447726,-59.538187227410575,False
nap_low,NaP,low,0.3,300.0,1,IPSP_PASSIVE,0,0.0,-59.41932567447726,-59.53887654229455,False
nap_low,NaP,low,0.3,330.0,1,IPSP_PASSIVE,0,0.0,-59.41932567447726,-59.538970896550914,False
nap_med,NaP,med,0.8,0.0,1,EPSP_PASSIVE,0,0.0,-27.894306633809116,-55.51722798675736,False
nap_med,NaP,med,0.8,30.0,1,EPSP_PASSIVE,0,0.0,-27.44944940095507,-42.38849931229051,False
nap_med,NaP,med,0.8,60.0,1,EPSP_PASSIVE,0,0.0,-27.324460665778943,-36.81992790177197,False
nap_med,NaP,med,0.8,90.0,1,EPSP_PASSIVE,0,0.0,-27.674616248310166,-36.5623579271829,False
nap_med,NaP,med,0.8,120.0,1,EPSP_PASSIVE,0,0.0,-27.674616248310166,-36.5623579271829,False
nap_med,NaP,med,0.8,150.0,1,EPSP_PASSIVE,0,0.0,-27.674616248310166,-36.5623579271829,False
nap_med,NaP,med,0.8,180.0,1,EPSP_PASSIVE,0,0.0,-27.674616248310166,-36.5623579271829,False
nap_med,NaP,med,0.8,210.0,1,EPSP_PASSIVE,0,0.0,-27.209596116137675,-37.900086202522225,False
nap_med,NaP,med,0.8,240.0,1,EPSP_PASSIVE,0,0.0,-27.78377611340702,-49.90394984606566,False
nap_med,NaP,med,0.8,270.0,1,EPSP_PASSIVE,0,0.0,-27.71538439501025,-57.098234075830646,False
nap_med,NaP,med,0.8,300.0,1,EPSP_PASSIVE,0,0.0,-27.68373278597448,-57.53642710493633,False
nap_med,NaP,med,0.8,330.0,1,EPSP_PASSIVE,0,0.0,-27.90942067302681,-57.52128133414933,False
nap_med,NaP,med,0.8,0.0,1,IPSP_PASSIVE,0,0.0,-57.98504560585793,-58.181190148615535,False
nap_med,NaP,med,0.8,30.0,1,IPSP_PASSIVE,0,0.0,-57.98283933922859,-58.17663338399229,False
nap_med,NaP,med,0.8,60.0,1,IPSP_PASSIVE,0,0.0,-57.983830034193595,-58.18002867646843,False
nap_med,NaP,med,0.8,90.0,1,IPSP_PASSIVE,0,0.0,-57.98327379289903,-58.17715644729792,False
nap_med,NaP,med,0.8,120.0,1,IPSP_PASSIVE,0,0.0,-57.98327379289903,-58.17715644729792,False
nap_med,NaP,med,0.8,150.0,1,IPSP_PASSIVE,0,0.0,-57.98327379289903,-58.17715644729792,False
nap_med,NaP,med,0.8,180.0,1,IPSP_PASSIVE,0,0.0,-57.98327379289903,-58.17715644729792,False
nap_med,NaP,med,0.8,210.0,1,IPSP_PASSIVE,0,0.0,-57.982047492113914,-58.175544620051284,False
nap_med,NaP,med,0.8,240.0,1,IPSP_PASSIVE,0,0.0,-57.98418945783193,-58.175796553168595,False
nap_med,NaP,med,0.8,270.0,1,IPSP_PASSIVE,0,0.0,-57.985116477130106,-58.178360355223596,False
nap_med,NaP,med,0.8,300.0,1,IPSP_PASSIVE,0,0.0,-57.985116477130106,-58.18147422029428,False
nap_med,NaP,med,0.8,330.0,1,IPSP_PASSIVE,0,0.0,-57.985116477130106,-58.181913992045324,False
nap_high,NaP,high,2.4,0.0,1,EPSP_PASSIVE,0,0.0,-24.81733989511403,-38.283366348095164,False
nap_high,NaP,high,2.4,30.0,1,EPSP_PASSIVE,0,0.0,-24.467918062896363,-33.27477960447598,False
nap_high,NaP,high,2.4,60.0,1,EPSP_PASSIVE,0,0.0,-24.356788437923985,-30.447421877934097,False
nap_high,NaP,high,2.4,90.0,1,EPSP_PASSIVE,0,0.0,-24.620099928615872,-30.325395979485233,False
nap_high,NaP,high,2.4,120.0,1,EPSP_PASSIVE,0,0.0,-24.620099928615872,-30.325395979485233,False
nap_high,NaP,high,2.4,150.0,1,EPSP_PASSIVE,0,0.0,-24.620099928615872,-30.325395979485233,False
nap_high,NaP,high,2.4,180.0,1,EPSP_PASSIVE,0,0.0,-24.620099928615872,-30.325395979485233,False
nap_high,NaP,high,2.4,210.0,1,EPSP_PASSIVE,0,0.0,-24.2854145232987,-31.052355912538935,False
nap_high,NaP,high,2.4,240.0,1,EPSP_PASSIVE,0,0.0,-24.71028431079373,-36.370861216539744,False
nap_high,NaP,high,2.4,270.0,1,EPSP_PASSIVE,0,0.0,-24.713040859123563,-38.76893050638969,False
nap_high,NaP,high,2.4,300.0,1,EPSP_PASSIVE,0,0.0,-24.657551750590216,-38.92463108591903,False
nap_high,NaP,high,2.4,330.0,1,EPSP_PASSIVE,0,0.0,-24.80593813693657,-38.91442161921821,False
nap_high,NaP,high,2.4,0.0,1,IPSP_PASSIVE,0,0.0,-37.182470919075485,-39.234684673206786,False
nap_high,NaP,high,2.4,30.0,1,IPSP_PASSIVE,0,0.0,-37.172524818078934,-39.2144278429092,False
nap_high,NaP,high,2.4,60.0,1,IPSP_PASSIVE,0,0.0,-37.17892692548472,-39.22877800137037,False
nap_high,NaP,high,2.4,90.0,1,IPSP_PASSIVE,0,0.0,-37.169102451687706,-39.21705912997433,False
nap_high,NaP,high,2.4,120.0,1,IPSP_PASSIVE,0,0.0,-37.169102451687706,-39.21705912997433,False
nap_high,NaP,high,2.4,150.0,1,IPSP_PASSIVE,0,0.0,-37.169102451687706,-39.21705912997433,False
nap_high,NaP,high,2.4,180.0,1,IPSP_PASSIVE,0,0.0,-37.169102451687706,-39.21705912997433,False
nap_high,NaP,high,2.4,210.0,1,IPSP_PASSIVE,0,0.0,-37.170988927374594,-39.20800426299812,False
nap_high,NaP,high,2.4,240.0,1,IPSP_PASSIVE,0,0.0,-37.17713734098916,-39.21078028821588,False
nap_high,NaP,high,2.4,270.0,1,IPSP_PASSIVE,0,0.0,-37.182470919075485,-39.22325884041219,False
nap_high,NaP,high,2.4,300.0,1,IPSP_PASSIVE,0,0.0,-37.182470919075485,-39.236583954181995,False
nap_high,NaP,high,2.4,330.0,1,IPSP_PASSIVE,0,0.0,-37.182470919075485,-39.23834294770284,False
nar_low,NaR,low,3.0,0.0,1,EPSP_PASSIVE,0,0.0,-29.88773113547574,-58.451598983371966,False
nar_low,NaR,low,3.0,30.0,1,EPSP_PASSIVE,0,0.0,-29.36230618659778,-46.60257508738672,False
nar_low,NaR,low,3.0,60.0,1,EPSP_PASSIVE,0,0.0,-29.23178800131814,-40.44892475501293,False
nar_low,NaR,low,3.0,90.0,1,EPSP_PASSIVE,0,0.0,-29.646204870219616,-40.0871077542862,False
nar_low,NaR,low,3.0,120.0,1,EPSP_PASSIVE,0,0.0,-29.646204870219616,-40.0871077542862,False
nar_low,NaR,low,3.0,150.0,1,EPSP_PASSIVE,0,0.0,-29.646204870219616,-40.0871077542862,False
nar_low,NaR,low,3.0,180.0,1,EPSP_PASSIVE,0,0.0,-29.646204870219616,-40.0871077542862,False
nar_low,NaR,low,3.0,210.0,1,EPSP_PASSIVE,0,0.0,-29.06760789715383,-41.78632421356737,False
nar_low,NaR,low,3.0,240.0,1,EPSP_PASSIVE,0,0.0,-29.797079819076274,-54.17925347603345,False
nar_low,NaR,low,3.0,270.0,1,EPSP_PASSIVE,0,0.0,-29.6589627140326,-59.4032406480939,False
nar_low,NaR,low,3.0,300.0,1,EPSP_PASSIVE,0,0.0,-29.639236037747455,-59.68381307445359,False
nar_low,NaR,low,3.0,330.0,1,EPSP_PASSIVE,0,0.0,-29.935203634565465,-59.67185730890208,False
nar_low,NaR,low,3.0,0.0,1,IPSP_PASSIVE,0,0.0,-60.01328007879925,-60.114378612728224,False
nar_low,NaR,low,3.0,30.0,1,IPSP_PASSIVE,0,0.0,-60.0133391299959,-60.11440314895904,False
nar_low,NaR,low,3.0,60.0,1,IPSP_PASSIVE,0,0.0,-60.01320361748165,-60.114379405117376,False
nar_low,NaR,low,3.0,90.0,1,IPSP_PASSIVE,0,0.0,-60.01325802022355,-60.11440070933651,False
nar_low,NaR,low,3.0,120.0,1,IPSP_PASSIVE,0,0.0,-60.01325802022355,-60.11440070933651,False
nar_low,NaR,low,3.0,150.0,1,IPSP_PASSIVE,0,0.0,-60.01325802022355,-60.11440070933651,False
nar_low,NaR,low,3.0,180.0,1,IPSP_PASSIVE,0,0.0,-60.01325802022355,-60.11440070933651,False
nar_low,NaR,low,3.0,210.0,1,IPSP_PASSIVE,0,0.0,-60.01309780992873,-60.114413650031366,False
nar_low,NaR,low,3.0,240.0,1,IPSP_PASSIVE,0,0.0,-60.013083211826356,-60.114418525850944,False
nar_low,NaR,low,3.0,270.0,1,IPSP_PASSIVE,0,0.0,-60.013300730804865,-60.11439752167892,False
nar_low,NaR,low,3.0,300.0,1,IPSP_PASSIVE,0,0.0,-60.01363030907426,-60.11437619819005,False
nar_low,NaR,low,3.0,330.0,1,IPSP_PASSIVE,0,0.0,-60.013428323272585,-60.11437328092994,False
nar_med,NaR,med,8.0,0.0,1,EPSP_PASSIVE,0,0.0,-29.88757370204829,-58.42513093999414,False
nar_med,NaR,med,8.0,30.0,1,EPSP_PASSIVE,0,0.0,-29.362204243892812,-46.55295627930275,False
nar_med,NaR,med,8.0,60.0,1,EPSP_PASSIVE,0,0.0,-29.231734669223943,-40.40324224732572,False
nar_med,NaR,med,8.0,90.0,1,EPSP_PASSIVE,0,0.0,-29.646095033621116,-40.04198542596537,False
nar_med,NaR,med,8.0,120.0,1,EPSP_PASSIVE,0,0.0,-29.646095033621116,-40.04198542596537,False
nar_med,NaR,med,8.0,150.0,1,EPSP_PASSIVE,0,0.0,-29.646095033621116,-40.04198542596537,False
nar_med,NaR,med,8.0,180.0,1,EPSP_PASSIVE,0,0.0,-29.646095033621116,-40.04198542596537,False
nar_med,NaR,med,8.0,210.0,1,EPSP_PASSIVE,0,0.0,-29.067542217319676,-41.73830591155464,False
nar_med,NaR,med,8.0,240.0,1,EPSP_PASSIVE,0,0.0,-29.796952485396485,-54.12575621596028,False
nar_med,NaR,med,8.0,270.0,1,EPSP_PASSIVE,0,0.0,-29.65873006581266,-59.38333552051566,False
nar_med,NaR,med,8.0,300.0,1,EPSP_PASSIVE,0,0.0,-29.639097559496463,-59.66582137978713,False
nar_med,NaR,med,8.0,330.0,1,EPSP_PASSIVE,0,0.0,-29.935000895481277,-59.653789101342475,False
nar_med,NaR,med,8.0,0.0,1,IPSP_PASSIVE,0,0.0,-60.00252026743549,-60.0984539404276,False
nar_med,NaR,med,8.0,30.0,1,IPSP_PASSIVE,0,0.0,-60.002523914855125,-60.09845283175696,False
nar_med,NaR,med,8.0,60.0,1,IPSP_PASSIVE,0,0.0,-60.00252148950196,-60.09844778088798,False
nar_med,NaR,med,8.0,90.0,1,IPSP_PASSIVE,0,0.0,-60.00252167960103,-60.098453506121416,False
nar_med,NaR,med,8.0,120.0,1,IPSP_PASSIVE,0,0.0,-60.00252167960103,-60.098453506121416,False
nar_med,NaR,med,8.0,150.0,1,IPSP_PASSIVE,0,0.0,-60.00252167960103,-60.098453506121416,False
nar_med,NaR,med,8.0,180.0,1,IPSP_PASSIVE,0,0.0,-60.00252167960103,-60.098453506121416,False
nar_med,NaR,med,8.0,210.0,1,IPSP_PASSIVE,0,0.0,-60.002522438113836,-60.098456348734274,False
nar_med,NaR,med,8.0,240.0,1,IPSP_PASSIVE,0,0.0,-60.00252104683892,-60.098463570889116,False
nar_med,NaR,med,8.0,270.0,1,IPSP_PASSIVE,0,0.0,-60.00252026743549,-60.098457493904675,False
nar_med,NaR,med,8.0,300.0,1,IPSP_PASSIVE,0,0.0,-60.00252026743549,-60.09845345565348,False
nar_med,NaR,med,8.0,330.0,1,IPSP_PASSIVE,0,0.0,-60.00252026743549,-60.098452881388845,False
nar_high,NaR,high,24.0,0.0,1,EPSP_PASSIVE,0,0.0,-29.887065656891615,-58.33791133196885,False
nar_high,NaR,high,24.0,30.0,1,EPSP_PASSIVE,0,0.0,-29.361873646071533,-46.39362107355085,False
nar_high,NaR,high,24.0,60.0,1,EPSP_PASSIVE,0,0.0,-29.231559250488324,-40.25592545861574,False
nar_high,NaR,high,24.0,90.0,1,EPSP_PASSIVE,0,0.0,-29.645739470252067,-39.89627405694972,False
nar_high,NaR,high,24.0,120.0,1,EPSP_PASSIVE,0,0.0,-29.645739470252067,-39.89627405694972,False
nar_high,NaR,high,24.0,150.0,1,EPSP_PASSIVE,0,0.0,-29.645739470252067,-39.89627405694972,False
nar_high,NaR,high,24.0,180.0,1,EPSP_PASSIVE,0,0.0,-29.645739470252067,-39.89627405694972,False
nar_high,NaR,high,24.0,210.0,1,EPSP_PASSIVE,0,0.0,-29.067326127757955,-41.58388521335108,False
nar_high,NaR,high,24.0,240.0,1,EPSP_PASSIVE,0,0.0,-29.796538011015713,-53.952882096011976,False
nar_high,NaR,high,24.0,270.0,1,EPSP_PASSIVE,0,0.0,-29.65798410433673,-59.318213325261304,False
nar_high,NaR,high,24.0,300.0,1,EPSP_PASSIVE,0,0.0,-29.638650624615117,-59.60713808728317,False
nar_high,NaR,high,24.0,330.0,1,EPSP_PASSIVE,0,0.0,-29.934350137049496,-59.594849153322365,False
nar_high,NaR,high,24.0,0.0,1,IPSP_PASSIVE,0,0.0,-59.94759625959418,-60.04661921760516,False
nar_high,NaR,high,24.0,30.0,1,IPSP_PASSIVE,0,0.0,-59.94762383048814,-60.046533287795214,False
nar_high,NaR,high,24.0,60.0,1,IPSP_PASSIVE,0,0.0,-59.94762007670367,-60.04659003736538,False
nar_high,NaR,high,24.0,90.0,1,IPSP_PASSIVE,0,0.0,-59.9475958440016,-60.046544242401104,False
nar_high,NaR,high,24.0,120.0,1,IPSP_PASSIVE,0,0.0,-59.9475958440016,-60.046544242401104,False
nar_high,NaR,high,24.0,150.0,1,IPSP_PASSIVE,0,0.0,-59.9475958440016,-60.046544242401104,False
nar_high,NaR,high,24.0,180.0,1,IPSP_PASSIVE,0,0.0,-59.9475958440016,-60.046544242401104,False
nar_high,NaR,high,24.0,210.0,1,IPSP_PASSIVE,0,0.0,-59.94760465581989,-60.04651368166295,False
nar_high,NaR,high,24.0,240.0,1,IPSP_PASSIVE,0,0.0,-59.9476246409257,-60.04652868773439,False
nar_high,NaR,high,24.0,270.0,1,IPSP_PASSIVE,0,0.0,-59.94759625959418,-60.04657200472936,False
nar_high,NaR,high,24.0,300.0,1,IPSP_PASSIVE,0,0.0,-59.94759625959418,-60.04662512349148,False
nar_high,NaR,high,24.0,330.0,1,IPSP_PASSIVE,0,0.0,-59.94759625959418,-60.046632283750235,False
kv3_low,Kv3,low,7.0,0.0,1,EPSP_PASSIVE,0,0.0,-29.92177261538087,-58.467323839238894,False
kv3_low,Kv3,low,7.0,30.0,1,EPSP_PASSIVE,0,0.0,-29.399511997043433,-46.63709006129696,False
kv3_low,Kv3,low,7.0,60.0,1,EPSP_PASSIVE,0,0.0,-29.26815950376594,-40.49047890840857,False
kv3_low,Kv3,low,7.0,90.0,1,EPSP_PASSIVE,0,0.0,-29.680256368812117,-40.12864112141964,False
kv3_low,Kv3,low,7.0,120.0,1,EPSP_PASSIVE,0,0.0,-29.680256368812117,-40.12864112141964,False
kv3_low,Kv3,low,7.0,150.0,1,EPSP_PASSIVE,0,0.0,-29.680256368812117,-40.12864112141964,False
kv3_low,Kv3,low,7.0,180.0,1,EPSP_PASSIVE,0,0.0,-29.680256368812117,-40.12864112141964,False
kv3_low,Kv3,low,7.0,210.0,1,EPSP_PASSIVE,0,0.0,-29.10476526049318,-41.82653058387567,False
kv3_low,Kv3,low,7.0,240.0,1,EPSP_PASSIVE,0,0.0,-29.828335319278604,-54.21160107322433,False
kv3_low,Kv3,low,7.0,270.0,1,EPSP_PASSIVE,0,0.0,-29.693267524954038,-59.41509468811205,False
kv3_low,Kv3,low,7.0,300.0,1,EPSP_PASSIVE,0,0.0,-29.674509529404055,-59.69453893017456,False
kv3_low,Kv3,low,7.0,330.0,1,EPSP_PASSIVE,0,0.0,-29.968863305538793,-59.68262830516917,False
kv3_low,Kv3,low,7.0,0.0,1,IPSP_PASSIVE,0,0.0,-60.019588238367426,-60.1238790236296,False
kv3_low,Kv3,low,7.0,30.0,1,IPSP_PASSIVE,0,0.0,-60.01967137344785,-60.12391876817982,False
kv3_low,Kv3,low,7.0,60.0,1,IPSP_PASSIVE,0,0.0,-60.01946855209163,-60.12388393703859,False
kv3_low,Kv3,low,7.0,90.0,1,IPSP_PASSIVE,0,0.0,-60.019551512046284,-60.12391448055115,False
kv3_low,Kv3,low,7.0,120.0,1,IPSP_PASSIVE,0,0.0,-60.019551512046284,-60.12391448055115,False
kv3_low,Kv3,low,7.0,150.0,1,IPSP_PASSIVE,0,0.0,-60.019551512046284,-60.12391448055115,False
kv3_low,Kv3,low,7.0,180.0,1,IPSP_PASSIVE,0,0.0,-60.019551512046284,-60.12391448055115,False
kv3_low,Kv3,low,7.0,210.0,1,IPSP_PASSIVE,0,0.0,-60.019310796928956,-60.12393340959537,False
kv3_low,Kv3,low,7.0,240.0,1,IPSP_PASSIVE,0,0.0,-60.01929591948394,-60.1239368954014,False
kv3_low,Kv3,low,7.0,270.0,1,IPSP_PASSIVE,0,0.0,-60.01961326382818,-60.12390704033668,False
kv3_low,Kv3,low,7.0,300.0,1,IPSP_PASSIVE,0,0.0,-60.0200973235418,-60.1238754651825,False
kv3_low,Kv3,low,7.0,330.0,1,IPSP_PASSIVE,0,0.0,-60.01980634181419,-60.12387115746215,False
kv3_med,Kv3,med,20.0,0.0,1,EPSP_PASSIVE,0,0.0,-29.983399466938067,-58.46735295532795,False
kv3_med,Kv3,med,20.0,30.0,1,EPSP_PASSIVE,0,0.0,-29.466854087983187,-46.64587859616813,False
kv3_med,Kv3,med,20.0,60.0,1,EPSP_PASSIVE,0,0.0,-29.334081837638777,-40.516406824763095,False
kv3_med,Kv3,med,20.0,90.0,1,EPSP_PASSIVE,0,0.0,-29.741980090318016,-40.15516809061238,False
kv3_med,Kv3,med,20.0,120.0,1,EPSP_PASSIVE,0,0.0,-29.741980090318016,-40.15516809061238,False
kv3_med,Kv3,med,20.0,150.0,1,EPSP_PASSIVE,0,0.0,-29.741980090318016,-40.15516809061238,False
kv3_med,Kv3,med,20.0,180.0,1,EPSP_PASSIVE,0,0.0,-29.741980090318016,-40.15516809061238,False
kv3_med,Kv3,med,20.0,210.0,1,EPSP_PASSIVE,0,0.0,-29.1720318205399,-41.847440794728875,False
kv3_med,Kv3,med,20.0,240.0,1,EPSP_PASSIVE,0,0.0,-29.88506071274667,-54.21229461763966,False
kv3_med,Kv3,med,20.0,270.0,1,EPSP_PASSIVE,0,0.0,-29.7553686748034,-59.41511144686451,False
kv3_med,Kv3,med,20.0,300.0,1,EPSP_PASSIVE,0,0.0,-29.738401277421577,-59.6945532351956,False
kv3_med,Kv3,med,20.0,330.0,1,EPSP_PASSIVE,0,0.0,-30.029779224803793,-59.682642662824684,False
kv3_med,Kv3,med,20.0,0.0,1,IPSP_PASSIVE,0,0.0,-60.01959657161521,-60.123891025082656,False
kv3_med,Kv3,med,20.0,30.0,1,IPSP_PASSIVE,0,0.0,-60.01967973852433,-60.123930789642465,False
kv3_med,Kv3,med,20.0,60.0,1,IPSP_PASSIVE,0,0.0,-60.01947682885356,-60.123895944050254,False
kv3_med,Kv3,med,20.0,90.0,1,IPSP_PASSIVE,0,0.0,-60.01955982584286,-60.123926499554976,False
kv3_med,Kv3,med,20.0,120.0,1,IPSP_PASSIVE,0,0.0,-60.01955982584286,-60.123926499554976,False
kv3_med,Kv3,med,20.0,150.0,1,IPSP_PASSIVE,0,0.0,-60.01955982584286,-60.123926499554976,False
kv3_med,Kv3,med,20.0,180.0,1,IPSP_PASSIVE,0,0.0,-60.01955982584286,-60.123926499554976,False
kv3_med,Kv3,med,20.0,210.0,1,IPSP_PASSIVE,0,0.0,-60.01931900488834,-60.12394543657286,False
kv3_med,Kv3,med,20.0,240.0,1,IPSP_PASSIVE,0,0.0,-60.01930412687927,-60.12394892036985,False
kv3_med,Kv3,med,20.0,270.0,1,IPSP_PASSIVE,0,0.0,-60.019621602430526,-60.12391905371677,False
kv3_med,Kv3,med,20.0,300.0,1,IPSP_PASSIVE,0,0.0,-60.020105866137925,-60.12388746513073,False
kv3_med,Kv3,med,20.0,330.0,1,IPSP_PASSIVE,0,0.0,-60.01981476690324,-60.12388315558971,False
kv3_high,Kv3,high,60.0,0.0,1,EPSP_PASSIVE,0,0.0,-30.16249313076419,-58.467442536576904,False
kv3_high,Kv3,high,60.0,30.0,1,EPSP_PASSIVE,0,0.0,-29.66193768042301,-46.672221493757434,False
kv3_high,Kv3,high,60.0,60.0,1,EPSP_PASSIVE,0,0.0,-29.525335008863678,-40.59260742801616,False
kv3_high,Kv3,high,60.0,90.0,1,EPSP_PASSIVE,0,0.0,-29.92156119716217,-40.23315451117337,False
kv3_high,Kv3,high,60.0,120.0,1,EPSP_PASSIVE,0,0.0,-29.92156119716217,-40.23315451117337,False
kv3_high,Kv3,high,60.0,150.0,1,EPSP_PASSIVE,0,0.0,-29.92156119716217,-40.23315451117337,False
kv3_high,Kv3,high,60.0,180.0,1,EPSP_PASSIVE,0,0.0,-29.92156119716217,-40.23315451117337,False
kv3_high,Kv3,high,60.0,210.0,1,EPSP_PASSIVE,0,0.0,-29.366735160364954,-41.909168035843194,False
kv3_high,Kv3,high,60.0,240.0,1,EPSP_PASSIVE,0,0.0,-30.050787623855665,-54.21441940848444,False
kv3_high,Kv3,high,60.0,270.0,1,EPSP_PASSIVE,0,0.0,-29.936369282087764,-59.41516301070056,False
kv3_high,Kv3,high,60.0,300.0,1,EPSP_PASSIVE,0,0.0,-29.92411858155057,-59.69459724966468,False
kv3_high,Kv3,high,60.0,330.0,1,EPSP_PASSIVE,0,0.0,-30.207025776534422,-59.68268683923906,False
kv3_high,Kv3,high,60.0,0.0,1,IPSP_PASSIVE,0,0.0,-60.01962221205714,-60.123927951961214,False
kv3_high,Kv3,high,60.0,30.0,1,IPSP_PASSIVE,0,0.0,-60.019705476898736,-60.12396777808669,False
kv3_high,Kv3,high,60.0,60.0,1,IPSP_PASSIVE,0,0.0,-60.01950229549877,-60.12393288803161,False
kv3_high,Kv3,high,60.0,90.0,1,IPSP_PASSIVE,0,0.0,-60.01958540643559,-60.12396348043383,False
kv3_high,Kv3,high,60.0,120.0,1,IPSP_PASSIVE,0,0.0,-60.01958540643559,-60.12396348043383,False
kv3_high,Kv3,high,60.0,150.0,1,IPSP_PASSIVE,0,0.0,-60.01958540643559,-60.12396348043383,False
kv3_high,Kv3,high,60.0,180.0,1,IPSP_PASSIVE,0,0.0,-60.01958540643559,-60.12396348043383,False
kv3_high,Kv3,high,60.0,210.0,1,IPSP_PASSIVE,0,0.0,-60.0193442598373,-60.12398244198534,False
kv3_high,Kv3,high,60.0,240.0,1,IPSP_PASSIVE,0,0.0,-60.01932938009195,-60.12398591960076,False
kv3_high,Kv3,high,60.0,270.0,1,IPSP_PASSIVE,0,0.0,-60.01964725934594,-60.12395601729245,False
kv3_high,Kv3,high,60.0,300.0,1,IPSP_PASSIVE,0,0.0,-60.02013215071359,-60.12392438737911,False
kv3_high,Kv3,high,60.0,330.0,1,IPSP_PASSIVE,0,0.0,-60.01984068992577,-60.123920072236274,False
kv4_low,Kv4,low,4.0,0.0,1,EPSP_PASSIVE,0,0.0,-29.88916044613511,-58.47700250130879,False
kv4_low,Kv4,low,4.0,30.0,1,EPSP_PASSIVE,0,0.0,-29.363909966187556,-46.65238549701918,False
kv4_low,Kv4,low,4.0,60.0,1,EPSP_PASSIVE,0,0.0,-29.233178989827497,-40.501493175584216,False
kv4_low,Kv4,low,4.0,90.0,1,EPSP_PASSIVE,0,0.0,-29.64746871439629,-40.140189113662885,False
kv4_low,Kv4,low,4.0,120.0,1,EPSP_PASSIVE,0,0.0,-29.64746871439629,-40.140189113662885,False
kv4_low,Kv4,low,4.0,150.0,1,EPSP_PASSIVE,0,0.0,-29.64746871439629,-40.140189113662885,False
kv4_low,Kv4,low,4.0,180.0,1,EPSP_PASSIVE,0,0.0,-29.64746871439629,-40.140189113662885,False
kv4_low,Kv4,low,4.0,210.0,1,EPSP_PASSIVE,0,0.0,-29.06883183766719,-41.83928052529095,False
kv4_low,Kv4,low,4.0,240.0,1,EPSP_PASSIVE,0,0.0,-29.798545665281083,-54.22715486755695,False
kv4_low,Kv4,low,4.0,270.0,1,EPSP_PASSIVE,0,0.0,-29.660989338764043,-59.42356542425841,False
kv4_low,Kv4,low,4.0,300.0,1,EPSP_PASSIVE,0,0.0,-29.64063342879731,-59.702581891041504,False
kv4_low,Kv4,low,4.0,330.0,1,EPSP_PASSIVE,0,0.0,-29.93665221968149,-59.69068510487146,False
kv4_low,Kv4,low,4.0,0.0,1,IPSP_PASSIVE,0,0.0,-60.023992106074694,-60.131427171349685,False
kv4_low,Kv4,low,4.0,30.0,1,IPSP_PASSIVE,0,0.0,-60.02409177838938,-60.13147778465569,False
kv4_low,Kv4,low,4.0,60.0,1,IPSP_PASSIVE,0,0.0,-60.023841907801774,-60.13143490446329,False
kv4_low,Kv4,low,4.0,90.0,1,IPSP_PASSIVE,0,0.0,-60.02394494279625,-60.13147217719049,False
kv4_low,Kv4,low,4.0,120.0,1,IPSP_PASSIVE,0,0.0,-60.02394494279625,-60.13147217719049,False
kv4_low,Kv4,low,4.0,150.0,1,IPSP_PASSIVE,0,0.0,-60.02394494279625,-60.13147217719049,False
kv4_low,Kv4,low,4.0,180.0,1,IPSP_PASSIVE,0,0.0,-60.02394494279625,-60.13147217719049,False
kv4_low,Kv4,low,4.0,210.0,1,IPSP_PASSIVE,0,0.0,-60.023647942823814,-60.13149524824018,False
kv4_low,Kv4,low,4.0,240.0,1,IPSP_PASSIVE,0,0.0,-60.0236330874347,-60.13149790038588,False
kv4_low,Kv4,low,4.0,270.0,1,IPSP_PASSIVE,0,0.0,-60.024020052430906,-60.13146177027993,False
kv4_low,Kv4,low,4.0,300.0,1,IPSP_PASSIVE,0,0.0,-60.02461190509026,-60.13142279717615,False
kv4_low,Kv4,low,4.0,330.0,1,IPSP_PASSIVE,0,0.0,-60.024258853236375,-60.13141751020748,False
kv4_med,Kv4,med,12.0,0.0,1,EPSP_PASSIVE,0,0.0,-29.891833163338518,-58.49632274999152,False
kv4_med,Kv4,med,12.0,30.0,1,EPSP_PASSIVE,0,0.0,-29.367005294567537,-46.692423039523824,False
kv4_med,Kv4,med,12.0,60.0,1,EPSP_PASSIVE,0,0.0,-29.235907560817516,-40.55161481586846,False
kv4_med,Kv4,med,12.0,90.0,1,EPSP_PASSIVE,0,0.0,-29.64986926034082,-40.191976228659364,False
kv4_med,Kv4,med,12.0,120.0,1,EPSP_PASSIVE,0,0.0,-29.64986926034082,-40.191976228659364,False
kv4_med,Kv4,med,12.0,150.0,1,EPSP_PASSIVE,0,0.0,-29.64986926034082,-40.191976228659364,False
kv4_med,Kv4,med,12.0,180.0,1,EPSP_PASSIVE,0,0.0,-29.64986926034082,-40.191976228659364,False
kv4_med,Kv4,med,12.0,210.0,1,EPSP_PASSIVE,0,0.0,-29.071206528278676,-41.88739310726243,False
kv4_med,Kv4,med,12.0,240.0,1,EPSP_PASSIVE,0,0.0,-29.801330146051804,-54.25890407899839,False
kv4_med,Kv4,med,12.0,270.0,1,EPSP_PASSIVE,0,0.0,-29.66477348018872,-59.440468545649885,False
kv4_med,Kv4,med,12.0,300.0,1,EPSP_PASSIVE,0,0.0,-29.643264802634153,-59.718632035559274,False
kv4_med,Kv4,med,12.0,330.0,1,EPSP_PASSIVE,0,0.0,-29.939307946278287,-59.706762879687865,False
kv4_med,Kv4,med,12.0,0.0,1,IPSP_PASSIVE,0,0.0,-60.03279884326044,-60.14648933621148,False
kv4_med,Kv4,med,12.0,30.0,1,IPSP_PASSIVE,0,0.0,-60.03293117834506,-60.146561606145596,False
kv4_med,Kv4,med,12.0,60.0,1,IPSP_PASSIVE,0,0.0,-60.03258728357029,-60.146502681888805,False
kv4_med,Kv4,med,12.0,90.0,1,IPSP_PASSIVE,0,0.0,-60.03273060531912,-60.1465533615721,False
kv4_med,Kv4,med,12.0,120.0,1,IPSP_PASSIVE,0,0.0,-60.03273060531912,-60.1465533615721,False
kv4_med,Kv4,med,12.0,150.0,1,IPSP_PASSIVE,0,0.0,-60.03273060531912,-60.1465533615721,False
kv4_med,Kv4,med,12.0,180.0,1,IPSP_PASSIVE,0,0.0,-60.03273060531912,-60.1465533615721,False
kv4_med,Kv4,med,12.0,210.0,1,IPSP_PASSIVE,0,0.0,-60.032321200168155,-60.14658468927712,False
kv4_med,Kv4,med,12.0,240.0,1,IPSP_PASSIVE,0,0.0,-60.03230668020919,-60.146585688031664,False
kv4_med,Kv4,med,12.0,270.0,1,IPSP_PASSIVE,0,0.0,-60.032832496322,-60.146537061115794,False
kv4_med,Kv4,med,12.0,300.0,1,IPSP_PASSIVE,0,0.0,-60.03363934230815,-60.14648333863054,False
kv4_med,Kv4,med,12.0,330.0,1,IPSP_PASSIVE,0,0.0,-60.03316250696743,-60.14647609918111,False
kv4_high,Kv4,high,36.0,0.0,1,EPSP_PASSIVE,0,0.0,-29.899870743108757,-58.5537444636017,False
kv4_high,Kv4,high,36.0,30.0,1,EPSP_PASSIVE,0,0.0,-29.37636828964714,-46.81163651805677,False
kv4_high,Kv4,high,36.0,60.0,1,EPSP_PASSIVE,0,0.0,-29.24417287672541,-40.699383563333974,False
kv4_high,Kv4,high,36.0,90.0,1,EPSP_PASSIVE,0,0.0,-29.657103256248007,-40.34433734966139,False
kv4_high,Kv4,high,36.0,120.0,1,EPSP_PASSIVE,0,0.0,-29.657103256248007,-40.34433734966139,False
kv4_high,Kv4,high,36.0,150.0,1,EPSP_PASSIVE,0,0.0,-29.657103256248007,-40.34433734966139,False
kv4_high,Kv4,high,36.0,180.0,1,EPSP_PASSIVE,0,0.0,-29.657103256248007,-40.34433734966139,False
kv4_high,Kv4,high,36.0,210.0,1,EPSP_PASSIVE,0,0.0,-29.07836909654619,-42.029609208474156,False
kv4_high,Kv4,high,36.0,240.0,1,EPSP_PASSIVE,0,0.0,-29.80972094242936,-54.35330271015313,False
kv4_high,Kv4,high,36.0,270.0,1,EPSP_PASSIVE,0,0.0,-29.6762063347987,-59.49073382713348,False
kv4_high,Kv4,high,36.0,300.0,1,EPSP_PASSIVE,0,0.0,-29.651176647676273,-59.76637935259957,False
kv4_high,Kv4,high,36.0,330.0,1,EPSP_PASSIVE,0,0.0,-29.9472875320156,-59.7545922615059,False
kv4_high,Kv4,high,36.0,0.0,1,IPSP_PASSIVE,0,0.0,-60.05913951495725,-60.191305366823435,False
kv4_high,Kv4,high,36.0,30.0,1,IPSP_PASSIVE,0,0.0,-60.059366311275305,-60.19144179639374,False
kv4_high,Kv4,high,36.0,60.0,1,IPSP_PASSIVE,0,0.0,-60.05874168913596,-60.191335290614845,False
kv4_high,Kv4,high,36.0,90.0,1,IPSP_PASSIVE,0,0.0,-60.05900662855404,-60.19142568344893,False
kv4_high,Kv4,high,36.0,120.0,1,IPSP_PASSIVE,0,0.0,-60.05900662855404,-60.19142568344893,False
kv4_high,Kv4,high,36.0,150.0,1,IPSP_PASSIVE,0,0.0,-60.05900662855404,-60.19142568344893,False
kv4_high,Kv4,high,36.0,180.0,1,IPSP_PASSIVE,0,0.0,-60.05900662855404,-60.19142568344893,False
kv4_high,Kv4,high,36.0,210.0,1,IPSP_PASSIVE,0,0.0,-60.05826221829447,-60.191481495380025,False
kv4_high,Kv4,high,36.0,240.0,1,IPSP_PASSIVE,0,0.0,-60.058251004611286,-60.191477660599176,False
kv4_high,Kv4,high,36.0,270.0,1,IPSP_PASSIVE,0,0.0,-60.059189158822,-60.19139206171417,False
kv4_high,Kv4,high,36.0,300.0,1,IPSP_PASSIVE,0,0.0,-60.060634551358646,-60.191294575035386,False
kv4_high,Kv4,high,36.0,330.0,1,IPSP_PASSIVE,0,0.0,-60.05979018565696,-60.191281541414384,False
bk_low,BK,low,0.3,0.0,1,EPSP_PASSIVE,0,0.0,-30.1501068886524,-58.52273107394124,False
bk_low,BK,low,0.3,30.0,1,EPSP_PASSIVE,0,0.0,-29.625080009887057,-46.81616097778365,False
bk_low,BK,low,0.3,60.0,1,EPSP_PASSIVE,0,0.0,-29.495048808654065,-40.700309769535906,False
bk_low,BK,low,0.3,90.0,1,EPSP_PASSIVE,0,0.0,-29.908369438811906,-40.34063073229961,False
bk_low,BK,low,0.3,120.0,1,EPSP_PASSIVE,0,0.0,-29.908369438811906,-40.34063073229961,False
bk_low,BK,low,0.3,150.0,1,EPSP_PASSIVE,0,0.0,-29.908369438811906,-40.34063073229961,False
bk_low,BK,low,0.3,180.0,1,EPSP_PASSIVE,0,0.0,-29.908369438811906,-40.34063073229961,False
bk_low,BK,low,0.3,210.0,1,EPSP_PASSIVE,0,0.0,-29.325116300420138,-42.034206512442616,False
bk_low,BK,low,0.3,240.0,1,EPSP_PASSIVE,0,0.0,-30.06172543521412,-54.31924863225853,False
bk_low,BK,low,0.3,270.0,1,EPSP_PASSIVE,0,0.0,-29.923882685091677,-59.46289428064115,False
bk_low,BK,low,0.3,300.0,1,EPSP_PASSIVE,0,0.0,-29.902402055639925,-59.740539202238196,False
bk_low,BK,low,0.3,330.0,1,EPSP_PASSIVE,0,0.0,-30.202267733882437,-59.72869206166582,False
bk_low,BK,low,0.3,0.0,1,IPSP_PASSIVE,0,0.0,-60.049436277331914,-60.16709117488478,False
bk_low,BK,low,0.3,30.0,1,IPSP_PASSIVE,0,0.0,-60.049630534067646,-60.16720234009696,False
bk_low,BK,low,0.3,60.0,1,IPSP_PASSIVE,0,0.0,-60.049106756052375,-60.167115836507506,False
bk_low,BK,low,0.3,90.0,1,IPSP_PASSIVE,0,0.0,-60.04932614289432,-60.16718933590681,False
bk_low,BK,low,0.3,120.0,1,IPSP_PASSIVE,0,0.0,-60.04932614289432,-60.16718933590681,False
bk_low,BK,low,0.3,150.0,1,IPSP_PASSIVE,0,0.0,-60.04932614289432,-60.16718933590681,False
bk_low,BK,low,0.3,180.0,1,IPSP_PASSIVE,0,0.0,-60.04932614289432,-60.16718933590681,False
bk_low,BK,low,0.3,210.0,1,IPSP_PASSIVE,0,0.0,-60.048699435280724,-60.16723677912364,False
bk_low,BK,low,0.3,240.0,1,IPSP_PASSIVE,0,0.0,-60.04869107762557,-60.16723322232238,False
bk_low,BK,low,0.3,270.0,1,IPSP_PASSIVE,0,0.0,-60.04947489327803,-60.16716180349298,False
bk_low,BK,low,0.3,300.0,1,IPSP_PASSIVE,0,0.0,-60.05068806037289,-60.16708222872292,False
bk_low,BK,low,0.3,330.0,1,IPSP_PASSIVE,0,0.0,-60.04998423014839,-60.16707139686774,False
bk_med,BK,med,1.0,0.0,1,EPSP_PASSIVE,0,0.0,-30.74755021523951,-58.64867721188422,False
bk_med,BK,med,1.0,30.0,1,EPSP_PASSIVE,0,0.0,-30.223952482842932,-47.227455025760705,False
bk_med,BK,med,1.0,60.0,1,EPSP_PASSIVE,0,0.0,-30.095977373200654,-41.204886677572695,False
bk_med,BK,med,1.0,90.0,1,EPSP_PASSIVE,0,0.0,-30.505719698244317,-40.850965538281905,False
bk_med,BK,med,1.0,120.0,1,EPSP_PASSIVE,0,0.0,-30.505719698244317,-40.850965538281905,False
bk_med,BK,med,1.0,150.0,1,EPSP_PASSIVE,0,0.0,-30.505719698244317,-40.850965538281905,False
bk_med,BK,med,1.0,180.0,1,EPSP_PASSIVE,0,0.0,-30.505719698244317,-40.850965538281905,False
bk_med,BK,med,1.0,210.0,1,EPSP_PASSIVE,0,0.0,-29.91287597511626,-42.526569363390664,False
bk_med,BK,med,1.0,240.0,1,EPSP_PASSIVE,0,0.0,-30.664081475514955,-54.55974265859017,False
bk_med,BK,med,1.0,270.0,1,EPSP_PASSIVE,0,0.0,-30.52584309887419,-59.571975009421124,False
bk_med,BK,med,1.0,300.0,1,EPSP_PASSIVE,0,0.0,-30.500779431859023,-59.845601177838965,False
bk_med,BK,med,1.0,330.0,1,EPSP_PASSIVE,0,0.0,-30.810633443939835,-59.833896744219125,False
bk_med,BK,med,1.0,0.0,1,IPSP_PASSIVE,0,0.0,-60.11805968087797,-60.26590222096912,False
bk_med,BK,med,1.0,30.0,1,IPSP_PASSIVE,0,0.0,-60.11851605993756,-60.26617347833165,False
bk_med,BK,med,1.0,60.0,1,IPSP_PASSIVE,0,0.0,-60.11726944910174,-60.26597138507135,False
bk_med,BK,med,1.0,90.0,1,IPSP_PASSIVE,0,0.0,-60.11778868477628,-60.26614095403566,False
bk_med,BK,med,1.0,120.0,1,IPSP_PASSIVE,0,0.0,-60.11778868477628,-60.26614095403566,False
bk_med,BK,med,1.0,150.0,1,IPSP_PASSIVE,0,0.0,-60.11778868477628,-60.26614095403566,False
bk_med,BK,med,1.0,180.0,1,IPSP_PASSIVE,0,0.0,-60.11778868477628,-60.26614095403566,False
bk_med,BK,med,1.0,210.0,1,IPSP_PASSIVE,0,0.0,-60.116293673367664,-60.26625257290459,False
bk_med,BK,med,1.0,240.0,1,IPSP_PASSIVE,0,0.0,-60.116290741491255,-60.26623285130739,False
bk_med,BK,med,1.0,270.0,1,IPSP_PASSIVE,0,0.0,-60.11813232331426,-60.26606808962779,False
bk_med,BK,med,1.0,300.0,1,IPSP_PASSIVE,0,0.0,-60.12100686680906,-60.26588110503362,False
bk_med,BK,med,1.0,330.0,1,IPSP_PASSIVE,0,0.0,-60.11935689629871,-60.2658556756084,False
bk_high,BK,high,3.0,0.0,1,EPSP_PASSIVE,0,0.0,-32.33297730184656,-58.9852887759605,False
bk_high,BK,high,3.0,30.0,1,EPSP_PASSIVE,0,0.0,-31.81715790332641,-48.28225416217559,False
bk_high,BK,high,3.0,60.0,1,EPSP_PASSIVE,0,0.0,-31.701958611701777,-42.51674752477796,False
bk_high,BK,high,3.0,90.0,1,EPSP_PASSIVE,0,0.0,-32.09507940977077,-42.17869504166087,False
bk_high,BK,high,3.0,120.0,1,EPSP_PASSIVE,0,0.0,-32.09507940977077,-42.17869504166087,False
bk_high,BK,high,3.0,150.0,1,EPSP_PASSIVE,0,0.0,-32.09507940977077,-42.17869504166087,False
bk_high,BK,high,3.0,180.0,1,EPSP_PASSIVE,0,0.0,-32.09507940977077,-42.17869504166087,False
bk_high,BK,high,3.0,210.0,1,EPSP_PASSIVE,0,0.0,-31.483943037622428,-43.80073278988016,False
bk_high,BK,high,3.0,240.0,1,EPSP_PASSIVE,0,0.0,-32.26130565211127,-55.17163913794248,False
bk_high,BK,high,3.0,270.0,1,EPSP_PASSIVE,0,0.0,-32.11549884986262,-59.86629664134555,False
bk_high,BK,high,3.0,300.0,1,EPSP_PASSIVE,0,0.0,-32.0865538197599,-60.129660330059224,False
bk_high,BK,high,3.0,330.0,1,EPSP_PASSIVE,0,0.0,-32.4263440969601,-60.11832636660504,False
bk_high,BK,high,3.0,0.0,1,IPSP_PASSIVE,0,0.0,-60.30665994423557,-60.5338453885743,False
bk_high,BK,high,3.0,30.0,1,IPSP_PASSIVE,0,0.0,-60.307878261440536,-60.534529404128385,False
bk_high,BK,high,3.0,60.0,1,IPSP_PASSIVE,0,0.0,-60.30474745092128,-60.53403078257096,False
bk_high,BK,high,3.0,90.0,1,IPSP_PASSIVE,0,0.0,-60.3059984071126,-60.53444664537932,False
bk_high,BK,high,3.0,120.0,1,IPSP_PASSIVE,0,0.0,-60.3059984071126,-60.53444664537932,False
bk_high,BK,high,3.0,150.0,1,IPSP_PASSIVE,0,0.0,-60.3059984071126,-60.53444664537932,False
bk_high,BK,high,3.0,180.0,1,IPSP_PASSIVE,0,0.0,-60.3059984071126,-60.53444664537932,False
bk_high,BK,high,3.0,210.0,1,IPSP_PASSIVE,0,0.0,-60.302247195819454,-60.53472541205354,False
bk_high,BK,high,3.0,240.0,1,IPSP_PASSIVE,0,0.0,-60.30219668962103,-60.53466160955268,False
bk_high,BK,high,3.0,270.0,1,IPSP_PASSIVE,0,0.0,-60.306834994452906,-60.53425506823911,False
bk_high,BK,high,3.0,300.0,1,IPSP_PASSIVE,0,0.0,-60.314177693915845,-60.53379229949285,False
bk_high,BK,high,3.0,330.0,1,IPSP_PASSIVE,0,0.0,-60.30994913332049,-60.53372940113738,False
sk_low,SK,low,0.06,0.0,1,EPSP_PASSIVE,0,0.0,-30.00521649050483,-58.54217242551616,False
sk_low,SK,low,0.06,30.0,1,EPSP_PASSIVE,0,0.0,-29.47696842091963,-46.79119431450212,False
sk_low,SK,low,0.06,60.0,1,EPSP_PASSIVE,0,0.0,-29.34704089761667,-40.62549016043116,False
sk_low,SK,low,0.06,90.0,1,EPSP_PASSIVE,0,0.0,-29.76348416769635,-40.26117760368201,False
sk_low,SK,low,0.06,120.0,1,EPSP_PASSIVE,0,0.0,-29.76348416769635,-40.26117760368201,False
sk_low,SK,low,0.06,150.0,1,EPSP_PASSIVE,0,0.0,-29.76348416769635,-40.26117760368201,False
sk_low,SK,low,0.06,180.0,1,EPSP_PASSIVE,0,0.0,-29.76348416769635,-40.26117760368201,False
sk_low,SK,low,0.06,210.0,1,EPSP_PASSIVE,0,0.0,-29.179698417373896,-41.97251796702822,False
sk_low,SK,low,0.06,240.0,1,EPSP_PASSIVE,0,0.0,-29.917718857754284,-54.34819137207387,False
sk_low,SK,low,0.06,270.0,1,EPSP_PASSIVE,0,0.0,-29.776141836252922,-59.47377552809069,False
sk_low,SK,low,0.06,300.0,1,EPSP_PASSIVE,0,0.0,-29.755542118851668,-59.75126744837733,False
sk_low,SK,low,0.06,330.0,1,EPSP_PASSIVE,0,0.0,-30.05548212026749,-59.7394556273724,False
sk_low,SK,low,0.06,0.0,1,IPSP_PASSIVE,0,0.0,-60.05989446264801,-60.17557328471243,False
sk_low,SK,low,0.06,30.0,1,IPSP_PASSIVE,0,0.0,-60.060057486535335,-60.1757072966833,False
sk_low,SK,low,0.06,60.0,1,IPSP_PASSIVE,0,0.0,-60.05941491793504,-60.17560595153253,False
sk_low,SK,low,0.06,90.0,1,IPSP_PASSIVE,0,0.0,-60.05971184489224,-60.17569170663076,False
sk_low,SK,low,0.06,120.0,1,IPSP_PASSIVE,0,0.0,-60.05971184489224,-60.17569170663076,False
sk_low,SK,low,0.06,150.0,1,IPSP_PASSIVE,0,0.0,-60.05971184489224,-60.17569170663076,False
sk_low,SK,low,0.06,180.0,1,IPSP_PASSIVE,0,0.0,-60.05971184489224,-60.17569170663076,False
sk_low,SK,low,0.06,210.0,1,IPSP_PASSIVE,0,0.0,-60.05887640910838,-60.175749439752444,False
sk_low,SK,low,0.06,240.0,1,IPSP_PASSIVE,0,0.0,-60.05896627174178,-60.17574140556526,False
sk_low,SK,low,0.06,270.0,1,IPSP_PASSIVE,0,0.0,-60.05986207352622,-60.175656275550104,False
sk_low,SK,low,0.06,300.0,1,IPSP_PASSIVE,0,0.0,-60.061316501299615,-60.17556249193556,False
sk_low,SK,low,0.06,330.0,1,IPSP_PASSIVE,0,0.0,-60.06055996825533,-60.17554955627575,False
sk_med,SK,med,0.2,0.0,1,EPSP_PASSIVE,0,0.0,-30.2818062140278,-58.706281848811635,False
sk_med,SK,med,0.2,30.0,1,EPSP_PASSIVE,0,0.0,-29.746955000917698,-47.15825227713655,False
sk_med,SK,med,0.2,60.0,1,EPSP_PASSIVE,0,0.0,-29.6186131299053,-40.97353250773865,False
sk_med,SK,med,0.2,90.0,1,EPSP_PASSIVE,0,0.0,-30.039606486951264,-40.604768875470334,False
sk_med,SK,med,0.2,120.0,1,EPSP_PASSIVE,0,0.0,-30.039606486951264,-40.604768875470334,False
sk_med,SK,med,0.2,150.0,1,EPSP_PASSIVE,0,0.0,-30.039606486951264,-40.604768875470334,False
sk_med,SK,med,0.2,180.0,1,EPSP_PASSIVE,0,0.0,-30.039606486951264,-40.604768875470334,False
sk_med,SK,med,0.2,210.0,1,EPSP_PASSIVE,0,0.0,-29.443583696338667,-42.33911466241477,False
sk_med,SK,med,0.2,240.0,1,EPSP_PASSIVE,0,0.0,-30.20193687379005,-54.65574061229012,False
sk_med,SK,med,0.2,270.0,1,EPSP_PASSIVE,0,0.0,-30.052180995003845,-59.60325937185233,False
sk_med,SK,med,0.2,300.0,1,EPSP_PASSIVE,0,0.0,-30.02945442191646,-59.87650937035938,False
sk_med,SK,med,0.2,330.0,1,EPSP_PASSIVE,0,0.0,-30.33882687566661,-59.864909188985656,False
sk_med,SK,med,0.2,0.0,1,IPSP_PASSIVE,0,0.0,-60.149415195384144,-60.290097632749344,False
sk_med,SK,med,0.2,30.0,1,IPSP_PASSIVE,0,0.0,-60.14987972179796,-60.2904308481536,False
sk_med,SK,med,0.2,60.0,1,IPSP_PASSIVE,0,0.0,-60.148364916229376,-60.29019166977112,False
sk_med,SK,med,0.2,90.0,1,IPSP_PASSIVE,0,0.0,-60.14901076912451,-60.29039220837295,False
sk_med,SK,med,0.2,120.0,1,IPSP_PASSIVE,0,0.0,-60.14901076912451,-60.29039220837295,False
sk_med,SK,med,0.2,150.0,1,IPSP_PASSIVE,0,0.0,-60.14901076912451,-60.29039220837295,False
sk_med,SK,med,0.2,180.0,1,IPSP_PASSIVE,0,0.0,-60.14901076912451,-60.29039220837295,False
sk_med,SK,med,0.2,210.0,1,IPSP_PASSIVE,0,0.0,-60.14698517426653,-60.290533306035464,False
sk_med,SK,med,0.2,240.0,1,IPSP_PASSIVE,0,0.0,-60.14715554276145,-60.290497509895005,False
sk_med,SK,med,0.2,270.0,1,IPSP_PASSIVE,0,0.0,-60.1493254938668,-60.290293937273844,False
sk_med,SK,med,0.2,300.0,1,IPSP_PASSIVE,0,0.0,-60.15294674936517,-60.2900708905394,False
sk_med,SK,med,0.2,330.0,1,IPSP_PASSIVE,0,0.0,-60.151036533262435,-60.29003999191752,False
sk_high,SK,high,0.6,0.0,1,EPSP_PASSIVE,0,0.0,-31.093463058369654,-59.10916218988961,False
sk_high,SK,high,0.6,30.0,1,EPSP_PASSIVE,0,0.0,-30.538948465282513,-48.177019792924035,False
sk_high,SK,high,0.6,60.0,1,EPSP_PASSIVE,0,0.0,-30.413900382776195,-41.96468867148839,False
sk_high,SK,high,0.6,90.0,1,EPSP_PASSIVE,0,0.0,-30.849378958114336,-41.58769365077112,False
sk_high,SK,high,0.6,120.0,1,EPSP_PASSIVE,0,0.0,-30.849378958114336,-41.58769365077112,False
sk_high,SK,high,0.6,150.0,1,EPSP_PASSIVE,0,0.0,-30.849378958114336,-41.58769365077112,False
sk_high,SK,high,0.6,180.0,1,EPSP_PASSIVE,0,0.0,-30.849378958114336,-41.58769365077112,False
sk_high,SK,high,0.6,210.0,1,EPSP_PASSIVE,0,0.0,-30.21694697692085,-43.37787382701362,False
sk_high,SK,high,0.6,240.0,1,EPSP_PASSIVE,0,0.0,-31.037035299417933,-55.447039545768845,False
sk_high,SK,high,0.6,270.0,1,EPSP_PASSIVE,0,0.0,-30.864462868605077,-59.926859848097116,False
sk_high,SK,high,0.6,300.0,1,EPSP_PASSIVE,0,0.0,-30.82538698770278,-60.18997618152295,False
sk_high,SK,high,0.6,330.0,1,EPSP_PASSIVE,0,0.0,-31.172341197409924,-60.178866965045266,False
sk_high,SK,high,0.6,0.0,1,IPSP_PASSIVE,0,0.0,-60.353925504750734,-60.57903325968221,False
sk_high,SK,high,0.6,30.0,1,IPSP_PASSIVE,0,0.0,-60.35396569367392,-60.57981695001587,False
sk_high,SK,high,0.6,60.0,1,IPSP_PASSIVE,0,0.0,-60.35400133941598,-60.57928118138567,False
sk_high,SK,high,0.6,90.0,1,IPSP_PASSIVE,0,0.0,-60.35409129464613,-60.57973062209787,False
sk_high,SK,high,0.6,120.0,1,IPSP_PASSIVE,0,0.0,-60.35409129464613,-60.57973062209787,False
sk_high,SK,high,0.6,150.0,1,IPSP_PASSIVE,0,0.0,-60.35409129464613,-60.57973062209787,False
sk_high,SK,high,0.6,180.0,1,IPSP_PASSIVE,0,0.0,-60.35409129464613,-60.57973062209787,False
sk_high,SK,high,0.6,210.0,1,IPSP_PASSIVE,0,0.0,-60.35396475442365,-60.580068070446444,False
sk_high,SK,high,0.6,240.0,1,IPSP_PASSIVE,0,0.0,-60.353927858620835,-60.57995060870288,False
sk_high,SK,high,0.6,270.0,1,IPSP_PASSIVE,0,0.0,-60.353925504750734,-60.5794701162364,False
sk_high,SK,high,0.6,300.0,1,IPSP_PASSIVE,0,0.0,-60.353925504750734,-60.57896674576871,False
sk_high,SK,high,0.6,330.0,1,IPSP_PASSIVE,0,0.0,-60.353925504750734,-60.57889679481588,False
kv7_low,Kv7,low,0.0001,0.0,1,EPSP_PASSIVE,0,0.0,-29.887933891970714,-58.4673111861861,False
kv7_low,Kv7,low,0.0001,30.0,1,EPSP_PASSIVE,0,0.0,-29.3624587996158,-46.63233129964199,False
kv7_low,Kv7,low,0.0001,60.0,1,EPSP_PASSIVE,0,0.0,-29.231923247961006,-40.476298292982094,False
kv7_low,Kv7,low,0.0001,90.0,1,EPSP_PASSIVE,0,0.0,-29.64638722717564,-40.114135349723554,False
kv7_low,Kv7,low,0.0001,120.0,1,EPSP_PASSIVE,0,0.0,-29.64638722717564,-40.114135349723554,False
kv7_low,Kv7,low,0.0001,150.0,1,EPSP_PASSIVE,0,0.0,-29.64638722717564,-40.114135349723554,False
kv7_low,Kv7,low,0.0001,180.0,1,EPSP_PASSIVE,0,0.0,-29.64638722717564,-40.114135349723554,False
kv7_low,Kv7,low,0.0001,210.0,1,EPSP_PASSIVE,0,0.0,-29.067753863409145,-41.81511854855702,False
kv7_low,Kv7,low,0.0001,240.0,1,EPSP_PASSIVE,0,0.0,-29.79725961763349,-54.21123491954426,False
kv7_low,Kv7,low,0.0001,270.0,1,EPSP_PASSIVE,0,0.0,-29.65918500804485,-59.41508808782652,False
kv7_low,Kv7,low,0.0001,300.0,1,EPSP_PASSIVE,0,0.0,-29.63942574375966,-59.694533543735666,False
kv7_low,Kv7,low,0.0001,330.0,1,EPSP_PASSIVE,0,0.0,-29.935448934065377,-59.68262289362998,False
kv7_low,Kv7,low,0.0001,0.0,1,IPSP_PASSIVE,0,0.0,-60.01958529410142,-60.123874682128154,False
kv7_low,Kv7,low,0.0001,30.0,1,IPSP_PASSIVE,0,0.0,-60.019668418018604,-60.12391441961394,False
kv7_low,Kv7,low,0.0001,60.0,1,IPSP_PASSIVE,0,0.0,-60.01946562781551,-60.123879593589336,False
kv7_low,Kv7,low,0.0001,90.0,1,IPSP_PASSIVE,0,0.0,-60.01954857469107,-60.12391013284731,False
kv7_low,Kv7,low,0.0001,120.0,1,IPSP_PASSIVE,0,0.0,-60.01954857469107,-60.12391013284731,False
kv7_low,Kv7,low,0.0001,150.0,1,IPSP_PASSIVE,0,0.0,-60.01954857469107,-60.12391013284731,False
kv7_low,Kv7,low,0.0001,180.0,1,IPSP_PASSIVE,0,0.0,-60.01954857469107,-60.12391013284731,False
kv7_low,Kv7,low,0.0001,210.0,1,IPSP_PASSIVE,0,0.0,-60.01930789689321,-60.123929059098735,False
kv7_low,Kv7,low,0.0001,240.0,1,IPSP_PASSIVE,0,0.0,-60.01929301959276,-60.123932545602656,False
kv7_low,Kv7,low,0.0001,270.0,1,IPSP_PASSIVE,0,0.0,-60.01961031770011,-60.12390269462558,False
kv7_low,Kv7,low,0.0001,300.0,1,IPSP_PASSIVE,0,0.0,-60.020094305483624,-60.12387112421284,False
kv7_low,Kv7,low,0.0001,330.0,1,IPSP_PASSIVE,0,0.0,-60.01980336523331,-60.12386681713408,False
kv7_med,Kv7,med,0.001,0.0,1,EPSP_PASSIVE,0,0.0,-29.888911281544,-58.46733841357043,False
kv7_med,Kv7,med,0.001,30.0,1,EPSP_PASSIVE,0,0.0,-29.3632845302248,-46.632529697473935,False
kv7_med,Kv7,med,0.001,60.0,1,EPSP_PASSIVE,0,0.0,-29.232855387165177,-40.476632190815344,False
kv7_med,Kv7,med,0.001,90.0,1,EPSP_PASSIVE,0,0.0,-29.647437904509676,-40.11448185345693,False
kv7_med,Kv7,med,0.001,120.0,1,EPSP_PASSIVE,0,0.0,-29.647437904509676,-40.11448185345693,False
kv7_med,Kv7,med,0.001,150.0,1,EPSP_PASSIVE,0,0.0,-29.647437904509676,-40.11448185345693,False
kv7_med,Kv7,med,0.001,180.0,1,EPSP_PASSIVE,0,0.0,-29.647437904509676,-40.11448185345693,False
kv7_med,Kv7,med,0.001,210.0,1,EPSP_PASSIVE,0,0.0,-29.068716590166513,-41.81541888604426,False
kv7_med,Kv7,med,0.001,240.0,1,EPSP_PASSIVE,0,0.0,-29.798194652946925,-54.21130606937479,False
kv7_med,Kv7,med,0.001,270.0,1,EPSP_PASSIVE,0,0.0,-29.659930138407447,-59.41510990155855,False
kv7_med,Kv7,med,0.001,300.0,1,EPSP_PASSIVE,0,0.0,-29.64038783878781,-59.69455439059324,False
kv7_med,Kv7,med,0.001,330.0,1,EPSP_PASSIVE,0,0.0,-29.936563134537405,-59.68264376966364,False
kv7_med,Kv7,med,0.001,0.0,1,IPSP_PASSIVE,0,0.0,-60.01959918004629,-60.123893769809044,False
kv7_med,Kv7,med,0.001,30.0,1,IPSP_PASSIVE,0,0.0,-60.0196823577424,-60.12393354068528,False
kv7_med,Kv7,med,0.001,60.0,1,IPSP_PASSIVE,0,0.0,-60.01947941992822,-60.123898690678026,False
kv7_med,Kv7,med,0.001,90.0,1,IPSP_PASSIVE,0,0.0,-60.019562428569564,-60.12392924976101,False
kv7_med,Kv7,med,0.001,120.0,1,IPSP_PASSIVE,0,0.0,-60.019562428569564,-60.12392924976101,False
kv7_med,Kv7,med,0.001,150.0,1,IPSP_PASSIVE,0,0.0,-60.019562428569564,-60.12392924976101,False
kv7_med,Kv7,med,0.001,180.0,1,IPSP_PASSIVE,0,0.0,-60.019562428569564,-60.12392924976101,False
kv7_med,Kv7,med,0.001,210.0,1,IPSP_PASSIVE,0,0.0,-60.019321573739525,-60.12394818951943,False
kv7_med,Kv7,med,0.001,240.0,1,IPSP_PASSIVE,0,0.0,-60.01930669500649,-60.1239516725681,False
kv7_med,Kv7,med,0.001,270.0,1,IPSP_PASSIVE,0,0.0,-60.01962421283647,-60.123921802220345,False
kv7_med,Kv7,med,0.001,300.0,1,IPSP_PASSIVE,0,0.0,-60.02010854184037,-60.12389020938686,False
kv7_med,Kv7,med,0.001,330.0,1,IPSP_PASSIVE,0,0.0,-60.01981740542516,-60.1238858992592,False
kv7_high,Kv7,high,0.005,0.0,1,EPSP_PASSIVE,0,0.0,-29.893254342293055,-58.467459420233084,False
kv7_high,Kv7,high,0.005,30.0,1,EPSP_PASSIVE,0,0.0,-29.366953776179656,-46.633411369621726,False
kv7_high,Kv7,high,0.005,60.0,1,EPSP_PASSIVE,0,0.0,-29.23699755811991,-40.4781160047219,False
kv7_high,Kv7,high,0.005,90.0,1,EPSP_PASSIVE,0,0.0,-29.652106713803537,-40.11602168475857,False
kv7_high,Kv7,high,0.005,120.0,1,EPSP_PASSIVE,0,0.0,-29.652106713803537,-40.11602168475857,False
kv7_high,Kv7,high,0.005,150.0,1,EPSP_PASSIVE,0,0.0,-29.652106713803537,-40.11602168475857,False
kv7_high,Kv7,high,0.005,180.0,1,EPSP_PASSIVE,0,0.0,-29.652106713803537,-40.11602168475857,False
kv7_high,Kv7,high,0.005,210.0,1,EPSP_PASSIVE,0,0.0,-29.072994609546967,-41.81675355983194,False
kv7_high,Kv7,high,0.005,240.0,1,EPSP_PASSIVE,0,0.0,-29.802349608467633,-54.21162226830456,False
kv7_high,Kv7,high,0.005,270.0,1,EPSP_PASSIVE,0,0.0,-29.663241179293763,-59.41520684895651,False
kv7_high,Kv7,high,0.005,300.0,1,EPSP_PASSIVE,0,0.0,-29.644662935001783,-59.694647040947075,False
kv7_high,Kv7,high,0.005,330.0,1,EPSP_PASSIVE,0,0.0,-29.941514102983536,-59.68273654968275,False
kv7_high,Kv7,high,0.005,0.0,1,IPSP_PASSIVE,0,0.0,-60.019660894216585,-60.123978601944636,False
kv7_high,Kv7,high,0.005,30.0,1,IPSP_PASSIVE,0,0.0,-60.01974431093421,-60.1240185212159,False
kv7_high,Kv7,high,0.005,60.0,1,IPSP_PASSIVE,0,0.0,-60.01954071709896,-60.123983564624695,False
kv7_high,Kv7,high,0.005,90.0,1,IPSP_PASSIVE,0,0.0,-60.019624000230436,-60.124014211814206,False
kv7_high,Kv7,high,0.005,120.0,1,IPSP_PASSIVE,0,0.0,-60.019624000230436,-60.124014211814206,False
kv7_high,Kv7,high,0.005,150.0,1,IPSP_PASSIVE,0,0.0,-60.019624000230436,-60.124014211814206,False
kv7_high,Kv7,high,0.005,180.0,1,IPSP_PASSIVE,0,0.0,-60.019624000230436,-60.124014211814206,False
kv7_high,Kv7,high,0.005,210.0,1,IPSP_PASSIVE,0,0.0,-60.019382358620625,-60.12403321160146,False
kv7_high,Kv7,high,0.005,240.0,1,IPSP_PASSIVE,0,0.0,-60.01936747350874,-60.124036679293276,False
kv7_high,Kv7,high,0.005,270.0,1,IPSP_PASSIVE,0,0.0,-60.01968596785119,-60.12400672285724,False
kv7_high,Kv7,high,0.005,300.0,1,IPSP_PASSIVE,0,0.0,-60.02017181335714,-60.1239750303811,False
kv7_high,Kv7,high,0.005,330.0,1,IPSP_PASSIVE,0,0.0,-60.01987980512201,-60.12397070670358,False
