parameter,mean_high_mi,std_high_mi,mean_low_mi,std_low_mi,mwu_p_mi,cliffs_delta_mi,mean_high_atp,std_high_atp,mean_low_atp,std_low_atp,mwu_p_atp,cliffs_delta_atp
NAV16_SOMA_GBAR,0.9541743232109727,0.07311471806459378,0.8433205077406671,0.21572185376883804,1.0537519709444507e-12,0.19283472603785104,0.7969886740090114,0.2470408720594877,0.9604611458029728,0.0392223083422203,5.287077584150568e-21,-0.27461555065704696
NAV16_PRIMARY_GBAR,0.3110880301158198,0.07923273102348916,0.4380684337698528,0.2489695572587168,3.0426286317116736e-11,-0.17986993475274726,0.4912823772212702,0.26869231109173125,0.2990296485234999,0.05120043156090119,1.0008592860571459e-50,0.4374889620031266
NAV16_MID_GBAR,0.13946802258294558,0.23956734580515074,0.3497341739962399,0.26288852537621543,4.031570562820304e-92,-0.5510924622252747,0.3609926777155567,0.2534728885219136,0.10870413940978313,0.2192347811096772,1.4980756942730965e-105,0.6372619880822339
NAV16_TERMINAL_GBAR,0.4802316879431138,0.10627718073987995,0.5038547834836153,0.19001728422878508,3.7804273258527673e-16,-0.22051234355921856,0.5086455597293941,0.18477086152505542,0.47491923907061,0.1164030557860305,5.9948456063620765e-25,0.30128008058555344
NAV16_AIS_GBAR,4.397051852702262,0.5967598450029752,3.4793083664189384,1.260278709996804,1.387110593154615e-80,0.5143825358669109,3.2287905833984483,1.3106580937523422,4.52191815254902,0.44567245550761475,7.755211996533573e-128,-0.7024417684342724
KV3_SOMA_GBAR,0.5500557431411024,0.21837085717817542,0.5435949145000641,0.2566369483200496,0.659293776683751,-0.011936956272893772,0.551903901649311,0.24572506725164459,0.531199828643932,0.2216544836661722,0.06705711488649593,0.05348767996023051
KV3_PRIMARY_GBAR,0.854079959343932,0.008619321597428266,0.7799411778031669,0.1954923269049165,0.04887999379552136,0.05331983554639805,0.7654179631189016,0.21561540872713192,0.8526486965985939,0.003768447957756875,0.641528900033245,0.013597176889214488
KV3_MID_GBAR,0.556229240703301,0.11028333642957437,0.5787828885088069,0.20158287588482235,0.03339973279891861,-0.057588570283882784,0.5374556976042624,0.2137929889849213,0.5701007521517297,0.09889082484005252,0.0002566911143946082,-0.10675950575938148
KV3_TERMINAL_GBAR,0.6554713193851572,0.10457002276315444,0.5650180838718397,0.2564139766173681,0.5711142577663864,0.015331673534798534,0.5657308641503322,0.2658454098149424,0.6774952041278264,0.0659427760103982,0.03158117865985058,-0.0627808556982228
KV3_AIS_GBAR,0.6058390158601735,0.2738522243186768,0.48176705329624636,0.26484911592177884,4.478618889522078e-35,0.3345245249542125,0.516226155682423,0.26963354276864854,0.5002041616783754,0.30863239040550244,0.048526686011537284,-0.05761834367907065
NAP_SOMA_GBAR,0.2711296344278225,0.05174672292570558,0.31054166737299244,0.15624694874845593,0.02543569981140141,-0.06049798725579975,0.3280384265360178,0.16265948313884354,0.32728724884418514,0.1916172767413403,0.23437542616449447,0.03473126156945598
NAP_PRIMARY_GBAR,0.43261552049481233,0.1128320334692965,0.4136245826345361,0.2687946508474649,0.9043255349586043,-0.0032552083333333335,0.42050166150135315,0.2733558599277835,0.396064169695241,0.13660248311219558,3.397387699308848e-07,0.1489540884740419
NAP_MID_GBAR,0.1353322700575155,0.18701862159083188,0.33076665251279835,0.3184093898947067,8.919883162529028e-48,-0.39310992826617824,0.36240930931219334,0.27113594742010383,0.09805561747989815,0.15013649726315656,4.083415289947507e-128,0.7032822914554457
NAP_TERMINAL_GBAR,0.5384380140202099,0.288973790616715,0.6487537838086942,0.24684845881231135,4.2697447125127495e-19,-0.24173916361416362,0.6431355623105801,0.25268274656058853,0.4993749486327875,0.2921049509198675,1.5915940838198028e-22,0.2851989455851283
NAP_AIS_GBAR,0.5283644255731854,0.10842475345267548,0.5360160073236924,0.23835069308180484,3.4938227717051376e-06,-0.12559976915445664,0.491128825433085,0.2419421958253544,0.5467631671761758,0.08556073553152166,0.02137806263689398,-0.06721240703553745
BK_SOMA_GBAR,0.07495453667061844,0.1136178811949323,0.2618326653738976,0.25217976878051224,9.319216648018679e-80,-0.5119298019688645,0.3316800265932614,0.2857456617779694,0.04907206306567939,0.017298166289743983,2.2025721896559476e-144,0.7472576709990123
BK_PRIMARY_GBAR,0.7202338419102507,0.1844443430662122,0.5910722035591867,0.2841625525338639,3.4711895123474196e-22,0.2622112045940171,0.6214059616273399,0.2947061268913925,0.7063674483089813,0.1544667802557689,3.822982894683089e-06,-0.13495954369738555
BK_MID_GBAR,0.748796108070088,0.3048613956505694,0.6195286204758013,0.33207812907107515,4.3286242523760255e-18,0.23470767513736263,0.5711544849995035,0.33358526356973744,0.8155521916581088,0.25832723225330195,3.9537526467767575e-48,-0.42573472177706845
BK_TERMINAL_GBAR,0.6600267736782338,0.0583926386618949,0.6262829676560846,0.18452148258519901,0.001999819753855861,0.08365885416666667,0.6340951670039578,0.2134418559759315,0.6387356824390638,0.05141706769161209,3.8435326334794515e-05,0.12023240298009563
BK_AIS_GBAR,0.753799541578521,0.08825814525220121,0.7583062324661078,0.18755952606179532,1.7709418291735866e-08,-0.15248683608058608,0.731331653637901,0.19160669479589357,0.757099114317684,0.09851113827402946,0.14106203111591956,0.0429876832307481
SK_SOMA_GBAR,0.882546829576647,0.19641077385716624,0.618248079764868,0.36120330365846604,8.045450105839415e-29,0.3015706082112332,0.704538081179461,0.3235981031971016,0.8811725145714623,0.2495543396021375,1.283901236607745e-07,-0.1542441506792865
SK_PRIMARY_GBAR,0.6417840345253722,0.20444123704544645,0.5538483877635594,0.2466960693369402,2.1011062580094228e-11,0.1813496833028083,0.564740003560197,0.25288275294102797,0.6243965474593874,0.22851022321334785,8.804522236515198e-06,-0.12981338426619396
SK_MID_GBAR,0.5266267229031456,0.342506454650323,0.5175530819195042,0.2843912381087935,0.7026021072473776,-0.010336776938339438,0.5853595475961451,0.2854572656542929,0.4967875488259678,0.31667327397699785,3.947602765221883e-10,0.1827025595070676
SK_TERMINAL_GBAR,0.11224099946274058,0.12138638317755296,0.2614408764776382,0.22699550398620322,1.5320231544021688e-48,-0.39634725083943834,0.268615066333204,0.23703079466901625,0.10110170359490424,0.10050001619017881,3.957452439775376e-47,0.4211053041254309
SK_AIS_GBAR,0.9618044074257052,0.11157967527247958,0.7931981610485778,0.2357789108543894,2.2828456456403988e-120,0.6315294948107448,0.765518840181678,0.2551993486758517,0.9644480093775102,0.07663903686883401,4.158151067956105e-121,-0.6834318849301091
KDR_GBAR,0.01934658514338355,0.05999767533170437,0.16898849917914305,0.1817853714948683,1.742335472754341e-134,-0.6681416456807082,0.18622437011092838,0.17399473846833657,0.007323358807353976,0.006331196322654263,4.411706799955071e-167,0.8046323611174705
KV4_GBAR,0.3496946519411376,0.04757539926269999,0.2832820792113251,0.10260524444383151,1.536020682958227e-33,0.32671560210622713,0.2641927293783022,0.11032137528795095,0.3586791347875285,0.029348215463695624,2.5314047510897587e-67,-0.5062973816236157
NAR_GBAR,0.13163930310022506,0.02042928477856743,0.2150700554105931,0.1321752392143259,1.41826923900907e-09,-0.16387171855921856,0.241039572477043,0.15132067815591826,0.13712388509652204,0.03501157267673694,2.1103399328380836e-15,0.23174397080081893
IH_GBAR,0.003925856658865808,0.0012746826467297666,0.1242118460081012,0.10485507826700934,3.519967984995437e-185,-0.7856713598901099,0.10588593656538185,0.11246492040840496,0.010019095353225429,0.024302895770369853,1.4848023365539438e-83,0.56562293548577
CAL_GBAR,0.21039657774692802,0.0923599190952601,0.26203484223323803,0.15352900354158505,3.398349228489922e-14,-0.20526294452075702,0.26166500712365026,0.16042506891782002,0.19770041772420982,0.08214720106181503,2.4702768354544817e-12,0.20458722797469928
CAT_GBAR,0.09967804890315306,0.08693810702975974,0.15812754556001,0.10819958269668796,8.541095267800116e-19,-0.2396453373015873,0.15856906957745237,0.11307591713334231,0.10841702139136329,0.08282640618714454,3.1786159707565083e-09,0.1729596876001596
IM_GBAR,0.2961010076448004,0.04670906659171434,0.28820812586154265,0.09222832811065579,0.2156853493423495,-0.033517914377289376,0.2849880092023721,0.09982214826048999,0.27043318512041176,0.024543336538236732,1.9349933744425554e-17,0.24817668644239638
SKAHP_GBAR_SOMA_AIS,0.25999347244648996,0.17587510921605273,0.32686250213217116,0.1453867838453096,2.991545381910738e-15,-0.21357982295482295,0.3229481585981761,0.15396096344436286,0.3479085078091205,0.1457683031405913,0.0579905812248798,-0.05535187498773556
SKAHP_TAU_CA_MULTIPLIER,3.3876866423564507,2.9155724967938186,8.269495038672257,5.168556271394647,1.0621362215578783e-118,-0.627075940552503,8.29340156550115,5.283569791235217,3.104037695814147,4.017273742998446,2.4955447435983384e-106,0.6396674537712338
RA_OHM_CM,224.13555767437725,23.596884040068673,182.19511353748354,52.84593650817494,1.2754648517597894e-96,0.5645282451923077,167.7015729187959,58.00576425011177,228.4098523214657,9.823752324656882,4.0462150616276023e-128,-0.7031661880809257
CM_UF_CM2,1.0862315071002278,0.275568104725619,1.2314352227285266,0.4320348980687961,2.756502322649741e-13,-0.19775211767399267,1.1922846713108772,0.43467525640295906,1.0510218818803785,0.2775464140818467,5.089905408962294e-09,0.17068667787364028
GLEAK_S_CM2,0.000461825760097123,0.0003057873008246977,0.0003334223973267496,0.00027541928365345196,4.525032536787685e-14,0.20423749427655677,0.0003426061190379038,0.00027703599837282074,0.0004625296398857556,0.0002973223103253825,1.9561742126831748e-11,-0.1959334384259653
CAD_DEPTH_UM,0.10029304703430308,0.09841865918326022,0.19893487194832177,0.15542178716470306,1.074328463528597e-46,-0.38846559256715507,0.22870957943215459,0.15063333575023707,0.08348724142868152,0.08516689736339583,3.928040827108528e-115,0.6661112237622726
CAD_TAUR_MS,6.5981184510908655,1.666617005162428,23.89896103780163,23.062001980593895,9.52411600171564e-155,-0.7174181070665445,21.52650980971283,22.27954890174286,6.913273256047902,1.9377044890476345,2.9214004925729528e-92,0.5950199828624878
N_ACH,262.5471034334656,44.83361827536615,219.95405546844074,81.97469688980028,3.5865458914534655e-20,0.24904132326007325,233.27651447424216,77.64233963129864,256.04201059914715,48.31738306520565,0.005316970450676045,-0.0814048181265167
N_GABA,138.60352243958687,21.460062497188083,161.8742054002174,79.64085878661976,0.0007102195691701802,0.09165617368742368,163.68622261704155,77.80901315931165,133.18434716774544,22.992794908026326,0.03227255450680088,0.06253393162001819
RHO0_ACH,2.9925754633901533,0.7891349869339485,3.202380356196871,1.2267240862657998,0.0036684838564958718,-0.07865322611416362,3.014341202125077,1.2357310140469147,2.8902827089948953,0.7305247560265246,0.8335671023577043,0.006138761520398218
LAMBDA_ACH_UM,261.35185971097445,77.9755097845328,262.6828980908515,95.61419192667103,0.004422279593687697,0.07704350770757021,271.3631262400626,106.63458569086819,272.5079363488237,59.000198454348435,3.4473374358778687e-06,-0.13553842531118976
RHO0_GABA,4.003845680563719,0.43380975237839,3.558994201216897,1.153641582984985,7.255360463185144e-07,0.13412412240537241,3.6012320526568917,1.1741116287029758,3.9289793824380896,0.4043657952256179,0.330425267469465,0.028425703651859945
LAMBDA_GABA_UM,326.8865625876119,28.71767682700624,319.4554869283078,70.50666619528884,0.06406066967636795,0.050130208333333336,318.4979182554539,81.56684006078817,329.73509425671085,26.964642860609253,6.452775562688997e-05,-0.11669697346302026
W_ACH_US,0.008882481495797892,0.0006145519381814749,0.007086155857313694,0.0025100066672770044,4.6800972051605376e-77,0.5029618818681318,0.0070090517710011705,0.002440169240756823,0.008890277430819568,0.0006639384481523633,3.4268742357009e-75,-0.5358808485030842
W_GABA_US,0.00480559596654276,0.0006241568603904551,0.005247058119950244,0.0021942138405134488,5.824035671816097e-08,-0.14683612828144077,0.0051083762068369915,0.0024686171450907374,0.00469009550464711,0.0005400375896336997,3.856795947835958e-12,0.2027541028643193
AIS_LENGTH_UM,27.63520190198004,2.7143075628493047,32.406678326644595,5.750836922115098,1.9341865282411726e-100,-0.5759274362789988,33.50925302828938,6.743110912142441,27.215023579997244,1.9322797064476915,7.643503876449755e-114,0.6622569187799661
AIS_DIAMETER_UM,0.6740017878583281,0.10036407740477252,0.7046394515226928,0.14938048736213547,0.005319546138620328,-0.07545167506105006,0.7214252088194336,0.15887969946419703,0.6157311324440348,0.06641818081746721,2.0758987718096393e-50,0.43608263943851755
GNMDA_DEND,0.0065768842851396435,0.0042869343587089645,0.004736005483465781,0.003658790579729864,3.9300176811991376e-28,0.2977204002594628,0.005220514120254188,0.003443467051759621,0.005719778235347494,0.004512711132421279,0.021138993300426137,-0.06733668670403778
MG_CONC_MM,0.36606641478031454,0.07341244565270115,0.29002363946382154,0.11090022946951085,1.6811768081424646e-46,0.38761661515567764,0.3002425114984922,0.11143762683360946,0.37093574387049505,0.068456576716407,1.5104509610746672e-33,-0.3525209149600016
VOFF_NMDA,1.877834195233258,6.265027219855062,-0.42194854495581835,5.74266302047157,1.417439730313135e-19,0.24501464247557997,0.45335192798268426,5.802465964389218,2.8502475189673073,6.8776136353802135,6.1212404501611205e-18,-0.2520375324598871
NAV16_DEND_DISTAL,0.03082588135525444,0.01036962039270515,0.026684147501305707,0.01327761397533645,3.4762840708030313e-13,0.19693056509462759,0.02754748687250385,0.012405156506807897,0.028121441844255576,0.012057307250522804,0.3996719664839784,-0.024599198069086413
NAP_DEND_DISTAL,0.005243990682715496,0.0013448460677366071,0.004934165612208322,0.002513285734892573,0.41410263816664816,0.02210918421855922,0.004430331133148823,0.0025823612735664542,0.005619142442536438,0.0009659781849914889,1.553264073030138e-16,-0.24100607662168616
num_primary_branches,4.518355448174838,0.5634655738836061,4.611703842858801,1.0181095732843135,0.662773289219341,-0.011806986416361416,5.064716245350047,1.1755288642726578,4.33002084439043,0.29312549778828145,1.1318239205309899e-36,0.369440937722804
branch_prob_per_um,0.014794366105626662,0.0057545377736101565,0.01831736120667426,0.012209130093200403,2.076404770543847e-05,-0.11523318261599512,0.01989058894282867,0.011432282703454567,0.01384727346580376,0.0059748042494925995,3.6183462366090786e-33,0.35043923051262094
max_strahler_depth,3.5886913284739292,1.5222257530148706,4.161488840632542,1.416396141950055,1.4300595887988637e-15,-0.21607905982905984,4.11468785370891,1.362541759359322,3.8564370411047655,1.5614589309700455,0.1577064969622064,0.04125430890692761
mean_branching_angle_deg,72.13502857824975,5.917808681854477,64.49343630891426,15.46861004044061,1.8765892409985823e-17,0.23014561393467645,62.55559476529623,16.26207776679379,73.37026324525071,2.577093194485555,1.091107674363876e-30,-0.3363580170197735
rall_exponent,0.8548724097698339,0.3388806133220794,1.1375718164441353,0.46503398047901495,5.993555814662488e-37,-0.3437857715201465,1.1561345940773557,0.4717993786582007,0.8964729806233698,0.33580652233592556,1.177640593136943e-22,0.28609506740536755
soma_offset_pd_um,-45.869579268556244,71.22371937600322,-6.584604150927625,86.75257120530418,9.303832216960592e-28,-0.29560272626678874,-3.6146571470334647,87.73348791434108,-47.3041865548707,72.60417713704858,9.306494758140782e-32,0.3424886022461915
field_elongation_pd,2.8235966209234076,0.1839562548652018,2.518627591826422,0.44242203472247355,3.0388268397964576e-46,0.38650769803113555,2.4329509960732842,0.461290689935521,2.8316128594684384,0.1162117231722841,5.146751082388437e-58,-0.4689562470156527
branch_density_gradient_pd,-0.94013008763379,0.016834619242361216,-0.6606739990277738,0.4609968815786101,3.1426326499664374e-58,-0.43550275679181927,-0.524579535839926,0.5415142658906007,-0.9414455077112245,0.011261977120931455,8.1680083003436e-67,0.5043383415859394
primary_branch_pd_concentration,3.5763759596403597,0.1336970129380068,3.255718573793966,1.0050586315577639,7.712611307525491e-07,0.13378667773199024,3.187216836118157,1.0849653069768797,3.569172305668069,0.1366187028056588,0.03367045729595074,-0.062027001393240494
mean_segment_length_um,57.563529920914974,2.856644334660222,45.217863705707224,16.11982191028837,8.271020926576789e-97,0.5652436755952381,40.50708996704004,18.07447960633242,57.90287927473592,2.1888879900542033,4.8007618796818445e-136,-0.7250557623249455
soma_diameter_um,14.019081183696443,2.185647565603372,13.088654738197544,2.6389158150158623,2.931346541332682e-19,0.24287073603479853,13.135183278881096,2.555485723100373,14.579293532876155,2.2871847390336733,5.685578016196844e-38,-0.3762436143144014
ais_length_um,35.73346374951403,2.870609405204711,40.04350934941191,10.3580391525527,2.9593634969809568e-43,-0.37324719551282054,40.53857593282809,10.810200255213237,36.02768340869946,3.1177905408805113,5.246100211006618e-38,0.3763433651009609
morph_seed,799031268.9367936,534110595.1038252,1108670261.8933237,612510298.5961984,2.8653645428737613e-37,-0.34529532967032966,1144976652.6672516,580909697.8276304,744315120.5541345,516026020.5172989,1.8093383802495677e-50,0.43629522308200497
branch_length_cv,0.05432287490839703,0.07940352741228524,0.22637341489575968,0.17933072074871206,2.8944890889127305e-87,-0.536060077075702,0.22652410876890952,0.18749054571978066,0.04032529392113231,0.04816858803158578,2.647796524090956e-80,0.5542398990064168
