gnmda_ns,angle_deg,trial_index,spike_time_s
0.000000,0,1,0.102911
0.000000,0,2,0.102911
0.000000,0,3,0.102911
0.000000,0,4,0.102911
0.000000,0,5,0.102911
0.000000,0,6,0.102911
0.000000,0,7,0.102911
0.000000,0,8,0.102911
0.000000,0,9,0.102911
0.000000,0,10,0.102911
0.000000,30,1001,0.103384
0.000000,30,1002,0.103384
0.000000,30,1003,0.103384
0.000000,30,1004,0.103384
0.000000,30,1005,0.103384
0.000000,30,1006,0.103384
0.000000,30,1007,0.103384
0.000000,30,1008,0.103384
0.000000,30,1009,0.103384
0.000000,30,1010,0.103384
0.000000,60,2001,0.103776
0.000000,60,2002,0.103776
0.000000,60,2003,0.103776
0.000000,60,2004,0.103776
0.000000,60,2005,0.103776
0.000000,60,2006,0.103776
0.000000,60,2007,0.103776
0.000000,60,2008,0.103776
0.000000,60,2009,0.103776
0.000000,60,2010,0.103776
0.000000,300,10001,0.103931
0.000000,300,10002,0.103931
0.000000,300,10003,0.103931
0.000000,300,10004,0.103931
0.000000,300,10005,0.103931
0.000000,300,10006,0.103931
0.000000,300,10007,0.103931
0.000000,300,10008,0.103931
0.000000,300,10009,0.103931
0.000000,300,10010,0.103931
0.000000,330,11001,0.103281
0.000000,330,11002,0.103281
0.000000,330,11003,0.103281
0.000000,330,11004,0.103281
0.000000,330,11005,0.103281
0.000000,330,11006,0.103281
0.000000,330,11007,0.103281
0.000000,330,11008,0.103281
0.000000,330,11009,0.103281
0.000000,330,11010,0.103281
0.250000,0,1,0.102637
0.250000,0,1,0.118144
0.250000,0,1,0.131453
0.250000,0,1,0.143824
0.250000,0,1,0.156179
0.250000,0,1,0.168939
0.250000,0,1,0.182392
0.250000,0,1,0.196745
0.250000,0,1,0.212401
0.250000,0,1,0.229773
0.250000,0,1,0.249712
0.250000,0,1,0.274358
0.250000,0,2,0.102637
0.250000,0,2,0.118144
0.250000,0,2,0.131453
0.250000,0,2,0.143824
0.250000,0,2,0.156179
0.250000,0,2,0.168939
0.250000,0,2,0.182392
0.250000,0,2,0.196745
0.250000,0,2,0.212401
0.250000,0,2,0.229773
0.250000,0,2,0.249712
0.250000,0,2,0.274358
0.250000,0,3,0.102637
0.250000,0,3,0.118144
0.250000,0,3,0.131453
0.250000,0,3,0.143824
0.250000,0,3,0.156179
0.250000,0,3,0.168939
0.250000,0,3,0.182392
0.250000,0,3,0.196745
0.250000,0,3,0.212401
0.250000,0,3,0.229773
0.250000,0,3,0.249712
0.250000,0,3,0.274358
0.250000,0,4,0.102637
0.250000,0,4,0.118144
0.250000,0,4,0.131453
0.250000,0,4,0.143824
0.250000,0,4,0.156179
0.250000,0,4,0.168939
0.250000,0,4,0.182392
0.250000,0,4,0.196745
0.250000,0,4,0.212401
0.250000,0,4,0.229773
0.250000,0,4,0.249712
0.250000,0,4,0.274358
0.250000,0,5,0.102637
0.250000,0,5,0.118144
0.250000,0,5,0.131453
0.250000,0,5,0.143824
0.250000,0,5,0.156179
0.250000,0,5,0.168939
0.250000,0,5,0.182392
0.250000,0,5,0.196745
0.250000,0,5,0.212401
0.250000,0,5,0.229773
0.250000,0,5,0.249712
0.250000,0,5,0.274358
0.250000,0,6,0.102637
0.250000,0,6,0.118144
0.250000,0,6,0.131453
0.250000,0,6,0.143824
0.250000,0,6,0.156179
0.250000,0,6,0.168939
0.250000,0,6,0.182392
0.250000,0,6,0.196745
0.250000,0,6,0.212401
0.250000,0,6,0.229773
0.250000,0,6,0.249712
0.250000,0,6,0.274358
0.250000,0,7,0.102637
0.250000,0,7,0.118144
0.250000,0,7,0.131453
0.250000,0,7,0.143824
0.250000,0,7,0.156179
0.250000,0,7,0.168939
0.250000,0,7,0.182392
0.250000,0,7,0.196745
0.250000,0,7,0.212401
0.250000,0,7,0.229773
0.250000,0,7,0.249712
0.250000,0,7,0.274358
0.250000,0,8,0.102637
0.250000,0,8,0.118144
0.250000,0,8,0.131453
0.250000,0,8,0.143824
0.250000,0,8,0.156179
0.250000,0,8,0.168939
0.250000,0,8,0.182392
0.250000,0,8,0.196745
0.250000,0,8,0.212401
0.250000,0,8,0.229773
0.250000,0,8,0.249712
0.250000,0,8,0.274358
0.250000,0,9,0.102637
0.250000,0,9,0.118144
0.250000,0,9,0.131453
0.250000,0,9,0.143824
0.250000,0,9,0.156179
0.250000,0,9,0.168939
0.250000,0,9,0.182392
0.250000,0,9,0.196745
0.250000,0,9,0.212401
0.250000,0,9,0.229773
0.250000,0,9,0.249712
0.250000,0,9,0.274358
0.250000,0,10,0.102637
0.250000,0,10,0.118144
0.250000,0,10,0.131453
0.250000,0,10,0.143824
0.250000,0,10,0.156179
0.250000,0,10,0.168939
0.250000,0,10,0.182392
0.250000,0,10,0.196745
0.250000,0,10,0.212401
0.250000,0,10,0.229773
0.250000,0,10,0.249712
0.250000,0,10,0.274358
0.250000,30,1001,0.102951
0.250000,30,1001,0.120968
0.250000,30,1001,0.134708
0.250000,30,1001,0.147258
0.250000,30,1001,0.159832
0.250000,30,1001,0.172815
0.250000,30,1001,0.186486
0.250000,30,1001,0.201157
0.250000,30,1001,0.217181
0.250000,30,1001,0.235053
0.250000,30,1001,0.255800
0.250000,30,1001,0.282589
0.250000,30,1002,0.102951
0.250000,30,1002,0.120968
0.250000,30,1002,0.134708
0.250000,30,1002,0.147258
0.250000,30,1002,0.159832
0.250000,30,1002,0.172815
0.250000,30,1002,0.186486
0.250000,30,1002,0.201157
0.250000,30,1002,0.217181
0.250000,30,1002,0.235053
0.250000,30,1002,0.255800
0.250000,30,1002,0.282589
0.250000,30,1003,0.102951
0.250000,30,1003,0.120968
0.250000,30,1003,0.134708
0.250000,30,1003,0.147258
0.250000,30,1003,0.159832
0.250000,30,1003,0.172815
0.250000,30,1003,0.186486
0.250000,30,1003,0.201157
0.250000,30,1003,0.217181
0.250000,30,1003,0.235053
0.250000,30,1003,0.255800
0.250000,30,1003,0.282589
0.250000,30,1004,0.102951
0.250000,30,1004,0.120968
0.250000,30,1004,0.134708
0.250000,30,1004,0.147258
0.250000,30,1004,0.159832
0.250000,30,1004,0.172815
0.250000,30,1004,0.186486
0.250000,30,1004,0.201157
0.250000,30,1004,0.217181
0.250000,30,1004,0.235053
0.250000,30,1004,0.255800
0.250000,30,1004,0.282589
0.250000,30,1005,0.102951
0.250000,30,1005,0.120968
0.250000,30,1005,0.134708
0.250000,30,1005,0.147258
0.250000,30,1005,0.159832
0.250000,30,1005,0.172815
0.250000,30,1005,0.186486
0.250000,30,1005,0.201157
0.250000,30,1005,0.217181
0.250000,30,1005,0.235053
0.250000,30,1005,0.255800
0.250000,30,1005,0.282589
0.250000,30,1006,0.102951
0.250000,30,1006,0.120968
0.250000,30,1006,0.134708
0.250000,30,1006,0.147258
0.250000,30,1006,0.159832
0.250000,30,1006,0.172815
0.250000,30,1006,0.186486
0.250000,30,1006,0.201157
0.250000,30,1006,0.217181
0.250000,30,1006,0.235053
0.250000,30,1006,0.255800
0.250000,30,1006,0.282589
0.250000,30,1007,0.102951
0.250000,30,1007,0.120968
0.250000,30,1007,0.134708
0.250000,30,1007,0.147258
0.250000,30,1007,0.159832
0.250000,30,1007,0.172815
0.250000,30,1007,0.186486
0.250000,30,1007,0.201157
0.250000,30,1007,0.217181
0.250000,30,1007,0.235053
0.250000,30,1007,0.255800
0.250000,30,1007,0.282589
0.250000,30,1008,0.102951
0.250000,30,1008,0.120968
0.250000,30,1008,0.134708
0.250000,30,1008,0.147258
0.250000,30,1008,0.159832
0.250000,30,1008,0.172815
0.250000,30,1008,0.186486
0.250000,30,1008,0.201157
0.250000,30,1008,0.217181
0.250000,30,1008,0.235053
0.250000,30,1008,0.255800
0.250000,30,1008,0.282589
0.250000,30,1009,0.102951
0.250000,30,1009,0.120968
0.250000,30,1009,0.134708
0.250000,30,1009,0.147258
0.250000,30,1009,0.159832
0.250000,30,1009,0.172815
0.250000,30,1009,0.186486
0.250000,30,1009,0.201157
0.250000,30,1009,0.217181
0.250000,30,1009,0.235053
0.250000,30,1009,0.255800
0.250000,30,1009,0.282589
0.250000,30,1010,0.102951
0.250000,30,1010,0.120968
0.250000,30,1010,0.134708
0.250000,30,1010,0.147258
0.250000,30,1010,0.159832
0.250000,30,1010,0.172815
0.250000,30,1010,0.186486
0.250000,30,1010,0.201157
0.250000,30,1010,0.217181
0.250000,30,1010,0.235053
0.250000,30,1010,0.255800
0.250000,30,1010,0.282589
0.250000,60,2001,0.103095
0.250000,60,2001,0.124397
0.250000,60,2001,0.139015
0.250000,60,2001,0.152128
0.250000,60,2001,0.165189
0.250000,60,2001,0.178617
0.250000,60,2001,0.192800
0.250000,60,2001,0.208094
0.250000,60,2001,0.224910
0.250000,60,2001,0.243917
0.250000,60,2001,0.266615
0.250000,60,2002,0.103095
0.250000,60,2002,0.124397
0.250000,60,2002,0.139015
0.250000,60,2002,0.152128
0.250000,60,2002,0.165189
0.250000,60,2002,0.178617
0.250000,60,2002,0.192800
0.250000,60,2002,0.208094
0.250000,60,2002,0.224910
0.250000,60,2002,0.243917
0.250000,60,2002,0.266615
0.250000,60,2003,0.103095
0.250000,60,2003,0.124397
0.250000,60,2003,0.139015
0.250000,60,2003,0.152128
0.250000,60,2003,0.165189
0.250000,60,2003,0.178617
0.250000,60,2003,0.192800
0.250000,60,2003,0.208094
0.250000,60,2003,0.224910
0.250000,60,2003,0.243917
0.250000,60,2003,0.266615
0.250000,60,2004,0.103095
0.250000,60,2004,0.124397
0.250000,60,2004,0.139015
0.250000,60,2004,0.152128
0.250000,60,2004,0.165189
0.250000,60,2004,0.178617
0.250000,60,2004,0.192800
0.250000,60,2004,0.208094
0.250000,60,2004,0.224910
0.250000,60,2004,0.243917
0.250000,60,2004,0.266615
0.250000,60,2005,0.103095
0.250000,60,2005,0.124397
0.250000,60,2005,0.139015
0.250000,60,2005,0.152128
0.250000,60,2005,0.165189
0.250000,60,2005,0.178617
0.250000,60,2005,0.192800
0.250000,60,2005,0.208094
0.250000,60,2005,0.224910
0.250000,60,2005,0.243917
0.250000,60,2005,0.266615
0.250000,60,2006,0.103095
0.250000,60,2006,0.124397
0.250000,60,2006,0.139015
0.250000,60,2006,0.152128
0.250000,60,2006,0.165189
0.250000,60,2006,0.178617
0.250000,60,2006,0.192800
0.250000,60,2006,0.208094
0.250000,60,2006,0.224910
0.250000,60,2006,0.243917
0.250000,60,2006,0.266615
0.250000,60,2007,0.103095
0.250000,60,2007,0.124397
0.250000,60,2007,0.139015
0.250000,60,2007,0.152128
0.250000,60,2007,0.165189
0.250000,60,2007,0.178617
0.250000,60,2007,0.192800
0.250000,60,2007,0.208094
0.250000,60,2007,0.224910
0.250000,60,2007,0.243917
0.250000,60,2007,0.266615
0.250000,60,2008,0.103095
0.250000,60,2008,0.124397
0.250000,60,2008,0.139015
0.250000,60,2008,0.152128
0.250000,60,2008,0.165189
0.250000,60,2008,0.178617
0.250000,60,2008,0.192800
0.250000,60,2008,0.208094
0.250000,60,2008,0.224910
0.250000,60,2008,0.243917
0.250000,60,2008,0.266615
0.250000,60,2009,0.103095
0.250000,60,2009,0.124397
0.250000,60,2009,0.139015
0.250000,60,2009,0.152128
0.250000,60,2009,0.165189
0.250000,60,2009,0.178617
0.250000,60,2009,0.192800
0.250000,60,2009,0.208094
0.250000,60,2009,0.224910
0.250000,60,2009,0.243917
0.250000,60,2009,0.266615
0.250000,60,2010,0.103095
0.250000,60,2010,0.124397
0.250000,60,2010,0.139015
0.250000,60,2010,0.152128
0.250000,60,2010,0.165189
0.250000,60,2010,0.178617
0.250000,60,2010,0.192800
0.250000,60,2010,0.208094
0.250000,60,2010,0.224910
0.250000,60,2010,0.243917
0.250000,60,2010,0.266615
0.250000,90,3001,0.103231
0.250000,90,3001,0.133162
0.250000,90,3001,0.147888
0.250000,90,3001,0.161469
0.250000,90,3001,0.175111
0.250000,90,3001,0.189352
0.250000,90,3001,0.204547
0.250000,90,3001,0.221169
0.250000,90,3001,0.239855
0.250000,90,3001,0.261889
0.250000,90,3001,0.295883
0.250000,90,3002,0.103231
0.250000,90,3002,0.133162
0.250000,90,3002,0.147888
0.250000,90,3002,0.161469
0.250000,90,3002,0.175111
0.250000,90,3002,0.189352
0.250000,90,3002,0.204547
0.250000,90,3002,0.221169
0.250000,90,3002,0.239855
0.250000,90,3002,0.261889
0.250000,90,3002,0.295883
0.250000,90,3003,0.103231
0.250000,90,3003,0.133162
0.250000,90,3003,0.147888
0.250000,90,3003,0.161469
0.250000,90,3003,0.175111
0.250000,90,3003,0.189352
0.250000,90,3003,0.204547
0.250000,90,3003,0.221169
0.250000,90,3003,0.239855
0.250000,90,3003,0.261889
0.250000,90,3003,0.295883
0.250000,90,3004,0.103231
0.250000,90,3004,0.133162
0.250000,90,3004,0.147888
0.250000,90,3004,0.161469
0.250000,90,3004,0.175111
0.250000,90,3004,0.189352
0.250000,90,3004,0.204547
0.250000,90,3004,0.221169
0.250000,90,3004,0.239855
0.250000,90,3004,0.261889
0.250000,90,3004,0.295883
0.250000,90,3005,0.103231
0.250000,90,3005,0.133162
0.250000,90,3005,0.147888
0.250000,90,3005,0.161469
0.250000,90,3005,0.175111
0.250000,90,3005,0.189352
0.250000,90,3005,0.204547
0.250000,90,3005,0.221169
0.250000,90,3005,0.239855
0.250000,90,3005,0.261889
0.250000,90,3005,0.295883
0.250000,90,3006,0.103231
0.250000,90,3006,0.133162
0.250000,90,3006,0.147888
0.250000,90,3006,0.161469
0.250000,90,3006,0.175111
0.250000,90,3006,0.189352
0.250000,90,3006,0.204547
0.250000,90,3006,0.221169
0.250000,90,3006,0.239855
0.250000,90,3006,0.261889
0.250000,90,3006,0.295883
0.250000,90,3007,0.103231
0.250000,90,3007,0.133162
0.250000,90,3007,0.147888
0.250000,90,3007,0.161469
0.250000,90,3007,0.175111
0.250000,90,3007,0.189352
0.250000,90,3007,0.204547
0.250000,90,3007,0.221169
0.250000,90,3007,0.239855
0.250000,90,3007,0.261889
0.250000,90,3007,0.295883
0.250000,90,3008,0.103231
0.250000,90,3008,0.133162
0.250000,90,3008,0.147888
0.250000,90,3008,0.161469
0.250000,90,3008,0.175111
0.250000,90,3008,0.189352
0.250000,90,3008,0.204547
0.250000,90,3008,0.221169
0.250000,90,3008,0.239855
0.250000,90,3008,0.261889
0.250000,90,3008,0.295883
0.250000,90,3009,0.103231
0.250000,90,3009,0.133162
0.250000,90,3009,0.147888
0.250000,90,3009,0.161469
0.250000,90,3009,0.175111
0.250000,90,3009,0.189352
0.250000,90,3009,0.204547
0.250000,90,3009,0.221169
0.250000,90,3009,0.239855
0.250000,90,3009,0.261889
0.250000,90,3009,0.295883
0.250000,90,3010,0.103231
0.250000,90,3010,0.133162
0.250000,90,3010,0.147888
0.250000,90,3010,0.161469
0.250000,90,3010,0.175111
0.250000,90,3010,0.189352
0.250000,90,3010,0.204547
0.250000,90,3010,0.221169
0.250000,90,3010,0.239855
0.250000,90,3010,0.261889
0.250000,90,3010,0.295883
0.250000,120,4001,0.138454
0.250000,120,4001,0.153227
0.250000,120,4001,0.167145
0.250000,120,4001,0.181283
0.250000,120,4001,0.196151
0.250000,120,4001,0.212183
0.250000,120,4001,0.229955
0.250000,120,4001,0.250405
0.250000,120,4001,0.276274
0.250000,120,4002,0.138454
0.250000,120,4002,0.153227
0.250000,120,4002,0.167145
0.250000,120,4002,0.181283
0.250000,120,4002,0.196151
0.250000,120,4002,0.212183
0.250000,120,4002,0.229955
0.250000,120,4002,0.250405
0.250000,120,4002,0.276274
0.250000,120,4003,0.138454
0.250000,120,4003,0.153227
0.250000,120,4003,0.167145
0.250000,120,4003,0.181283
0.250000,120,4003,0.196151
0.250000,120,4003,0.212183
0.250000,120,4003,0.229955
0.250000,120,4003,0.250405
0.250000,120,4003,0.276274
0.250000,120,4004,0.138454
0.250000,120,4004,0.153227
0.250000,120,4004,0.167145
0.250000,120,4004,0.181283
0.250000,120,4004,0.196151
0.250000,120,4004,0.212183
0.250000,120,4004,0.229955
0.250000,120,4004,0.250405
0.250000,120,4004,0.276274
0.250000,120,4005,0.138454
0.250000,120,4005,0.153227
0.250000,120,4005,0.167145
0.250000,120,4005,0.181283
0.250000,120,4005,0.196151
0.250000,120,4005,0.212183
0.250000,120,4005,0.229955
0.250000,120,4005,0.250405
0.250000,120,4005,0.276274
0.250000,120,4006,0.138454
0.250000,120,4006,0.153227
0.250000,120,4006,0.167145
0.250000,120,4006,0.181283
0.250000,120,4006,0.196151
0.250000,120,4006,0.212183
0.250000,120,4006,0.229955
0.250000,120,4006,0.250405
0.250000,120,4006,0.276274
0.250000,120,4007,0.138454
0.250000,120,4007,0.153227
0.250000,120,4007,0.167145
0.250000,120,4007,0.181283
0.250000,120,4007,0.196151
0.250000,120,4007,0.212183
0.250000,120,4007,0.229955
0.250000,120,4007,0.250405
0.250000,120,4007,0.276274
0.250000,120,4008,0.138454
0.250000,120,4008,0.153227
0.250000,120,4008,0.167145
0.250000,120,4008,0.181283
0.250000,120,4008,0.196151
0.250000,120,4008,0.212183
0.250000,120,4008,0.229955
0.250000,120,4008,0.250405
0.250000,120,4008,0.276274
0.250000,120,4009,0.138454
0.250000,120,4009,0.153227
0.250000,120,4009,0.167145
0.250000,120,4009,0.181283
0.250000,120,4009,0.196151
0.250000,120,4009,0.212183
0.250000,120,4009,0.229955
0.250000,120,4009,0.250405
0.250000,120,4009,0.276274
0.250000,120,4010,0.138454
0.250000,120,4010,0.153227
0.250000,120,4010,0.167145
0.250000,120,4010,0.181283
0.250000,120,4010,0.196151
0.250000,120,4010,0.212183
0.250000,120,4010,0.229955
0.250000,120,4010,0.250405
0.250000,120,4010,0.276274
0.250000,150,5001,0.136685
0.250000,150,5001,0.152007
0.250000,150,5001,0.166132
0.250000,150,5001,0.180413
0.250000,150,5001,0.195422
0.250000,150,5001,0.211629
0.250000,150,5001,0.229641
0.250000,150,5001,0.250410
0.250000,150,5001,0.277195
0.250000,150,5002,0.136685
0.250000,150,5002,0.152007
0.250000,150,5002,0.166132
0.250000,150,5002,0.180413
0.250000,150,5002,0.195422
0.250000,150,5002,0.211629
0.250000,150,5002,0.229641
0.250000,150,5002,0.250410
0.250000,150,5002,0.277195
0.250000,150,5003,0.136685
0.250000,150,5003,0.152007
0.250000,150,5003,0.166132
0.250000,150,5003,0.180413
0.250000,150,5003,0.195422
0.250000,150,5003,0.211629
0.250000,150,5003,0.229641
0.250000,150,5003,0.250410
0.250000,150,5003,0.277195
0.250000,150,5004,0.136685
0.250000,150,5004,0.152007
0.250000,150,5004,0.166132
0.250000,150,5004,0.180413
0.250000,150,5004,0.195422
0.250000,150,5004,0.211629
0.250000,150,5004,0.229641
0.250000,150,5004,0.250410
0.250000,150,5004,0.277195
0.250000,150,5005,0.136685
0.250000,150,5005,0.152007
0.250000,150,5005,0.166132
0.250000,150,5005,0.180413
0.250000,150,5005,0.195422
0.250000,150,5005,0.211629
0.250000,150,5005,0.229641
0.250000,150,5005,0.250410
0.250000,150,5005,0.277195
0.250000,150,5006,0.136685
0.250000,150,5006,0.152007
0.250000,150,5006,0.166132
0.250000,150,5006,0.180413
0.250000,150,5006,0.195422
0.250000,150,5006,0.211629
0.250000,150,5006,0.229641
0.250000,150,5006,0.250410
0.250000,150,5006,0.277195
0.250000,150,5007,0.136685
0.250000,150,5007,0.152007
0.250000,150,5007,0.166132
0.250000,150,5007,0.180413
0.250000,150,5007,0.195422
0.250000,150,5007,0.211629
0.250000,150,5007,0.229641
0.250000,150,5007,0.250410
0.250000,150,5007,0.277195
0.250000,150,5008,0.136685
0.250000,150,5008,0.152007
0.250000,150,5008,0.166132
0.250000,150,5008,0.180413
0.250000,150,5008,0.195422
0.250000,150,5008,0.211629
0.250000,150,5008,0.229641
0.250000,150,5008,0.250410
0.250000,150,5008,0.277195
0.250000,150,5009,0.136685
0.250000,150,5009,0.152007
0.250000,150,5009,0.166132
0.250000,150,5009,0.180413
0.250000,150,5009,0.195422
0.250000,150,5009,0.211629
0.250000,150,5009,0.229641
0.250000,150,5009,0.250410
0.250000,150,5009,0.277195
0.250000,150,5010,0.136685
0.250000,150,5010,0.152007
0.250000,150,5010,0.166132
0.250000,150,5010,0.180413
0.250000,150,5010,0.195422
0.250000,150,5010,0.211629
0.250000,150,5010,0.229641
0.250000,150,5010,0.250410
0.250000,150,5010,0.277195
0.250000,180,6001,0.135879
0.250000,180,6001,0.151269
0.250000,180,6001,0.165453
0.250000,180,6001,0.179802
0.250000,180,6001,0.194857
0.250000,180,6001,0.211140
0.250000,180,6001,0.229224
0.250000,180,6001,0.250148
0.250000,180,6001,0.277328
0.250000,180,6002,0.135879
0.250000,180,6002,0.151269
0.250000,180,6002,0.165453
0.250000,180,6002,0.179802
0.250000,180,6002,0.194857
0.250000,180,6002,0.211140
0.250000,180,6002,0.229224
0.250000,180,6002,0.250148
0.250000,180,6002,0.277328
0.250000,180,6003,0.135879
0.250000,180,6003,0.151269
0.250000,180,6003,0.165453
0.250000,180,6003,0.179802
0.250000,180,6003,0.194857
0.250000,180,6003,0.211140
0.250000,180,6003,0.229224
0.250000,180,6003,0.250148
0.250000,180,6003,0.277328
0.250000,180,6004,0.135879
0.250000,180,6004,0.151269
0.250000,180,6004,0.165453
0.250000,180,6004,0.179802
0.250000,180,6004,0.194857
0.250000,180,6004,0.211140
0.250000,180,6004,0.229224
0.250000,180,6004,0.250148
0.250000,180,6004,0.277328
0.250000,180,6005,0.135879
0.250000,180,6005,0.151269
0.250000,180,6005,0.165453
0.250000,180,6005,0.179802
0.250000,180,6005,0.194857
0.250000,180,6005,0.211140
0.250000,180,6005,0.229224
0.250000,180,6005,0.250148
0.250000,180,6005,0.277328
0.250000,180,6006,0.135879
0.250000,180,6006,0.151269
0.250000,180,6006,0.165453
0.250000,180,6006,0.179802
0.250000,180,6006,0.194857
0.250000,180,6006,0.211140
0.250000,180,6006,0.229224
0.250000,180,6006,0.250148
0.250000,180,6006,0.277328
0.250000,180,6007,0.135879
0.250000,180,6007,0.151269
0.250000,180,6007,0.165453
0.250000,180,6007,0.179802
0.250000,180,6007,0.194857
0.250000,180,6007,0.211140
0.250000,180,6007,0.229224
0.250000,180,6007,0.250148
0.250000,180,6007,0.277328
0.250000,180,6008,0.135879
0.250000,180,6008,0.151269
0.250000,180,6008,0.165453
0.250000,180,6008,0.179802
0.250000,180,6008,0.194857
0.250000,180,6008,0.211140
0.250000,180,6008,0.229224
0.250000,180,6008,0.250148
0.250000,180,6008,0.277328
0.250000,180,6009,0.135879
0.250000,180,6009,0.151269
0.250000,180,6009,0.165453
0.250000,180,6009,0.179802
0.250000,180,6009,0.194857
0.250000,180,6009,0.211140
0.250000,180,6009,0.229224
0.250000,180,6009,0.250148
0.250000,180,6009,0.277328
0.250000,180,6010,0.135879
0.250000,180,6010,0.151269
0.250000,180,6010,0.165453
0.250000,180,6010,0.179802
0.250000,180,6010,0.194857
0.250000,180,6010,0.211140
0.250000,180,6010,0.229224
0.250000,180,6010,0.250148
0.250000,180,6010,0.277328
0.250000,210,7001,0.136042
0.250000,210,7001,0.151337
0.250000,210,7001,0.165473
0.250000,210,7001,0.179739
0.250000,210,7001,0.194708
0.250000,210,7001,0.210860
0.250000,210,7001,0.228782
0.250000,210,7001,0.249457
0.250000,210,7001,0.275961
0.250000,210,7002,0.136042
0.250000,210,7002,0.151337
0.250000,210,7002,0.165473
0.250000,210,7002,0.179739
0.250000,210,7002,0.194708
0.250000,210,7002,0.210860
0.250000,210,7002,0.228782
0.250000,210,7002,0.249457
0.250000,210,7002,0.275961
0.250000,210,7003,0.136042
0.250000,210,7003,0.151337
0.250000,210,7003,0.165473
0.250000,210,7003,0.179739
0.250000,210,7003,0.194708
0.250000,210,7003,0.210860
0.250000,210,7003,0.228782
0.250000,210,7003,0.249457
0.250000,210,7003,0.275961
0.250000,210,7004,0.136042
0.250000,210,7004,0.151337
0.250000,210,7004,0.165473
0.250000,210,7004,0.179739
0.250000,210,7004,0.194708
0.250000,210,7004,0.210860
0.250000,210,7004,0.228782
0.250000,210,7004,0.249457
0.250000,210,7004,0.275961
0.250000,210,7005,0.136042
0.250000,210,7005,0.151337
0.250000,210,7005,0.165473
0.250000,210,7005,0.179739
0.250000,210,7005,0.194708
0.250000,210,7005,0.210860
0.250000,210,7005,0.228782
0.250000,210,7005,0.249457
0.250000,210,7005,0.275961
0.250000,210,7006,0.136042
0.250000,210,7006,0.151337
0.250000,210,7006,0.165473
0.250000,210,7006,0.179739
0.250000,210,7006,0.194708
0.250000,210,7006,0.210860
0.250000,210,7006,0.228782
0.250000,210,7006,0.249457
0.250000,210,7006,0.275961
0.250000,210,7007,0.136042
0.250000,210,7007,0.151337
0.250000,210,7007,0.165473
0.250000,210,7007,0.179739
0.250000,210,7007,0.194708
0.250000,210,7007,0.210860
0.250000,210,7007,0.228782
0.250000,210,7007,0.249457
0.250000,210,7007,0.275961
0.250000,210,7008,0.136042
0.250000,210,7008,0.151337
0.250000,210,7008,0.165473
0.250000,210,7008,0.179739
0.250000,210,7008,0.194708
0.250000,210,7008,0.210860
0.250000,210,7008,0.228782
0.250000,210,7008,0.249457
0.250000,210,7008,0.275961
0.250000,210,7009,0.136042
0.250000,210,7009,0.151337
0.250000,210,7009,0.165473
0.250000,210,7009,0.179739
0.250000,210,7009,0.194708
0.250000,210,7009,0.210860
0.250000,210,7009,0.228782
0.250000,210,7009,0.249457
0.250000,210,7009,0.275961
0.250000,210,7010,0.136042
0.250000,210,7010,0.151337
0.250000,210,7010,0.165473
0.250000,210,7010,0.179739
0.250000,210,7010,0.194708
0.250000,210,7010,0.210860
0.250000,210,7010,0.228782
0.250000,210,7010,0.249457
0.250000,210,7010,0.275961
0.250000,240,8001,0.134795
0.250000,240,8001,0.149812
0.250000,240,8001,0.163719
0.250000,240,8001,0.177769
0.250000,240,8001,0.192433
0.250000,240,8001,0.208226
0.250000,240,8001,0.225610
0.250000,240,8001,0.245454
0.250000,240,8001,0.269826
0.250000,240,8002,0.134795
0.250000,240,8002,0.149812
0.250000,240,8002,0.163719
0.250000,240,8002,0.177769
0.250000,240,8002,0.192433
0.250000,240,8002,0.208226
0.250000,240,8002,0.225610
0.250000,240,8002,0.245454
0.250000,240,8002,0.269826
0.250000,240,8003,0.134795
0.250000,240,8003,0.149812
0.250000,240,8003,0.163719
0.250000,240,8003,0.177769
0.250000,240,8003,0.192433
0.250000,240,8003,0.208226
0.250000,240,8003,0.225610
0.250000,240,8003,0.245454
0.250000,240,8003,0.269826
0.250000,240,8004,0.134795
0.250000,240,8004,0.149812
0.250000,240,8004,0.163719
0.250000,240,8004,0.177769
0.250000,240,8004,0.192433
0.250000,240,8004,0.208226
0.250000,240,8004,0.225610
0.250000,240,8004,0.245454
0.250000,240,8004,0.269826
0.250000,240,8005,0.134795
0.250000,240,8005,0.149812
0.250000,240,8005,0.163719
0.250000,240,8005,0.177769
0.250000,240,8005,0.192433
0.250000,240,8005,0.208226
0.250000,240,8005,0.225610
0.250000,240,8005,0.245454
0.250000,240,8005,0.269826
0.250000,240,8006,0.134795
0.250000,240,8006,0.149812
0.250000,240,8006,0.163719
0.250000,240,8006,0.177769
0.250000,240,8006,0.192433
0.250000,240,8006,0.208226
0.250000,240,8006,0.225610
0.250000,240,8006,0.245454
0.250000,240,8006,0.269826
0.250000,240,8007,0.134795
0.250000,240,8007,0.149812
0.250000,240,8007,0.163719
0.250000,240,8007,0.177769
0.250000,240,8007,0.192433
0.250000,240,8007,0.208226
0.250000,240,8007,0.225610
0.250000,240,8007,0.245454
0.250000,240,8007,0.269826
0.250000,240,8008,0.134795
0.250000,240,8008,0.149812
0.250000,240,8008,0.163719
0.250000,240,8008,0.177769
0.250000,240,8008,0.192433
0.250000,240,8008,0.208226
0.250000,240,8008,0.225610
0.250000,240,8008,0.245454
0.250000,240,8008,0.269826
0.250000,240,8009,0.134795
0.250000,240,8009,0.149812
0.250000,240,8009,0.163719
0.250000,240,8009,0.177769
0.250000,240,8009,0.192433
0.250000,240,8009,0.208226
0.250000,240,8009,0.225610
0.250000,240,8009,0.245454
0.250000,240,8009,0.269826
0.250000,240,8010,0.134795
0.250000,240,8010,0.149812
0.250000,240,8010,0.163719
0.250000,240,8010,0.177769
0.250000,240,8010,0.192433
0.250000,240,8010,0.208226
0.250000,240,8010,0.225610
0.250000,240,8010,0.245454
0.250000,240,8010,0.269826
0.250000,270,9001,0.103270
0.250000,270,9001,0.129353
0.250000,270,9001,0.144275
0.250000,270,9001,0.157842
0.250000,270,9001,0.171406
0.250000,270,9001,0.185521
0.250000,270,9001,0.200528
0.250000,270,9001,0.216889
0.250000,270,9001,0.235178
0.250000,270,9001,0.256568
0.250000,270,9001,0.285545
0.250000,270,9002,0.103270
0.250000,270,9002,0.129353
0.250000,270,9002,0.144275
0.250000,270,9002,0.157842
0.250000,270,9002,0.171406
0.250000,270,9002,0.185521
0.250000,270,9002,0.200528
0.250000,270,9002,0.216889
0.250000,270,9002,0.235178
0.250000,270,9002,0.256568
0.250000,270,9002,0.285545
0.250000,270,9003,0.103270
0.250000,270,9003,0.129353
0.250000,270,9003,0.144275
0.250000,270,9003,0.157842
0.250000,270,9003,0.171406
0.250000,270,9003,0.185521
0.250000,270,9003,0.200528
0.250000,270,9003,0.216889
0.250000,270,9003,0.235178
0.250000,270,9003,0.256568
0.250000,270,9003,0.285545
0.250000,270,9004,0.103270
0.250000,270,9004,0.129353
0.250000,270,9004,0.144275
0.250000,270,9004,0.157842
0.250000,270,9004,0.171406
0.250000,270,9004,0.185521
0.250000,270,9004,0.200528
0.250000,270,9004,0.216889
0.250000,270,9004,0.235178
0.250000,270,9004,0.256568
0.250000,270,9004,0.285545
0.250000,270,9005,0.103270
0.250000,270,9005,0.129353
0.250000,270,9005,0.144275
0.250000,270,9005,0.157842
0.250000,270,9005,0.171406
0.250000,270,9005,0.185521
0.250000,270,9005,0.200528
0.250000,270,9005,0.216889
0.250000,270,9005,0.235178
0.250000,270,9005,0.256568
0.250000,270,9005,0.285545
0.250000,270,9006,0.103270
0.250000,270,9006,0.129353
0.250000,270,9006,0.144275
0.250000,270,9006,0.157842
0.250000,270,9006,0.171406
0.250000,270,9006,0.185521
0.250000,270,9006,0.200528
0.250000,270,9006,0.216889
0.250000,270,9006,0.235178
0.250000,270,9006,0.256568
0.250000,270,9006,0.285545
0.250000,270,9007,0.103270
0.250000,270,9007,0.129353
0.250000,270,9007,0.144275
0.250000,270,9007,0.157842
0.250000,270,9007,0.171406
0.250000,270,9007,0.185521
0.250000,270,9007,0.200528
0.250000,270,9007,0.216889
0.250000,270,9007,0.235178
0.250000,270,9007,0.256568
0.250000,270,9007,0.285545
0.250000,270,9008,0.103270
0.250000,270,9008,0.129353
0.250000,270,9008,0.144275
0.250000,270,9008,0.157842
0.250000,270,9008,0.171406
0.250000,270,9008,0.185521
0.250000,270,9008,0.200528
0.250000,270,9008,0.216889
0.250000,270,9008,0.235178
0.250000,270,9008,0.256568
0.250000,270,9008,0.285545
0.250000,270,9009,0.103270
0.250000,270,9009,0.129353
0.250000,270,9009,0.144275
0.250000,270,9009,0.157842
0.250000,270,9009,0.171406
0.250000,270,9009,0.185521
0.250000,270,9009,0.200528
0.250000,270,9009,0.216889
0.250000,270,9009,0.235178
0.250000,270,9009,0.256568
0.250000,270,9009,0.285545
0.250000,270,9010,0.103270
0.250000,270,9010,0.129353
0.250000,270,9010,0.144275
0.250000,270,9010,0.157842
0.250000,270,9010,0.171406
0.250000,270,9010,0.185521
0.250000,270,9010,0.200528
0.250000,270,9010,0.216889
0.250000,270,9010,0.235178
0.250000,270,9010,0.256568
0.250000,270,9010,0.285545
0.250000,300,10001,0.103157
0.250000,300,10001,0.125004
0.250000,300,10001,0.139130
0.250000,300,10001,0.152154
0.250000,300,10001,0.165165
0.250000,300,10001,0.178685
0.250000,300,10001,0.192999
0.250000,300,10001,0.208453
0.250000,300,10001,0.225546
0.250000,300,10001,0.244962
0.250000,300,10001,0.268463
0.250000,300,10002,0.103157
0.250000,300,10002,0.125004
0.250000,300,10002,0.139130
0.250000,300,10002,0.152154
0.250000,300,10002,0.165165
0.250000,300,10002,0.178685
0.250000,300,10002,0.192999
0.250000,300,10002,0.208453
0.250000,300,10002,0.225546
0.250000,300,10002,0.244962
0.250000,300,10002,0.268463
0.250000,300,10003,0.103157
0.250000,300,10003,0.125004
0.250000,300,10003,0.139130
0.250000,300,10003,0.152154
0.250000,300,10003,0.165165
0.250000,300,10003,0.178685
0.250000,300,10003,0.192999
0.250000,300,10003,0.208453
0.250000,300,10003,0.225546
0.250000,300,10003,0.244962
0.250000,300,10003,0.268463
0.250000,300,10004,0.103157
0.250000,300,10004,0.125004
0.250000,300,10004,0.139130
0.250000,300,10004,0.152154
0.250000,300,10004,0.165165
0.250000,300,10004,0.178685
0.250000,300,10004,0.192999
0.250000,300,10004,0.208453
0.250000,300,10004,0.225546
0.250000,300,10004,0.244962
0.250000,300,10004,0.268463
0.250000,300,10005,0.103157
0.250000,300,10005,0.125004
0.250000,300,10005,0.139130
0.250000,300,10005,0.152154
0.250000,300,10005,0.165165
0.250000,300,10005,0.178685
0.250000,300,10005,0.192999
0.250000,300,10005,0.208453
0.250000,300,10005,0.225546
0.250000,300,10005,0.244962
0.250000,300,10005,0.268463
0.250000,300,10006,0.103157
0.250000,300,10006,0.125004
0.250000,300,10006,0.139130
0.250000,300,10006,0.152154
0.250000,300,10006,0.165165
0.250000,300,10006,0.178685
0.250000,300,10006,0.192999
0.250000,300,10006,0.208453
0.250000,300,10006,0.225546
0.250000,300,10006,0.244962
0.250000,300,10006,0.268463
0.250000,300,10007,0.103157
0.250000,300,10007,0.125004
0.250000,300,10007,0.139130
0.250000,300,10007,0.152154
0.250000,300,10007,0.165165
0.250000,300,10007,0.178685
0.250000,300,10007,0.192999
0.250000,300,10007,0.208453
0.250000,300,10007,0.225546
0.250000,300,10007,0.244962
0.250000,300,10007,0.268463
0.250000,300,10008,0.103157
0.250000,300,10008,0.125004
0.250000,300,10008,0.139130
0.250000,300,10008,0.152154
0.250000,300,10008,0.165165
0.250000,300,10008,0.178685
0.250000,300,10008,0.192999
0.250000,300,10008,0.208453
0.250000,300,10008,0.225546
0.250000,300,10008,0.244962
0.250000,300,10008,0.268463
0.250000,300,10009,0.103157
0.250000,300,10009,0.125004
0.250000,300,10009,0.139130
0.250000,300,10009,0.152154
0.250000,300,10009,0.165165
0.250000,300,10009,0.178685
0.250000,300,10009,0.192999
0.250000,300,10009,0.208453
0.250000,300,10009,0.225546
0.250000,300,10009,0.244962
0.250000,300,10009,0.268463
0.250000,300,10010,0.103157
0.250000,300,10010,0.125004
0.250000,300,10010,0.139130
0.250000,300,10010,0.152154
0.250000,300,10010,0.165165
0.250000,300,10010,0.178685
0.250000,300,10010,0.192999
0.250000,300,10010,0.208453
0.250000,300,10010,0.225546
0.250000,300,10010,0.244962
0.250000,300,10010,0.268463
0.250000,330,11001,0.102874
0.250000,330,11001,0.119986
0.250000,330,11001,0.133354
0.250000,330,11001,0.145853
0.250000,330,11001,0.158412
0.250000,330,11001,0.171326
0.250000,330,11001,0.185016
0.250000,330,11001,0.199670
0.250000,330,11001,0.215648
0.250000,330,11001,0.233508
0.250000,330,11001,0.254189
0.250000,330,11001,0.280878
0.250000,330,11002,0.102874
0.250000,330,11002,0.119986
0.250000,330,11002,0.133354
0.250000,330,11002,0.145853
0.250000,330,11002,0.158412
0.250000,330,11002,0.171326
0.250000,330,11002,0.185016
0.250000,330,11002,0.199670
0.250000,330,11002,0.215648
0.250000,330,11002,0.233508
0.250000,330,11002,0.254189
0.250000,330,11002,0.280878
0.250000,330,11003,0.102874
0.250000,330,11003,0.119986
0.250000,330,11003,0.133354
0.250000,330,11003,0.145853
0.250000,330,11003,0.158412
0.250000,330,11003,0.171326
0.250000,330,11003,0.185016
0.250000,330,11003,0.199670
0.250000,330,11003,0.215648
0.250000,330,11003,0.233508
0.250000,330,11003,0.254189
0.250000,330,11003,0.280878
0.250000,330,11004,0.102874
0.250000,330,11004,0.119986
0.250000,330,11004,0.133354
0.250000,330,11004,0.145853
0.250000,330,11004,0.158412
0.250000,330,11004,0.171326
0.250000,330,11004,0.185016
0.250000,330,11004,0.199670
0.250000,330,11004,0.215648
0.250000,330,11004,0.233508
0.250000,330,11004,0.254189
0.250000,330,11004,0.280878
0.250000,330,11005,0.102874
0.250000,330,11005,0.119986
0.250000,330,11005,0.133354
0.250000,330,11005,0.145853
0.250000,330,11005,0.158412
0.250000,330,11005,0.171326
0.250000,330,11005,0.185016
0.250000,330,11005,0.199670
0.250000,330,11005,0.215648
0.250000,330,11005,0.233508
0.250000,330,11005,0.254189
0.250000,330,11005,0.280878
0.250000,330,11006,0.102874
0.250000,330,11006,0.119986
0.250000,330,11006,0.133354
0.250000,330,11006,0.145853
0.250000,330,11006,0.158412
0.250000,330,11006,0.171326
0.250000,330,11006,0.185016
0.250000,330,11006,0.199670
0.250000,330,11006,0.215648
0.250000,330,11006,0.233508
0.250000,330,11006,0.254189
0.250000,330,11006,0.280878
0.250000,330,11007,0.102874
0.250000,330,11007,0.119986
0.250000,330,11007,0.133354
0.250000,330,11007,0.145853
0.250000,330,11007,0.158412
0.250000,330,11007,0.171326
0.250000,330,11007,0.185016
0.250000,330,11007,0.199670
0.250000,330,11007,0.215648
0.250000,330,11007,0.233508
0.250000,330,11007,0.254189
0.250000,330,11007,0.280878
0.250000,330,11008,0.102874
0.250000,330,11008,0.119986
0.250000,330,11008,0.133354
0.250000,330,11008,0.145853
0.250000,330,11008,0.158412
0.250000,330,11008,0.171326
0.250000,330,11008,0.185016
0.250000,330,11008,0.199670
0.250000,330,11008,0.215648
0.250000,330,11008,0.233508
0.250000,330,11008,0.254189
0.250000,330,11008,0.280878
0.250000,330,11009,0.102874
0.250000,330,11009,0.119986
0.250000,330,11009,0.133354
0.250000,330,11009,0.145853
0.250000,330,11009,0.158412
0.250000,330,11009,0.171326
0.250000,330,11009,0.185016
0.250000,330,11009,0.199670
0.250000,330,11009,0.215648
0.250000,330,11009,0.233508
0.250000,330,11009,0.254189
0.250000,330,11009,0.280878
0.250000,330,11010,0.102874
0.250000,330,11010,0.119986
0.250000,330,11010,0.133354
0.250000,330,11010,0.145853
0.250000,330,11010,0.158412
0.250000,330,11010,0.171326
0.250000,330,11010,0.185016
0.250000,330,11010,0.199670
0.250000,330,11010,0.215648
0.250000,330,11010,0.233508
0.250000,330,11010,0.254189
0.250000,330,11010,0.280878
0.500000,0,1,0.102475
0.500000,0,1,0.114476
0.500000,0,1,0.221691
0.500000,0,1,0.234468
0.500000,0,1,0.248308
0.500000,0,1,0.263376
0.500000,0,1,0.280113
0.500000,0,1,0.299122
0.500000,0,1,0.321917
0.500000,0,2,0.102475
0.500000,0,2,0.114476
0.500000,0,2,0.221691
0.500000,0,2,0.234468
0.500000,0,2,0.248308
0.500000,0,2,0.263376
0.500000,0,2,0.280113
0.500000,0,2,0.299122
0.500000,0,2,0.321917
0.500000,0,3,0.102475
0.500000,0,3,0.114476
0.500000,0,3,0.221691
0.500000,0,3,0.234468
0.500000,0,3,0.248308
0.500000,0,3,0.263376
0.500000,0,3,0.280113
0.500000,0,3,0.299122
0.500000,0,3,0.321917
0.500000,0,4,0.102475
0.500000,0,4,0.114476
0.500000,0,4,0.221691
0.500000,0,4,0.234468
0.500000,0,4,0.248308
0.500000,0,4,0.263376
0.500000,0,4,0.280113
0.500000,0,4,0.299122
0.500000,0,4,0.321917
0.500000,0,5,0.102475
0.500000,0,5,0.114476
0.500000,0,5,0.221691
0.500000,0,5,0.234468
0.500000,0,5,0.248308
0.500000,0,5,0.263376
0.500000,0,5,0.280113
0.500000,0,5,0.299122
0.500000,0,5,0.321917
0.500000,0,6,0.102475
0.500000,0,6,0.114476
0.500000,0,6,0.221691
0.500000,0,6,0.234468
0.500000,0,6,0.248308
0.500000,0,6,0.263376
0.500000,0,6,0.280113
0.500000,0,6,0.299122
0.500000,0,6,0.321917
0.500000,0,7,0.102475
0.500000,0,7,0.114476
0.500000,0,7,0.221691
0.500000,0,7,0.234468
0.500000,0,7,0.248308
0.500000,0,7,0.263376
0.500000,0,7,0.280113
0.500000,0,7,0.299122
0.500000,0,7,0.321917
0.500000,0,8,0.102475
0.500000,0,8,0.114476
0.500000,0,8,0.221691
0.500000,0,8,0.234468
0.500000,0,8,0.248308
0.500000,0,8,0.263376
0.500000,0,8,0.280113
0.500000,0,8,0.299122
0.500000,0,8,0.321917
0.500000,0,9,0.102475
0.500000,0,9,0.114476
0.500000,0,9,0.221691
0.500000,0,9,0.234468
0.500000,0,9,0.248308
0.500000,0,9,0.263376
0.500000,0,9,0.280113
0.500000,0,9,0.299122
0.500000,0,9,0.321917
0.500000,0,10,0.102475
0.500000,0,10,0.114476
0.500000,0,10,0.221691
0.500000,0,10,0.234468
0.500000,0,10,0.248308
0.500000,0,10,0.263376
0.500000,0,10,0.280113
0.500000,0,10,0.299122
0.500000,0,10,0.321917
0.500000,30,1001,0.102709
0.500000,30,1001,0.115114
0.500000,30,1001,0.212086
0.500000,30,1001,0.223731
0.500000,30,1001,0.236587
0.500000,30,1001,0.250534
0.500000,30,1001,0.265790
0.500000,30,1001,0.282719
0.500000,30,1001,0.301999
0.500000,30,1001,0.325390
0.500000,30,1002,0.102709
0.500000,30,1002,0.115114
0.500000,30,1002,0.212086
0.500000,30,1002,0.223731
0.500000,30,1002,0.236587
0.500000,30,1002,0.250534
0.500000,30,1002,0.265790
0.500000,30,1002,0.282719
0.500000,30,1002,0.301999
0.500000,30,1002,0.325390
0.500000,30,1003,0.102709
0.500000,30,1003,0.115114
0.500000,30,1003,0.212086
0.500000,30,1003,0.223731
0.500000,30,1003,0.236587
0.500000,30,1003,0.250534
0.500000,30,1003,0.265790
0.500000,30,1003,0.282719
0.500000,30,1003,0.301999
0.500000,30,1003,0.325390
0.500000,30,1004,0.102709
0.500000,30,1004,0.115114
0.500000,30,1004,0.212086
0.500000,30,1004,0.223731
0.500000,30,1004,0.236587
0.500000,30,1004,0.250534
0.500000,30,1004,0.265790
0.500000,30,1004,0.282719
0.500000,30,1004,0.301999
0.500000,30,1004,0.325390
0.500000,30,1005,0.102709
0.500000,30,1005,0.115114
0.500000,30,1005,0.212086
0.500000,30,1005,0.223731
0.500000,30,1005,0.236587
0.500000,30,1005,0.250534
0.500000,30,1005,0.265790
0.500000,30,1005,0.282719
0.500000,30,1005,0.301999
0.500000,30,1005,0.325390
0.500000,30,1006,0.102709
0.500000,30,1006,0.115114
0.500000,30,1006,0.212086
0.500000,30,1006,0.223731
0.500000,30,1006,0.236587
0.500000,30,1006,0.250534
0.500000,30,1006,0.265790
0.500000,30,1006,0.282719
0.500000,30,1006,0.301999
0.500000,30,1006,0.325390
0.500000,30,1007,0.102709
0.500000,30,1007,0.115114
0.500000,30,1007,0.212086
0.500000,30,1007,0.223731
0.500000,30,1007,0.236587
0.500000,30,1007,0.250534
0.500000,30,1007,0.265790
0.500000,30,1007,0.282719
0.500000,30,1007,0.301999
0.500000,30,1007,0.325390
0.500000,30,1008,0.102709
0.500000,30,1008,0.115114
0.500000,30,1008,0.212086
0.500000,30,1008,0.223731
0.500000,30,1008,0.236587
0.500000,30,1008,0.250534
0.500000,30,1008,0.265790
0.500000,30,1008,0.282719
0.500000,30,1008,0.301999
0.500000,30,1008,0.325390
0.500000,30,1009,0.102709
0.500000,30,1009,0.115114
0.500000,30,1009,0.212086
0.500000,30,1009,0.223731
0.500000,30,1009,0.236587
0.500000,30,1009,0.250534
0.500000,30,1009,0.265790
0.500000,30,1009,0.282719
0.500000,30,1009,0.301999
0.500000,30,1009,0.325390
0.500000,30,1010,0.102709
0.500000,30,1010,0.115114
0.500000,30,1010,0.212086
0.500000,30,1010,0.223731
0.500000,30,1010,0.236587
0.500000,30,1010,0.250534
0.500000,30,1010,0.265790
0.500000,30,1010,0.282719
0.500000,30,1010,0.301999
0.500000,30,1010,0.325390
0.500000,60,2001,0.102774
0.500000,60,2001,0.116017
0.500000,60,2001,0.216403
0.500000,60,2001,0.228702
0.500000,60,2001,0.241993
0.500000,60,2001,0.256433
0.500000,60,2001,0.272274
0.500000,60,2001,0.290015
0.500000,60,2001,0.310564
0.500000,60,2001,0.336993
0.500000,60,2002,0.102774
0.500000,60,2002,0.116017
0.500000,60,2002,0.216403
0.500000,60,2002,0.228702
0.500000,60,2002,0.241993
0.500000,60,2002,0.256433
0.500000,60,2002,0.272274
0.500000,60,2002,0.290015
0.500000,60,2002,0.310564
0.500000,60,2002,0.336993
0.500000,60,2003,0.102774
0.500000,60,2003,0.116017
0.500000,60,2003,0.216403
0.500000,60,2003,0.228702
0.500000,60,2003,0.241993
0.500000,60,2003,0.256433
0.500000,60,2003,0.272274
0.500000,60,2003,0.290015
0.500000,60,2003,0.310564
0.500000,60,2003,0.336993
0.500000,60,2004,0.102774
0.500000,60,2004,0.116017
0.500000,60,2004,0.216403
0.500000,60,2004,0.228702
0.500000,60,2004,0.241993
0.500000,60,2004,0.256433
0.500000,60,2004,0.272274
0.500000,60,2004,0.290015
0.500000,60,2004,0.310564
0.500000,60,2004,0.336993
0.500000,60,2005,0.102774
0.500000,60,2005,0.116017
0.500000,60,2005,0.216403
0.500000,60,2005,0.228702
0.500000,60,2005,0.241993
0.500000,60,2005,0.256433
0.500000,60,2005,0.272274
0.500000,60,2005,0.290015
0.500000,60,2005,0.310564
0.500000,60,2005,0.336993
0.500000,60,2006,0.102774
0.500000,60,2006,0.116017
0.500000,60,2006,0.216403
0.500000,60,2006,0.228702
0.500000,60,2006,0.241993
0.500000,60,2006,0.256433
0.500000,60,2006,0.272274
0.500000,60,2006,0.290015
0.500000,60,2006,0.310564
0.500000,60,2006,0.336993
0.500000,60,2007,0.102774
0.500000,60,2007,0.116017
0.500000,60,2007,0.216403
0.500000,60,2007,0.228702
0.500000,60,2007,0.241993
0.500000,60,2007,0.256433
0.500000,60,2007,0.272274
0.500000,60,2007,0.290015
0.500000,60,2007,0.310564
0.500000,60,2007,0.336993
0.500000,60,2008,0.102774
0.500000,60,2008,0.116017
0.500000,60,2008,0.216403
0.500000,60,2008,0.228702
0.500000,60,2008,0.241993
0.500000,60,2008,0.256433
0.500000,60,2008,0.272274
0.500000,60,2008,0.290015
0.500000,60,2008,0.310564
0.500000,60,2008,0.336993
0.500000,60,2009,0.102774
0.500000,60,2009,0.116017
0.500000,60,2009,0.216403
0.500000,60,2009,0.228702
0.500000,60,2009,0.241993
0.500000,60,2009,0.256433
0.500000,60,2009,0.272274
0.500000,60,2009,0.290015
0.500000,60,2009,0.310564
0.500000,60,2009,0.336993
0.500000,60,2010,0.102774
0.500000,60,2010,0.116017
0.500000,60,2010,0.216403
0.500000,60,2010,0.228702
0.500000,60,2010,0.241993
0.500000,60,2010,0.256433
0.500000,60,2010,0.272274
0.500000,60,2010,0.290015
0.500000,60,2010,0.310564
0.500000,60,2010,0.336993
0.500000,90,3001,0.102765
0.500000,90,3001,0.117713
0.500000,90,3001,0.210258
0.500000,90,3001,0.222267
0.500000,90,3001,0.235153
0.500000,90,3001,0.249092
0.500000,90,3001,0.264313
0.500000,90,3001,0.281177
0.500000,90,3001,0.300379
0.500000,90,3001,0.323583
0.500000,90,3002,0.102765
0.500000,90,3002,0.117713
0.500000,90,3002,0.210258
0.500000,90,3002,0.222267
0.500000,90,3002,0.235153
0.500000,90,3002,0.249092
0.500000,90,3002,0.264313
0.500000,90,3002,0.281177
0.500000,90,3002,0.300379
0.500000,90,3002,0.323583
0.500000,90,3003,0.102765
0.500000,90,3003,0.117713
0.500000,90,3003,0.210258
0.500000,90,3003,0.222267
0.500000,90,3003,0.235153
0.500000,90,3003,0.249092
0.500000,90,3003,0.264313
0.500000,90,3003,0.281177
0.500000,90,3003,0.300379
0.500000,90,3003,0.323583
0.500000,90,3004,0.102765
0.500000,90,3004,0.117713
0.500000,90,3004,0.210258
0.500000,90,3004,0.222267
0.500000,90,3004,0.235153
0.500000,90,3004,0.249092
0.500000,90,3004,0.264313
0.500000,90,3004,0.281177
0.500000,90,3004,0.300379
0.500000,90,3004,0.323583
0.500000,90,3005,0.102765
0.500000,90,3005,0.117713
0.500000,90,3005,0.210258
0.500000,90,3005,0.222267
0.500000,90,3005,0.235153
0.500000,90,3005,0.249092
0.500000,90,3005,0.264313
0.500000,90,3005,0.281177
0.500000,90,3005,0.300379
0.500000,90,3005,0.323583
0.500000,90,3006,0.102765
0.500000,90,3006,0.117713
0.500000,90,3006,0.210258
0.500000,90,3006,0.222267
0.500000,90,3006,0.235153
0.500000,90,3006,0.249092
0.500000,90,3006,0.264313
0.500000,90,3006,0.281177
0.500000,90,3006,0.300379
0.500000,90,3006,0.323583
0.500000,90,3007,0.102765
0.500000,90,3007,0.117713
0.500000,90,3007,0.210258
0.500000,90,3007,0.222267
0.500000,90,3007,0.235153
0.500000,90,3007,0.249092
0.500000,90,3007,0.264313
0.500000,90,3007,0.281177
0.500000,90,3007,0.300379
0.500000,90,3007,0.323583
0.500000,90,3008,0.102765
0.500000,90,3008,0.117713
0.500000,90,3008,0.210258
0.500000,90,3008,0.222267
0.500000,90,3008,0.235153
0.500000,90,3008,0.249092
0.500000,90,3008,0.264313
0.500000,90,3008,0.281177
0.500000,90,3008,0.300379
0.500000,90,3008,0.323583
0.500000,90,3009,0.102765
0.500000,90,3009,0.117713
0.500000,90,3009,0.210258
0.500000,90,3009,0.222267
0.500000,90,3009,0.235153
0.500000,90,3009,0.249092
0.500000,90,3009,0.264313
0.500000,90,3009,0.281177
0.500000,90,3009,0.300379
0.500000,90,3009,0.323583
0.500000,90,3010,0.102765
0.500000,90,3010,0.117713
0.500000,90,3010,0.210258
0.500000,90,3010,0.222267
0.500000,90,3010,0.235153
0.500000,90,3010,0.249092
0.500000,90,3010,0.264313
0.500000,90,3010,0.281177
0.500000,90,3010,0.300379
0.500000,90,3010,0.323583
0.500000,120,4001,0.103104
0.500000,120,4001,0.119800
0.500000,120,4001,0.203458
0.500000,120,4001,0.215100
0.500000,120,4001,0.227639
0.500000,120,4001,0.241085
0.500000,120,4001,0.255745
0.500000,120,4001,0.271847
0.500000,120,4001,0.289954
0.500000,120,4001,0.311153
0.500000,120,4001,0.339634
0.500000,120,4002,0.103104
0.500000,120,4002,0.119800
0.500000,120,4002,0.203458
0.500000,120,4002,0.215100
0.500000,120,4002,0.227639
0.500000,120,4002,0.241085
0.500000,120,4002,0.255745
0.500000,120,4002,0.271847
0.500000,120,4002,0.289954
0.500000,120,4002,0.311153
0.500000,120,4002,0.339634
0.500000,120,4003,0.103104
0.500000,120,4003,0.119800
0.500000,120,4003,0.203458
0.500000,120,4003,0.215100
0.500000,120,4003,0.227639
0.500000,120,4003,0.241085
0.500000,120,4003,0.255745
0.500000,120,4003,0.271847
0.500000,120,4003,0.289954
0.500000,120,4003,0.311153
0.500000,120,4003,0.339634
0.500000,120,4004,0.103104
0.500000,120,4004,0.119800
0.500000,120,4004,0.203458
0.500000,120,4004,0.215100
0.500000,120,4004,0.227639
0.500000,120,4004,0.241085
0.500000,120,4004,0.255745
0.500000,120,4004,0.271847
0.500000,120,4004,0.289954
0.500000,120,4004,0.311153
0.500000,120,4004,0.339634
0.500000,120,4005,0.103104
0.500000,120,4005,0.119800
0.500000,120,4005,0.203458
0.500000,120,4005,0.215100
0.500000,120,4005,0.227639
0.500000,120,4005,0.241085
0.500000,120,4005,0.255745
0.500000,120,4005,0.271847
0.500000,120,4005,0.289954
0.500000,120,4005,0.311153
0.500000,120,4005,0.339634
0.500000,120,4006,0.103104
0.500000,120,4006,0.119800
0.500000,120,4006,0.203458
0.500000,120,4006,0.215100
0.500000,120,4006,0.227639
0.500000,120,4006,0.241085
0.500000,120,4006,0.255745
0.500000,120,4006,0.271847
0.500000,120,4006,0.289954
0.500000,120,4006,0.311153
0.500000,120,4006,0.339634
0.500000,120,4007,0.103104
0.500000,120,4007,0.119800
0.500000,120,4007,0.203458
0.500000,120,4007,0.215100
0.500000,120,4007,0.227639
0.500000,120,4007,0.241085
0.500000,120,4007,0.255745
0.500000,120,4007,0.271847
0.500000,120,4007,0.289954
0.500000,120,4007,0.311153
0.500000,120,4007,0.339634
0.500000,120,4008,0.103104
0.500000,120,4008,0.119800
0.500000,120,4008,0.203458
0.500000,120,4008,0.215100
0.500000,120,4008,0.227639
0.500000,120,4008,0.241085
0.500000,120,4008,0.255745
0.500000,120,4008,0.271847
0.500000,120,4008,0.289954
0.500000,120,4008,0.311153
0.500000,120,4008,0.339634
0.500000,120,4009,0.103104
0.500000,120,4009,0.119800
0.500000,120,4009,0.203458
0.500000,120,4009,0.215100
0.500000,120,4009,0.227639
0.500000,120,4009,0.241085
0.500000,120,4009,0.255745
0.500000,120,4009,0.271847
0.500000,120,4009,0.289954
0.500000,120,4009,0.311153
0.500000,120,4009,0.339634
0.500000,120,4010,0.103104
0.500000,120,4010,0.119800
0.500000,120,4010,0.203458
0.500000,120,4010,0.215100
0.500000,120,4010,0.227639
0.500000,120,4010,0.241085
0.500000,120,4010,0.255745
0.500000,120,4010,0.271847
0.500000,120,4010,0.289954
0.500000,120,4010,0.311153
0.500000,120,4010,0.339634
0.500000,150,5001,0.104286
0.500000,150,5001,0.122255
0.500000,150,5001,0.206339
0.500000,150,5001,0.218397
0.500000,150,5001,0.231327
0.500000,150,5001,0.245293
0.500000,150,5001,0.260527
0.500000,150,5001,0.277420
0.500000,150,5001,0.296671
0.500000,150,5001,0.319998
0.500000,150,5002,0.104286
0.500000,150,5002,0.122255
0.500000,150,5002,0.206339
0.500000,150,5002,0.218397
0.500000,150,5002,0.231327
0.500000,150,5002,0.245293
0.500000,150,5002,0.260527
0.500000,150,5002,0.277420
0.500000,150,5002,0.296671
0.500000,150,5002,0.319998
0.500000,150,5003,0.104286
0.500000,150,5003,0.122255
0.500000,150,5003,0.206339
0.500000,150,5003,0.218397
0.500000,150,5003,0.231327
0.500000,150,5003,0.245293
0.500000,150,5003,0.260527
0.500000,150,5003,0.277420
0.500000,150,5003,0.296671
0.500000,150,5003,0.319998
0.500000,150,5004,0.104286
0.500000,150,5004,0.122255
0.500000,150,5004,0.206339
0.500000,150,5004,0.218397
0.500000,150,5004,0.231327
0.500000,150,5004,0.245293
0.500000,150,5004,0.260527
0.500000,150,5004,0.277420
0.500000,150,5004,0.296671
0.500000,150,5004,0.319998
0.500000,150,5005,0.104286
0.500000,150,5005,0.122255
0.500000,150,5005,0.206339
0.500000,150,5005,0.218397
0.500000,150,5005,0.231327
0.500000,150,5005,0.245293
0.500000,150,5005,0.260527
0.500000,150,5005,0.277420
0.500000,150,5005,0.296671
0.500000,150,5005,0.319998
0.500000,150,5006,0.104286
0.500000,150,5006,0.122255
0.500000,150,5006,0.206339
0.500000,150,5006,0.218397
0.500000,150,5006,0.231327
0.500000,150,5006,0.245293
0.500000,150,5006,0.260527
0.500000,150,5006,0.277420
0.500000,150,5006,0.296671
0.500000,150,5006,0.319998
0.500000,150,5007,0.104286
0.500000,150,5007,0.122255
0.500000,150,5007,0.206339
0.500000,150,5007,0.218397
0.500000,150,5007,0.231327
0.500000,150,5007,0.245293
0.500000,150,5007,0.260527
0.500000,150,5007,0.277420
0.500000,150,5007,0.296671
0.500000,150,5007,0.319998
0.500000,150,5008,0.104286
0.500000,150,5008,0.122255
0.500000,150,5008,0.206339
0.500000,150,5008,0.218397
0.500000,150,5008,0.231327
0.500000,150,5008,0.245293
0.500000,150,5008,0.260527
0.500000,150,5008,0.277420
0.500000,150,5008,0.296671
0.500000,150,5008,0.319998
0.500000,150,5009,0.104286
0.500000,150,5009,0.122255
0.500000,150,5009,0.206339
0.500000,150,5009,0.218397
0.500000,150,5009,0.231327
0.500000,150,5009,0.245293
0.500000,150,5009,0.260527
0.500000,150,5009,0.277420
0.500000,150,5009,0.296671
0.500000,150,5009,0.319998
0.500000,150,5010,0.104286
0.500000,150,5010,0.122255
0.500000,150,5010,0.206339
0.500000,150,5010,0.218397
0.500000,150,5010,0.231327
0.500000,150,5010,0.245293
0.500000,150,5010,0.260527
0.500000,150,5010,0.277420
0.500000,150,5010,0.296671
0.500000,150,5010,0.319998
0.500000,180,6001,0.118467
0.500000,180,6001,0.203587
0.500000,180,6001,0.215505
0.500000,180,6001,0.228328
0.500000,180,6001,0.242114
0.500000,180,6001,0.257152
0.500000,180,6001,0.273772
0.500000,180,6001,0.292651
0.500000,180,6001,0.315184
0.500000,180,6002,0.118467
0.500000,180,6002,0.203587
0.500000,180,6002,0.215505
0.500000,180,6002,0.228328
0.500000,180,6002,0.242114
0.500000,180,6002,0.257152
0.500000,180,6002,0.273772
0.500000,180,6002,0.292651
0.500000,180,6002,0.315184
0.500000,180,6003,0.118467
0.500000,180,6003,0.203587
0.500000,180,6003,0.215505
0.500000,180,6003,0.228328
0.500000,180,6003,0.242114
0.500000,180,6003,0.257152
0.500000,180,6003,0.273772
0.500000,180,6003,0.292651
0.500000,180,6003,0.315184
0.500000,180,6004,0.118467
0.500000,180,6004,0.203587
0.500000,180,6004,0.215505
0.500000,180,6004,0.228328
0.500000,180,6004,0.242114
0.500000,180,6004,0.257152
0.500000,180,6004,0.273772
0.500000,180,6004,0.292651
0.500000,180,6004,0.315184
0.500000,180,6005,0.118467
0.500000,180,6005,0.203587
0.500000,180,6005,0.215505
0.500000,180,6005,0.228328
0.500000,180,6005,0.242114
0.500000,180,6005,0.257152
0.500000,180,6005,0.273772
0.500000,180,6005,0.292651
0.500000,180,6005,0.315184
0.500000,180,6006,0.118467
0.500000,180,6006,0.203587
0.500000,180,6006,0.215505
0.500000,180,6006,0.228328
0.500000,180,6006,0.242114
0.500000,180,6006,0.257152
0.500000,180,6006,0.273772
0.500000,180,6006,0.292651
0.500000,180,6006,0.315184
0.500000,180,6007,0.118467
0.500000,180,6007,0.203587
0.500000,180,6007,0.215505
0.500000,180,6007,0.228328
0.500000,180,6007,0.242114
0.500000,180,6007,0.257152
0.500000,180,6007,0.273772
0.500000,180,6007,0.292651
0.500000,180,6007,0.315184
0.500000,180,6008,0.118467
0.500000,180,6008,0.203587
0.500000,180,6008,0.215505
0.500000,180,6008,0.228328
0.500000,180,6008,0.242114
0.500000,180,6008,0.257152
0.500000,180,6008,0.273772
0.500000,180,6008,0.292651
0.500000,180,6008,0.315184
0.500000,180,6009,0.118467
0.500000,180,6009,0.203587
0.500000,180,6009,0.215505
0.500000,180,6009,0.228328
0.500000,180,6009,0.242114
0.500000,180,6009,0.257152
0.500000,180,6009,0.273772
0.500000,180,6009,0.292651
0.500000,180,6009,0.315184
0.500000,180,6010,0.118467
0.500000,180,6010,0.203587
0.500000,180,6010,0.215505
0.500000,180,6010,0.228328
0.500000,180,6010,0.242114
0.500000,180,6010,0.257152
0.500000,180,6010,0.273772
0.500000,180,6010,0.292651
0.500000,180,6010,0.315184
0.500000,210,7001,0.104421
0.500000,210,7001,0.121725
0.500000,210,7001,0.205908
0.500000,210,7001,0.217964
0.500000,210,7001,0.230863
0.500000,210,7001,0.244838
0.500000,210,7001,0.260052
0.500000,210,7001,0.276935
0.500000,210,7001,0.296180
0.500000,210,7001,0.319400
0.500000,210,7002,0.104421
0.500000,210,7002,0.121725
0.500000,210,7002,0.205908
0.500000,210,7002,0.217964
0.500000,210,7002,0.230863
0.500000,210,7002,0.244838
0.500000,210,7002,0.260052
0.500000,210,7002,0.276935
0.500000,210,7002,0.296180
0.500000,210,7002,0.319400
0.500000,210,7003,0.104421
0.500000,210,7003,0.121725
0.500000,210,7003,0.205908
0.500000,210,7003,0.217964
0.500000,210,7003,0.230863
0.500000,210,7003,0.244838
0.500000,210,7003,0.260052
0.500000,210,7003,0.276935
0.500000,210,7003,0.296180
0.500000,210,7003,0.319400
0.500000,210,7004,0.104421
0.500000,210,7004,0.121725
0.500000,210,7004,0.205908
0.500000,210,7004,0.217964
0.500000,210,7004,0.230863
0.500000,210,7004,0.244838
0.500000,210,7004,0.260052
0.500000,210,7004,0.276935
0.500000,210,7004,0.296180
0.500000,210,7004,0.319400
0.500000,210,7005,0.104421
0.500000,210,7005,0.121725
0.500000,210,7005,0.205908
0.500000,210,7005,0.217964
0.500000,210,7005,0.230863
0.500000,210,7005,0.244838
0.500000,210,7005,0.260052
0.500000,210,7005,0.276935
0.500000,210,7005,0.296180
0.500000,210,7005,0.319400
0.500000,210,7006,0.104421
0.500000,210,7006,0.121725
0.500000,210,7006,0.205908
0.500000,210,7006,0.217964
0.500000,210,7006,0.230863
0.500000,210,7006,0.244838
0.500000,210,7006,0.260052
0.500000,210,7006,0.276935
0.500000,210,7006,0.296180
0.500000,210,7006,0.319400
0.500000,210,7007,0.104421
0.500000,210,7007,0.121725
0.500000,210,7007,0.205908
0.500000,210,7007,0.217964
0.500000,210,7007,0.230863
0.500000,210,7007,0.244838
0.500000,210,7007,0.260052
0.500000,210,7007,0.276935
0.500000,210,7007,0.296180
0.500000,210,7007,0.319400
0.500000,210,7008,0.104421
0.500000,210,7008,0.121725
0.500000,210,7008,0.205908
0.500000,210,7008,0.217964
0.500000,210,7008,0.230863
0.500000,210,7008,0.244838
0.500000,210,7008,0.260052
0.500000,210,7008,0.276935
0.500000,210,7008,0.296180
0.500000,210,7008,0.319400
0.500000,210,7009,0.104421
0.500000,210,7009,0.121725
0.500000,210,7009,0.205908
0.500000,210,7009,0.217964
0.500000,210,7009,0.230863
0.500000,210,7009,0.244838
0.500000,210,7009,0.260052
0.500000,210,7009,0.276935
0.500000,210,7009,0.296180
0.500000,210,7009,0.319400
0.500000,210,7010,0.104421
0.500000,210,7010,0.121725
0.500000,210,7010,0.205908
0.500000,210,7010,0.217964
0.500000,210,7010,0.230863
0.500000,210,7010,0.244838
0.500000,210,7010,0.260052
0.500000,210,7010,0.276935
0.500000,210,7010,0.296180
0.500000,210,7010,0.319400
0.500000,240,8001,0.103133
0.500000,240,8001,0.119998
0.500000,240,8001,0.202865
0.500000,240,8001,0.214551
0.500000,240,8001,0.227079
0.500000,240,8001,0.240574
0.500000,240,8001,0.255235
0.500000,240,8001,0.271397
0.500000,240,8001,0.289567
0.500000,240,8001,0.310840
0.500000,240,8001,0.339824
0.500000,240,8002,0.103133
0.500000,240,8002,0.119998
0.500000,240,8002,0.202865
0.500000,240,8002,0.214551
0.500000,240,8002,0.227079
0.500000,240,8002,0.240574
0.500000,240,8002,0.255235
0.500000,240,8002,0.271397
0.500000,240,8002,0.289567
0.500000,240,8002,0.310840
0.500000,240,8002,0.339824
0.500000,240,8003,0.103133
0.500000,240,8003,0.119998
0.500000,240,8003,0.202865
0.500000,240,8003,0.214551
0.500000,240,8003,0.227079
0.500000,240,8003,0.240574
0.500000,240,8003,0.255235
0.500000,240,8003,0.271397
0.500000,240,8003,0.289567
0.500000,240,8003,0.310840
0.500000,240,8003,0.339824
0.500000,240,8004,0.103133
0.500000,240,8004,0.119998
0.500000,240,8004,0.202865
0.500000,240,8004,0.214551
0.500000,240,8004,0.227079
0.500000,240,8004,0.240574
0.500000,240,8004,0.255235
0.500000,240,8004,0.271397
0.500000,240,8004,0.289567
0.500000,240,8004,0.310840
0.500000,240,8004,0.339824
0.500000,240,8005,0.103133
0.500000,240,8005,0.119998
0.500000,240,8005,0.202865
0.500000,240,8005,0.214551
0.500000,240,8005,0.227079
0.500000,240,8005,0.240574
0.500000,240,8005,0.255235
0.500000,240,8005,0.271397
0.500000,240,8005,0.289567
0.500000,240,8005,0.310840
0.500000,240,8005,0.339824
0.500000,240,8006,0.103133
0.500000,240,8006,0.119998
0.500000,240,8006,0.202865
0.500000,240,8006,0.214551
0.500000,240,8006,0.227079
0.500000,240,8006,0.240574
0.500000,240,8006,0.255235
0.500000,240,8006,0.271397
0.500000,240,8006,0.289567
0.500000,240,8006,0.310840
0.500000,240,8006,0.339824
0.500000,240,8007,0.103133
0.500000,240,8007,0.119998
0.500000,240,8007,0.202865
0.500000,240,8007,0.214551
0.500000,240,8007,0.227079
0.500000,240,8007,0.240574
0.500000,240,8007,0.255235
0.500000,240,8007,0.271397
0.500000,240,8007,0.289567
0.500000,240,8007,0.310840
0.500000,240,8007,0.339824
0.500000,240,8008,0.103133
0.500000,240,8008,0.119998
0.500000,240,8008,0.202865
0.500000,240,8008,0.214551
0.500000,240,8008,0.227079
0.500000,240,8008,0.240574
0.500000,240,8008,0.255235
0.500000,240,8008,0.271397
0.500000,240,8008,0.289567
0.500000,240,8008,0.310840
0.500000,240,8008,0.339824
0.500000,240,8009,0.103133
0.500000,240,8009,0.119998
0.500000,240,8009,0.202865
0.500000,240,8009,0.214551
0.500000,240,8009,0.227079
0.500000,240,8009,0.240574
0.500000,240,8009,0.255235
0.500000,240,8009,0.271397
0.500000,240,8009,0.289567
0.500000,240,8009,0.310840
0.500000,240,8009,0.339824
0.500000,240,8010,0.103133
0.500000,240,8010,0.119998
0.500000,240,8010,0.202865
0.500000,240,8010,0.214551
0.500000,240,8010,0.227079
0.500000,240,8010,0.240574
0.500000,240,8010,0.255235
0.500000,240,8010,0.271397
0.500000,240,8010,0.289567
0.500000,240,8010,0.310840
0.500000,240,8010,0.339824
0.500000,270,9001,0.102793
0.500000,270,9001,0.209301
0.500000,270,9001,0.221357
0.500000,270,9001,0.234327
0.500000,270,9001,0.248299
0.500000,270,9001,0.263599
0.500000,270,9001,0.280589
0.500000,270,9001,0.299969
0.500000,270,9001,0.323556
0.500000,270,9002,0.102793
0.500000,270,9002,0.209301
0.500000,270,9002,0.221357
0.500000,270,9002,0.234327
0.500000,270,9002,0.248299
0.500000,270,9002,0.263599
0.500000,270,9002,0.280589
0.500000,270,9002,0.299969
0.500000,270,9002,0.323556
0.500000,270,9003,0.102793
0.500000,270,9003,0.209301
0.500000,270,9003,0.221357
0.500000,270,9003,0.234327
0.500000,270,9003,0.248299
0.500000,270,9003,0.263599
0.500000,270,9003,0.280589
0.500000,270,9003,0.299969
0.500000,270,9003,0.323556
0.500000,270,9004,0.102793
0.500000,270,9004,0.209301
0.500000,270,9004,0.221357
0.500000,270,9004,0.234327
0.500000,270,9004,0.248299
0.500000,270,9004,0.263599
0.500000,270,9004,0.280589
0.500000,270,9004,0.299969
0.500000,270,9004,0.323556
0.500000,270,9005,0.102793
0.500000,270,9005,0.209301
0.500000,270,9005,0.221357
0.500000,270,9005,0.234327
0.500000,270,9005,0.248299
0.500000,270,9005,0.263599
0.500000,270,9005,0.280589
0.500000,270,9005,0.299969
0.500000,270,9005,0.323556
0.500000,270,9006,0.102793
0.500000,270,9006,0.209301
0.500000,270,9006,0.221357
0.500000,270,9006,0.234327
0.500000,270,9006,0.248299
0.500000,270,9006,0.263599
0.500000,270,9006,0.280589
0.500000,270,9006,0.299969
0.500000,270,9006,0.323556
0.500000,270,9007,0.102793
0.500000,270,9007,0.209301
0.500000,270,9007,0.221357
0.500000,270,9007,0.234327
0.500000,270,9007,0.248299
0.500000,270,9007,0.263599
0.500000,270,9007,0.280589
0.500000,270,9007,0.299969
0.500000,270,9007,0.323556
0.500000,270,9008,0.102793
0.500000,270,9008,0.209301
0.500000,270,9008,0.221357
0.500000,270,9008,0.234327
0.500000,270,9008,0.248299
0.500000,270,9008,0.263599
0.500000,270,9008,0.280589
0.500000,270,9008,0.299969
0.500000,270,9008,0.323556
0.500000,270,9009,0.102793
0.500000,270,9009,0.209301
0.500000,270,9009,0.221357
0.500000,270,9009,0.234327
0.500000,270,9009,0.248299
0.500000,270,9009,0.263599
0.500000,270,9009,0.280589
0.500000,270,9009,0.299969
0.500000,270,9009,0.323556
0.500000,270,9010,0.102793
0.500000,270,9010,0.209301
0.500000,270,9010,0.221357
0.500000,270,9010,0.234327
0.500000,270,9010,0.248299
0.500000,270,9010,0.263599
0.500000,270,9010,0.280589
0.500000,270,9010,0.299969
0.500000,270,9010,0.323556
0.500000,300,10001,0.102825
0.500000,300,10001,0.215885
0.500000,300,10001,0.228338
0.500000,300,10001,0.241754
0.500000,300,10001,0.256333
0.500000,300,10001,0.272351
0.500000,300,10001,0.290359
0.500000,300,10001,0.311368
0.500000,300,10001,0.339208
0.500000,300,10002,0.102825
0.500000,300,10002,0.215885
0.500000,300,10002,0.228338
0.500000,300,10002,0.241754
0.500000,300,10002,0.256333
0.500000,300,10002,0.272351
0.500000,300,10002,0.290359
0.500000,300,10002,0.311368
0.500000,300,10002,0.339208
0.500000,300,10003,0.102825
0.500000,300,10003,0.215885
0.500000,300,10003,0.228338
0.500000,300,10003,0.241754
0.500000,300,10003,0.256333
0.500000,300,10003,0.272351
0.500000,300,10003,0.290359
0.500000,300,10003,0.311368
0.500000,300,10003,0.339208
0.500000,300,10004,0.102825
0.500000,300,10004,0.215885
0.500000,300,10004,0.228338
0.500000,300,10004,0.241754
0.500000,300,10004,0.256333
0.500000,300,10004,0.272351
0.500000,300,10004,0.290359
0.500000,300,10004,0.311368
0.500000,300,10004,0.339208
0.500000,300,10005,0.102825
0.500000,300,10005,0.215885
0.500000,300,10005,0.228338
0.500000,300,10005,0.241754
0.500000,300,10005,0.256333
0.500000,300,10005,0.272351
0.500000,300,10005,0.290359
0.500000,300,10005,0.311368
0.500000,300,10005,0.339208
0.500000,300,10006,0.102825
0.500000,300,10006,0.215885
0.500000,300,10006,0.228338
0.500000,300,10006,0.241754
0.500000,300,10006,0.256333
0.500000,300,10006,0.272351
0.500000,300,10006,0.290359
0.500000,300,10006,0.311368
0.500000,300,10006,0.339208
0.500000,300,10007,0.102825
0.500000,300,10007,0.215885
0.500000,300,10007,0.228338
0.500000,300,10007,0.241754
0.500000,300,10007,0.256333
0.500000,300,10007,0.272351
0.500000,300,10007,0.290359
0.500000,300,10007,0.311368
0.500000,300,10007,0.339208
0.500000,300,10008,0.102825
0.500000,300,10008,0.215885
0.500000,300,10008,0.228338
0.500000,300,10008,0.241754
0.500000,300,10008,0.256333
0.500000,300,10008,0.272351
0.500000,300,10008,0.290359
0.500000,300,10008,0.311368
0.500000,300,10008,0.339208
0.500000,300,10009,0.102825
0.500000,300,10009,0.215885
0.500000,300,10009,0.228338
0.500000,300,10009,0.241754
0.500000,300,10009,0.256333
0.500000,300,10009,0.272351
0.500000,300,10009,0.290359
0.500000,300,10009,0.311368
0.500000,300,10009,0.339208
0.500000,300,10010,0.102825
0.500000,300,10010,0.215885
0.500000,300,10010,0.228338
0.500000,300,10010,0.241754
0.500000,300,10010,0.256333
0.500000,300,10010,0.272351
0.500000,300,10010,0.290359
0.500000,300,10010,0.311368
0.500000,300,10010,0.339208
0.500000,330,11001,0.102654
0.500000,330,11001,0.211688
0.500000,330,11001,0.223481
0.500000,330,11001,0.236483
0.500000,330,11001,0.250522
0.500000,330,11001,0.265875
0.500000,330,11001,0.282957
0.500000,330,11001,0.302465
0.500000,330,11001,0.326368
0.500000,330,11002,0.102654
0.500000,330,11002,0.211688
0.500000,330,11002,0.223481
0.500000,330,11002,0.236483
0.500000,330,11002,0.250522
0.500000,330,11002,0.265875
0.500000,330,11002,0.282957
0.500000,330,11002,0.302465
0.500000,330,11002,0.326368
0.500000,330,11003,0.102654
0.500000,330,11003,0.211688
0.500000,330,11003,0.223481
0.500000,330,11003,0.236483
0.500000,330,11003,0.250522
0.500000,330,11003,0.265875
0.500000,330,11003,0.282957
0.500000,330,11003,0.302465
0.500000,330,11003,0.326368
0.500000,330,11004,0.102654
0.500000,330,11004,0.211688
0.500000,330,11004,0.223481
0.500000,330,11004,0.236483
0.500000,330,11004,0.250522
0.500000,330,11004,0.265875
0.500000,330,11004,0.282957
0.500000,330,11004,0.302465
0.500000,330,11004,0.326368
0.500000,330,11005,0.102654
0.500000,330,11005,0.211688
0.500000,330,11005,0.223481
0.500000,330,11005,0.236483
0.500000,330,11005,0.250522
0.500000,330,11005,0.265875
0.500000,330,11005,0.282957
0.500000,330,11005,0.302465
0.500000,330,11005,0.326368
0.500000,330,11006,0.102654
0.500000,330,11006,0.211688
0.500000,330,11006,0.223481
0.500000,330,11006,0.236483
0.500000,330,11006,0.250522
0.500000,330,11006,0.265875
0.500000,330,11006,0.282957
0.500000,330,11006,0.302465
0.500000,330,11006,0.326368
0.500000,330,11007,0.102654
0.500000,330,11007,0.211688
0.500000,330,11007,0.223481
0.500000,330,11007,0.236483
0.500000,330,11007,0.250522
0.500000,330,11007,0.265875
0.500000,330,11007,0.282957
0.500000,330,11007,0.302465
0.500000,330,11007,0.326368
0.500000,330,11008,0.102654
0.500000,330,11008,0.211688
0.500000,330,11008,0.223481
0.500000,330,11008,0.236483
0.500000,330,11008,0.250522
0.500000,330,11008,0.265875
0.500000,330,11008,0.282957
0.500000,330,11008,0.302465
0.500000,330,11008,0.326368
0.500000,330,11009,0.102654
0.500000,330,11009,0.211688
0.500000,330,11009,0.223481
0.500000,330,11009,0.236483
0.500000,330,11009,0.250522
0.500000,330,11009,0.265875
0.500000,330,11009,0.282957
0.500000,330,11009,0.302465
0.500000,330,11009,0.326368
0.500000,330,11010,0.102654
0.500000,330,11010,0.211688
0.500000,330,11010,0.223481
0.500000,330,11010,0.236483
0.500000,330,11010,0.250522
0.500000,330,11010,0.265875
0.500000,330,11010,0.282957
0.500000,330,11010,0.302465
0.500000,330,11010,0.326368
1.000000,0,1,0.102229
1.000000,0,1,0.298948
1.000000,0,1,0.313447
1.000000,0,1,0.329519
1.000000,0,1,0.347633
1.000000,0,1,0.368803
1.000000,0,1,0.397227
1.000000,0,2,0.102229
1.000000,0,2,0.298948
1.000000,0,2,0.313447
1.000000,0,2,0.329519
1.000000,0,2,0.347633
1.000000,0,2,0.368803
1.000000,0,2,0.397227
1.000000,0,3,0.102229
1.000000,0,3,0.298948
1.000000,0,3,0.313447
1.000000,0,3,0.329519
1.000000,0,3,0.347633
1.000000,0,3,0.368803
1.000000,0,3,0.397227
1.000000,0,4,0.102229
1.000000,0,4,0.298948
1.000000,0,4,0.313447
1.000000,0,4,0.329519
1.000000,0,4,0.347633
1.000000,0,4,0.368803
1.000000,0,4,0.397227
1.000000,0,5,0.102229
1.000000,0,5,0.298948
1.000000,0,5,0.313447
1.000000,0,5,0.329519
1.000000,0,5,0.347633
1.000000,0,5,0.368803
1.000000,0,5,0.397227
1.000000,0,6,0.102229
1.000000,0,6,0.298948
1.000000,0,6,0.313447
1.000000,0,6,0.329519
1.000000,0,6,0.347633
1.000000,0,6,0.368803
1.000000,0,6,0.397227
1.000000,0,7,0.102229
1.000000,0,7,0.298948
1.000000,0,7,0.313447
1.000000,0,7,0.329519
1.000000,0,7,0.347633
1.000000,0,7,0.368803
1.000000,0,7,0.397227
1.000000,0,8,0.102229
1.000000,0,8,0.298948
1.000000,0,8,0.313447
1.000000,0,8,0.329519
1.000000,0,8,0.347633
1.000000,0,8,0.368803
1.000000,0,8,0.397227
1.000000,0,9,0.102229
1.000000,0,9,0.298948
1.000000,0,9,0.313447
1.000000,0,9,0.329519
1.000000,0,9,0.347633
1.000000,0,9,0.368803
1.000000,0,9,0.397227
1.000000,0,10,0.102229
1.000000,0,10,0.298948
1.000000,0,10,0.313447
1.000000,0,10,0.329519
1.000000,0,10,0.347633
1.000000,0,10,0.368803
1.000000,0,10,0.397227
1.000000,30,1001,0.102410
1.000000,30,1001,0.304813
1.000000,30,1001,0.319849
1.000000,30,1001,0.336568
1.000000,30,1001,0.355528
1.000000,30,1001,0.378286
1.000000,30,1002,0.102410
1.000000,30,1002,0.304813
1.000000,30,1002,0.319849
1.000000,30,1002,0.336568
1.000000,30,1002,0.355528
1.000000,30,1002,0.378286
1.000000,30,1003,0.102410
1.000000,30,1003,0.304813
1.000000,30,1003,0.319849
1.000000,30,1003,0.336568
1.000000,30,1003,0.355528
1.000000,30,1003,0.378286
1.000000,30,1004,0.102410
1.000000,30,1004,0.304813
1.000000,30,1004,0.319849
1.000000,30,1004,0.336568
1.000000,30,1004,0.355528
1.000000,30,1004,0.378286
1.000000,30,1005,0.102410
1.000000,30,1005,0.304813
1.000000,30,1005,0.319849
1.000000,30,1005,0.336568
1.000000,30,1005,0.355528
1.000000,30,1005,0.378286
1.000000,30,1006,0.102410
1.000000,30,1006,0.304813
1.000000,30,1006,0.319849
1.000000,30,1006,0.336568
1.000000,30,1006,0.355528
1.000000,30,1006,0.378286
1.000000,30,1007,0.102410
1.000000,30,1007,0.304813
1.000000,30,1007,0.319849
1.000000,30,1007,0.336568
1.000000,30,1007,0.355528
1.000000,30,1007,0.378286
1.000000,30,1008,0.102410
1.000000,30,1008,0.304813
1.000000,30,1008,0.319849
1.000000,30,1008,0.336568
1.000000,30,1008,0.355528
1.000000,30,1008,0.378286
1.000000,30,1009,0.102410
1.000000,30,1009,0.304813
1.000000,30,1009,0.319849
1.000000,30,1009,0.336568
1.000000,30,1009,0.355528
1.000000,30,1009,0.378286
1.000000,30,1010,0.102410
1.000000,30,1010,0.304813
1.000000,30,1010,0.319849
1.000000,30,1010,0.336568
1.000000,30,1010,0.355528
1.000000,30,1010,0.378286
1.000000,60,2001,0.102443
1.000000,60,2001,0.301678
1.000000,60,2001,0.316409
1.000000,60,2001,0.332754
1.000000,60,2001,0.351142
1.000000,60,2001,0.372933
1.000000,60,2001,0.404496
1.000000,60,2002,0.102443
1.000000,60,2002,0.301678
1.000000,60,2002,0.316409
1.000000,60,2002,0.332754
1.000000,60,2002,0.351142
1.000000,60,2002,0.372933
1.000000,60,2002,0.404496
1.000000,60,2003,0.102443
1.000000,60,2003,0.301678
1.000000,60,2003,0.316409
1.000000,60,2003,0.332754
1.000000,60,2003,0.351142
1.000000,60,2003,0.372933
1.000000,60,2003,0.404496
1.000000,60,2004,0.102443
1.000000,60,2004,0.301678
1.000000,60,2004,0.316409
1.000000,60,2004,0.332754
1.000000,60,2004,0.351142
1.000000,60,2004,0.372933
1.000000,60,2004,0.404496
1.000000,60,2005,0.102443
1.000000,60,2005,0.301678
1.000000,60,2005,0.316409
1.000000,60,2005,0.332754
1.000000,60,2005,0.351142
1.000000,60,2005,0.372933
1.000000,60,2005,0.404496
1.000000,60,2006,0.102443
1.000000,60,2006,0.301678
1.000000,60,2006,0.316409
1.000000,60,2006,0.332754
1.000000,60,2006,0.351142
1.000000,60,2006,0.372933
1.000000,60,2006,0.404496
1.000000,60,2007,0.102443
1.000000,60,2007,0.301678
1.000000,60,2007,0.316409
1.000000,60,2007,0.332754
1.000000,60,2007,0.351142
1.000000,60,2007,0.372933
1.000000,60,2007,0.404496
1.000000,60,2008,0.102443
1.000000,60,2008,0.301678
1.000000,60,2008,0.316409
1.000000,60,2008,0.332754
1.000000,60,2008,0.351142
1.000000,60,2008,0.372933
1.000000,60,2008,0.404496
1.000000,60,2009,0.102443
1.000000,60,2009,0.301678
1.000000,60,2009,0.316409
1.000000,60,2009,0.332754
1.000000,60,2009,0.351142
1.000000,60,2009,0.372933
1.000000,60,2009,0.404496
1.000000,60,2010,0.102443
1.000000,60,2010,0.301678
1.000000,60,2010,0.316409
1.000000,60,2010,0.332754
1.000000,60,2010,0.351142
1.000000,60,2010,0.372933
1.000000,60,2010,0.404496
1.000000,90,3001,0.102361
1.000000,90,3001,0.299206
1.000000,90,3001,0.313790
1.000000,90,3001,0.329926
1.000000,90,3001,0.348125
1.000000,90,3001,0.369469
1.000000,90,3001,0.398604
1.000000,90,3002,0.102361
1.000000,90,3002,0.299206
1.000000,90,3002,0.313790
1.000000,90,3002,0.329926
1.000000,90,3002,0.348125
1.000000,90,3002,0.369469
1.000000,90,3002,0.398604
1.000000,90,3003,0.102361
1.000000,90,3003,0.299206
1.000000,90,3003,0.313790
1.000000,90,3003,0.329926
1.000000,90,3003,0.348125
1.000000,90,3003,0.369469
1.000000,90,3003,0.398604
1.000000,90,3004,0.102361
1.000000,90,3004,0.299206
1.000000,90,3004,0.313790
1.000000,90,3004,0.329926
1.000000,90,3004,0.348125
1.000000,90,3004,0.369469
1.000000,90,3004,0.398604
1.000000,90,3005,0.102361
1.000000,90,3005,0.299206
1.000000,90,3005,0.313790
1.000000,90,3005,0.329926
1.000000,90,3005,0.348125
1.000000,90,3005,0.369469
1.000000,90,3005,0.398604
1.000000,90,3006,0.102361
1.000000,90,3006,0.299206
1.000000,90,3006,0.313790
1.000000,90,3006,0.329926
1.000000,90,3006,0.348125
1.000000,90,3006,0.369469
1.000000,90,3006,0.398604
1.000000,90,3007,0.102361
1.000000,90,3007,0.299206
1.000000,90,3007,0.313790
1.000000,90,3007,0.329926
1.000000,90,3007,0.348125
1.000000,90,3007,0.369469
1.000000,90,3007,0.398604
1.000000,90,3008,0.102361
1.000000,90,3008,0.299206
1.000000,90,3008,0.313790
1.000000,90,3008,0.329926
1.000000,90,3008,0.348125
1.000000,90,3008,0.369469
1.000000,90,3008,0.398604
1.000000,90,3009,0.102361
1.000000,90,3009,0.299206
1.000000,90,3009,0.313790
1.000000,90,3009,0.329926
1.000000,90,3009,0.348125
1.000000,90,3009,0.369469
1.000000,90,3009,0.398604
1.000000,90,3010,0.102361
1.000000,90,3010,0.299206
1.000000,90,3010,0.313790
1.000000,90,3010,0.329926
1.000000,90,3010,0.348125
1.000000,90,3010,0.369469
1.000000,90,3010,0.398604
1.000000,120,4001,0.102450
1.000000,120,4001,0.303939
1.000000,120,4001,0.319197
1.000000,120,4001,0.336191
1.000000,120,4001,0.355628
1.000000,120,4001,0.379313
1.000000,120,4002,0.102450
1.000000,120,4002,0.303939
1.000000,120,4002,0.319197
1.000000,120,4002,0.336191
1.000000,120,4002,0.355628
1.000000,120,4002,0.379313
1.000000,120,4003,0.102450
1.000000,120,4003,0.303939
1.000000,120,4003,0.319197
1.000000,120,4003,0.336191
1.000000,120,4003,0.355628
1.000000,120,4003,0.379313
1.000000,120,4004,0.102450
1.000000,120,4004,0.303939
1.000000,120,4004,0.319197
1.000000,120,4004,0.336191
1.000000,120,4004,0.355628
1.000000,120,4004,0.379313
1.000000,120,4005,0.102450
1.000000,120,4005,0.303939
1.000000,120,4005,0.319197
1.000000,120,4005,0.336191
1.000000,120,4005,0.355628
1.000000,120,4005,0.379313
1.000000,120,4006,0.102450
1.000000,120,4006,0.303939
1.000000,120,4006,0.319197
1.000000,120,4006,0.336191
1.000000,120,4006,0.355628
1.000000,120,4006,0.379313
1.000000,120,4007,0.102450
1.000000,120,4007,0.303939
1.000000,120,4007,0.319197
1.000000,120,4007,0.336191
1.000000,120,4007,0.355628
1.000000,120,4007,0.379313
1.000000,120,4008,0.102450
1.000000,120,4008,0.303939
1.000000,120,4008,0.319197
1.000000,120,4008,0.336191
1.000000,120,4008,0.355628
1.000000,120,4008,0.379313
1.000000,120,4009,0.102450
1.000000,120,4009,0.303939
1.000000,120,4009,0.319197
1.000000,120,4009,0.336191
1.000000,120,4009,0.355628
1.000000,120,4009,0.379313
1.000000,120,4010,0.102450
1.000000,120,4010,0.303939
1.000000,120,4010,0.319197
1.000000,120,4010,0.336191
1.000000,120,4010,0.355628
1.000000,120,4010,0.379313
1.000000,150,5001,0.102622
1.000000,150,5001,0.294828
1.000000,150,5001,0.309337
1.000000,150,5001,0.325424
1.000000,150,5001,0.343514
1.000000,150,5001,0.364728
1.000000,150,5001,0.393259
1.000000,150,5002,0.102622
1.000000,150,5002,0.294828
1.000000,150,5002,0.309337
1.000000,150,5002,0.325424
1.000000,150,5002,0.343514
1.000000,150,5002,0.364728
1.000000,150,5002,0.393259
1.000000,150,5003,0.102622
1.000000,150,5003,0.294828
1.000000,150,5003,0.309337
1.000000,150,5003,0.325424
1.000000,150,5003,0.343514
1.000000,150,5003,0.364728
1.000000,150,5003,0.393259
1.000000,150,5004,0.102622
1.000000,150,5004,0.294828
1.000000,150,5004,0.309337
1.000000,150,5004,0.325424
1.000000,150,5004,0.343514
1.000000,150,5004,0.364728
1.000000,150,5004,0.393259
1.000000,150,5005,0.102622
1.000000,150,5005,0.294828
1.000000,150,5005,0.309337
1.000000,150,5005,0.325424
1.000000,150,5005,0.343514
1.000000,150,5005,0.364728
1.000000,150,5005,0.393259
1.000000,150,5006,0.102622
1.000000,150,5006,0.294828
1.000000,150,5006,0.309337
1.000000,150,5006,0.325424
1.000000,150,5006,0.343514
1.000000,150,5006,0.364728
1.000000,150,5006,0.393259
1.000000,150,5007,0.102622
1.000000,150,5007,0.294828
1.000000,150,5007,0.309337
1.000000,150,5007,0.325424
1.000000,150,5007,0.343514
1.000000,150,5007,0.364728
1.000000,150,5007,0.393259
1.000000,150,5008,0.102622
1.000000,150,5008,0.294828
1.000000,150,5008,0.309337
1.000000,150,5008,0.325424
1.000000,150,5008,0.343514
1.000000,150,5008,0.364728
1.000000,150,5008,0.393259
1.000000,150,5009,0.102622
1.000000,150,5009,0.294828
1.000000,150,5009,0.309337
1.000000,150,5009,0.325424
1.000000,150,5009,0.343514
1.000000,150,5009,0.364728
1.000000,150,5009,0.393259
1.000000,150,5010,0.102622
1.000000,150,5010,0.294828
1.000000,150,5010,0.309337
1.000000,150,5010,0.325424
1.000000,150,5010,0.343514
1.000000,150,5010,0.364728
1.000000,150,5010,0.393259
1.000000,180,6001,0.102787
1.000000,180,6001,0.295697
1.000000,180,6001,0.310444
1.000000,180,6001,0.326794
1.000000,180,6001,0.345247
1.000000,180,6001,0.367057
1.000000,180,6001,0.398966
1.000000,180,6002,0.102787
1.000000,180,6002,0.295697
1.000000,180,6002,0.310444
1.000000,180,6002,0.326794
1.000000,180,6002,0.345247
1.000000,180,6002,0.367057
1.000000,180,6002,0.398966
1.000000,180,6003,0.102787
1.000000,180,6003,0.295697
1.000000,180,6003,0.310444
1.000000,180,6003,0.326794
1.000000,180,6003,0.345247
1.000000,180,6003,0.367057
1.000000,180,6003,0.398966
1.000000,180,6004,0.102787
1.000000,180,6004,0.295697
1.000000,180,6004,0.310444
1.000000,180,6004,0.326794
1.000000,180,6004,0.345247
1.000000,180,6004,0.367057
1.000000,180,6004,0.398966
1.000000,180,6005,0.102787
1.000000,180,6005,0.295697
1.000000,180,6005,0.310444
1.000000,180,6005,0.326794
1.000000,180,6005,0.345247
1.000000,180,6005,0.367057
1.000000,180,6005,0.398966
1.000000,180,6006,0.102787
1.000000,180,6006,0.295697
1.000000,180,6006,0.310444
1.000000,180,6006,0.326794
1.000000,180,6006,0.345247
1.000000,180,6006,0.367057
1.000000,180,6006,0.398966
1.000000,180,6007,0.102787
1.000000,180,6007,0.295697
1.000000,180,6007,0.310444
1.000000,180,6007,0.326794
1.000000,180,6007,0.345247
1.000000,180,6007,0.367057
1.000000,180,6007,0.398966
1.000000,180,6008,0.102787
1.000000,180,6008,0.295697
1.000000,180,6008,0.310444
1.000000,180,6008,0.326794
1.000000,180,6008,0.345247
1.000000,180,6008,0.367057
1.000000,180,6008,0.398966
1.000000,180,6009,0.102787
1.000000,180,6009,0.295697
1.000000,180,6009,0.310444
1.000000,180,6009,0.326794
1.000000,180,6009,0.345247
1.000000,180,6009,0.367057
1.000000,180,6009,0.398966
1.000000,180,6010,0.102787
1.000000,180,6010,0.295697
1.000000,180,6010,0.310444
1.000000,180,6010,0.326794
1.000000,180,6010,0.345247
1.000000,180,6010,0.367057
1.000000,180,6010,0.398966
1.000000,210,7001,0.102645
1.000000,210,7001,0.296050
1.000000,210,7001,0.310707
1.000000,210,7001,0.326983
1.000000,210,7001,0.345332
1.000000,210,7001,0.366957
1.000000,210,7001,0.397629
1.000000,210,7002,0.102645
1.000000,210,7002,0.296050
1.000000,210,7002,0.310707
1.000000,210,7002,0.326983
1.000000,210,7002,0.345332
1.000000,210,7002,0.366957
1.000000,210,7002,0.397629
1.000000,210,7003,0.102645
1.000000,210,7003,0.296050
1.000000,210,7003,0.310707
1.000000,210,7003,0.326983
1.000000,210,7003,0.345332
1.000000,210,7003,0.366957
1.000000,210,7003,0.397629
1.000000,210,7004,0.102645
1.000000,210,7004,0.296050
1.000000,210,7004,0.310707
1.000000,210,7004,0.326983
1.000000,210,7004,0.345332
1.000000,210,7004,0.366957
1.000000,210,7004,0.397629
1.000000,210,7005,0.102645
1.000000,210,7005,0.296050
1.000000,210,7005,0.310707
1.000000,210,7005,0.326983
1.000000,210,7005,0.345332
1.000000,210,7005,0.366957
1.000000,210,7005,0.397629
1.000000,210,7006,0.102645
1.000000,210,7006,0.296050
1.000000,210,7006,0.310707
1.000000,210,7006,0.326983
1.000000,210,7006,0.345332
1.000000,210,7006,0.366957
1.000000,210,7006,0.397629
1.000000,210,7007,0.102645
1.000000,210,7007,0.296050
1.000000,210,7007,0.310707
1.000000,210,7007,0.326983
1.000000,210,7007,0.345332
1.000000,210,7007,0.366957
1.000000,210,7007,0.397629
1.000000,210,7008,0.102645
1.000000,210,7008,0.296050
1.000000,210,7008,0.310707
1.000000,210,7008,0.326983
1.000000,210,7008,0.345332
1.000000,210,7008,0.366957
1.000000,210,7008,0.397629
1.000000,210,7009,0.102645
1.000000,210,7009,0.296050
1.000000,210,7009,0.310707
1.000000,210,7009,0.326983
1.000000,210,7009,0.345332
1.000000,210,7009,0.366957
1.000000,210,7009,0.397629
1.000000,210,7010,0.102645
1.000000,210,7010,0.296050
1.000000,210,7010,0.310707
1.000000,210,7010,0.326983
1.000000,210,7010,0.345332
1.000000,210,7010,0.366957
1.000000,210,7010,0.397629
1.000000,240,8001,0.102455
1.000000,240,8001,0.297709
1.000000,240,8001,0.312368
1.000000,240,8001,0.328661
1.000000,240,8001,0.347062
1.000000,240,8001,0.368763
1.000000,240,8001,0.399999
1.000000,240,8002,0.102455
1.000000,240,8002,0.297709
1.000000,240,8002,0.312368
1.000000,240,8002,0.328661
1.000000,240,8002,0.347062
1.000000,240,8002,0.368763
1.000000,240,8002,0.399999
1.000000,240,8003,0.102455
1.000000,240,8003,0.297709
1.000000,240,8003,0.312368
1.000000,240,8003,0.328661
1.000000,240,8003,0.347062
1.000000,240,8003,0.368763
1.000000,240,8003,0.399999
1.000000,240,8004,0.102455
1.000000,240,8004,0.297709
1.000000,240,8004,0.312368
1.000000,240,8004,0.328661
1.000000,240,8004,0.347062
1.000000,240,8004,0.368763
1.000000,240,8004,0.399999
1.000000,240,8005,0.102455
1.000000,240,8005,0.297709
1.000000,240,8005,0.312368
1.000000,240,8005,0.328661
1.000000,240,8005,0.347062
1.000000,240,8005,0.368763
1.000000,240,8005,0.399999
1.000000,240,8006,0.102455
1.000000,240,8006,0.297709
1.000000,240,8006,0.312368
1.000000,240,8006,0.328661
1.000000,240,8006,0.347062
1.000000,240,8006,0.368763
1.000000,240,8006,0.399999
1.000000,240,8007,0.102455
1.000000,240,8007,0.297709
1.000000,240,8007,0.312368
1.000000,240,8007,0.328661
1.000000,240,8007,0.347062
1.000000,240,8007,0.368763
1.000000,240,8007,0.399999
1.000000,240,8008,0.102455
1.000000,240,8008,0.297709
1.000000,240,8008,0.312368
1.000000,240,8008,0.328661
1.000000,240,8008,0.347062
1.000000,240,8008,0.368763
1.000000,240,8008,0.399999
1.000000,240,8009,0.102455
1.000000,240,8009,0.297709
1.000000,240,8009,0.312368
1.000000,240,8009,0.328661
1.000000,240,8009,0.347062
1.000000,240,8009,0.368763
1.000000,240,8009,0.399999
1.000000,240,8010,0.102455
1.000000,240,8010,0.297709
1.000000,240,8010,0.312368
1.000000,240,8010,0.328661
1.000000,240,8010,0.347062
1.000000,240,8010,0.368763
1.000000,240,8010,0.399999
1.000000,270,9001,0.102377
1.000000,270,9001,0.292936
1.000000,270,9001,0.307085
1.000000,270,9001,0.322709
1.000000,270,9001,0.340142
1.000000,270,9001,0.360234
1.000000,270,9001,0.385351
1.000000,270,9002,0.102377
1.000000,270,9002,0.292936
1.000000,270,9002,0.307085
1.000000,270,9002,0.322709
1.000000,270,9002,0.340142
1.000000,270,9002,0.360234
1.000000,270,9002,0.385351
1.000000,270,9003,0.102377
1.000000,270,9003,0.292936
1.000000,270,9003,0.307085
1.000000,270,9003,0.322709
1.000000,270,9003,0.340142
1.000000,270,9003,0.360234
1.000000,270,9003,0.385351
1.000000,270,9004,0.102377
1.000000,270,9004,0.292936
1.000000,270,9004,0.307085
1.000000,270,9004,0.322709
1.000000,270,9004,0.340142
1.000000,270,9004,0.360234
1.000000,270,9004,0.385351
1.000000,270,9005,0.102377
1.000000,270,9005,0.292936
1.000000,270,9005,0.307085
1.000000,270,9005,0.322709
1.000000,270,9005,0.340142
1.000000,270,9005,0.360234
1.000000,270,9005,0.385351
1.000000,270,9006,0.102377
1.000000,270,9006,0.292936
1.000000,270,9006,0.307085
1.000000,270,9006,0.322709
1.000000,270,9006,0.340142
1.000000,270,9006,0.360234
1.000000,270,9006,0.385351
1.000000,270,9007,0.102377
1.000000,270,9007,0.292936
1.000000,270,9007,0.307085
1.000000,270,9007,0.322709
1.000000,270,9007,0.340142
1.000000,270,9007,0.360234
1.000000,270,9007,0.385351
1.000000,270,9008,0.102377
1.000000,270,9008,0.292936
1.000000,270,9008,0.307085
1.000000,270,9008,0.322709
1.000000,270,9008,0.340142
1.000000,270,9008,0.360234
1.000000,270,9008,0.385351
1.000000,270,9009,0.102377
1.000000,270,9009,0.292936
1.000000,270,9009,0.307085
1.000000,270,9009,0.322709
1.000000,270,9009,0.340142
1.000000,270,9009,0.360234
1.000000,270,9009,0.385351
1.000000,270,9010,0.102377
1.000000,270,9010,0.292936
1.000000,270,9010,0.307085
1.000000,270,9010,0.322709
1.000000,270,9010,0.340142
1.000000,270,9010,0.360234
1.000000,270,9010,0.385351
1.000000,300,10001,0.102465
1.000000,300,10001,0.300131
1.000000,300,10001,0.314429
1.000000,300,10001,0.330706
1.000000,300,10001,0.349118
1.000000,300,10001,0.370812
1.000000,300,10001,0.402065
1.000000,300,10002,0.102465
1.000000,300,10002,0.300131
1.000000,300,10002,0.314429
1.000000,300,10002,0.330706
1.000000,300,10002,0.349118
1.000000,300,10002,0.370812
1.000000,300,10002,0.402065
1.000000,300,10003,0.102465
1.000000,300,10003,0.300131
1.000000,300,10003,0.314429
1.000000,300,10003,0.330706
1.000000,300,10003,0.349118
1.000000,300,10003,0.370812
1.000000,300,10003,0.402065
1.000000,300,10004,0.102465
1.000000,300,10004,0.300131
1.000000,300,10004,0.314429
1.000000,300,10004,0.330706
1.000000,300,10004,0.349118
1.000000,300,10004,0.370812
1.000000,300,10004,0.402065
1.000000,300,10005,0.102465
1.000000,300,10005,0.300131
1.000000,300,10005,0.314429
1.000000,300,10005,0.330706
1.000000,300,10005,0.349118
1.000000,300,10005,0.370812
1.000000,300,10005,0.402065
1.000000,300,10006,0.102465
1.000000,300,10006,0.300131
1.000000,300,10006,0.314429
1.000000,300,10006,0.330706
1.000000,300,10006,0.349118
1.000000,300,10006,0.370812
1.000000,300,10006,0.402065
1.000000,300,10007,0.102465
1.000000,300,10007,0.300131
1.000000,300,10007,0.314429
1.000000,300,10007,0.330706
1.000000,300,10007,0.349118
1.000000,300,10007,0.370812
1.000000,300,10007,0.402065
1.000000,300,10008,0.102465
1.000000,300,10008,0.300131
1.000000,300,10008,0.314429
1.000000,300,10008,0.330706
1.000000,300,10008,0.349118
1.000000,300,10008,0.370812
1.000000,300,10008,0.402065
1.000000,300,10009,0.102465
1.000000,300,10009,0.300131
1.000000,300,10009,0.314429
1.000000,300,10009,0.330706
1.000000,300,10009,0.349118
1.000000,300,10009,0.370812
1.000000,300,10009,0.402065
1.000000,300,10010,0.102465
1.000000,300,10010,0.300131
1.000000,300,10010,0.314429
1.000000,300,10010,0.330706
1.000000,300,10010,0.349118
1.000000,300,10010,0.370812
1.000000,300,10010,0.402065
1.000000,330,11001,0.102360
1.000000,330,11001,0.299528
1.000000,330,11001,0.314183
1.000000,330,11001,0.330382
1.000000,330,11001,0.348668
1.000000,330,11001,0.370081
1.000000,330,11001,0.399641
1.000000,330,11002,0.102360
1.000000,330,11002,0.299528
1.000000,330,11002,0.314183
1.000000,330,11002,0.330382
1.000000,330,11002,0.348668
1.000000,330,11002,0.370081
1.000000,330,11002,0.399641
1.000000,330,11003,0.102360
1.000000,330,11003,0.299528
1.000000,330,11003,0.314183
1.000000,330,11003,0.330382
1.000000,330,11003,0.348668
1.000000,330,11003,0.370081
1.000000,330,11003,0.399641
1.000000,330,11004,0.102360
1.000000,330,11004,0.299528
1.000000,330,11004,0.314183
1.000000,330,11004,0.330382
1.000000,330,11004,0.348668
1.000000,330,11004,0.370081
1.000000,330,11004,0.399641
1.000000,330,11005,0.102360
1.000000,330,11005,0.299528
1.000000,330,11005,0.314183
1.000000,330,11005,0.330382
1.000000,330,11005,0.348668
1.000000,330,11005,0.370081
1.000000,330,11005,0.399641
1.000000,330,11006,0.102360
1.000000,330,11006,0.299528
1.000000,330,11006,0.314183
1.000000,330,11006,0.330382
1.000000,330,11006,0.348668
1.000000,330,11006,0.370081
1.000000,330,11006,0.399641
1.000000,330,11007,0.102360
1.000000,330,11007,0.299528
1.000000,330,11007,0.314183
1.000000,330,11007,0.330382
1.000000,330,11007,0.348668
1.000000,330,11007,0.370081
1.000000,330,11007,0.399641
1.000000,330,11008,0.102360
1.000000,330,11008,0.299528
1.000000,330,11008,0.314183
1.000000,330,11008,0.330382
1.000000,330,11008,0.348668
1.000000,330,11008,0.370081
1.000000,330,11008,0.399641
1.000000,330,11009,0.102360
1.000000,330,11009,0.299528
1.000000,330,11009,0.314183
1.000000,330,11009,0.330382
1.000000,330,11009,0.348668
1.000000,330,11009,0.370081
1.000000,330,11009,0.399641
1.000000,330,11010,0.102360
1.000000,330,11010,0.299528
1.000000,330,11010,0.314183
1.000000,330,11010,0.330382
1.000000,330,11010,0.348668
1.000000,330,11010,0.370081
1.000000,330,11010,0.399641
