index,bip_locx_um,bip_locy_um,bip_z_um,sac_inhib_locx_um,sac_inhib_locy_um,sac_inhib_z_um,sac_exc_locx_um,sac_exc_locy_um,sac_exc_z_um,parent_section_name,parent_section_length_um,parent_section_centroid_x_um,parent_section_centroid_y_um,parent_section_centroid_z_um,path_distance_um,radial_distance_from_soma_um
0,104.79850006103516,123.2244987487793,47.49434280395508,104.79850006103516,123.2244987487793,47.49434280395508,104.79850006103516,123.2244987487793,47.49434280395508,soma,11.433412409605504,104.57614244733539,121.77942875453404,47.49434280395508,0.0,0.0
1,16.25979995727539,144.14100646972656,32.121212121212125,16.25979995727539,144.14100646972656,32.121212121212125,16.25979995727539,144.14100646972656,32.121212121212125,dend[0],18.878121711242464,21.772899974476207,148.28224228367662,32.121212121212125,219.91272090543734,88.28991582263689
2,103.77799987792969,118.9124984741211,47.04066679212782,103.77799987792969,118.9124984741211,47.04066679212782,103.77799987792969,118.9124984741211,47.04066679212782,dend[1],15.036372605590289,102.14928860134549,117.1915545993381,47.04066679212782,13.234892507597896,5.209993356753753
3,100.64849853515625,114.14099884033203,48.98990058898926,100.64849853515625,114.14099884033203,48.98990058898926,100.64849853515625,114.14099884033203,48.98990058898926,dend[2],2.306763756080635,100.64849853515625,114.14099884033203,48.98990058898926,21.90646068843336,8.71829635556341
4,99.97544860839844,113.37850189208984,50.0,99.97544860839844,113.37850189208984,50.0,99.97544860839844,113.37850189208984,50.0,dend[3],2.7395758453613714,99.86567306518555,112.5,50.0,24.42963048915436,10.703954306457774
5,100.19544982910156,111.62149810791016,52.0,100.19544982910156,111.62149810791016,52.0,100.19544982910156,111.62149810791016,52.0,dend[4],5.692692379239394,101.0744743347168,111.84099960327148,52.0,28.645764601454744,11.46014835566567
6,100.19499969482422,113.5984992980957,46.7,100.19499969482422,113.5984992980957,46.7,100.19499969482422,113.5984992980957,46.7,dend[5],13.003378144684614,103.95260009765624,113.62044944763184,46.7,29.561531638815982,8.221236457035939
7,108.32500076293945,113.5984992980957,40.888888888888886,108.32500076293945,113.5984992980957,40.888888888888886,108.32500076293945,113.5984992980957,40.888888888888886,dend[6],32.45070609969548,101.07424220332393,104.02828499122903,40.888888888888886,52.288573761006035,19.261319571841206
8,93.82324981689453,92.94435119628906,37.785714285714285,93.82324981689453,92.94435119628906,37.785714285714285,93.82324981689453,92.94435119628906,37.785714285714285,dend[7],15.076237359504407,89.74259975978306,89.9937218257359,37.785714285714285,76.05204549060598,36.39536538258795
9,85.03419876098633,85.9130973815918,37.42857142857143,85.03419876098633,85.9130973815918,37.42857142857143,85.03419876098633,85.9130973815918,37.42857142857143,dend[8],7.822051763883174,82.39745657784599,84.40639277866909,37.42857142857143,87.50119005229976,44.60894168585797
10,79.3213005065918,83.49610137939453,41.30909090909091,79.3213005065918,83.49610137939453,41.30909090909091,79.3213005065918,83.49610137939453,41.30909090909091,dend[9],31.973082158237233,68.13121289339932,83.93552620627663,41.30909090909091,107.39875701335997,52.90227964158337
11,57.78810119628906,84.81449890136719,41.97142857142857,57.78810119628906,84.81449890136719,41.97142857142857,57.78810119628906,84.81449890136719,41.97142857142857,dend[10],20.59160803242575,50.58733433314732,84.56334250313895,41.97142857142857,133.68110210869148,65.8052509993066
12,43.50590133666992,82.8369026184082,46.42424242424242,43.50590133666992,82.8369026184082,46.42424242424242,43.50590133666992,82.8369026184082,46.42424242424242,dend[11],19.03835398558218,36.90074556524103,79.94052424575344,46.42424242424242,153.49608311769543,79.57134150224256
13,29.66309928894043,77.783203125,47.0,29.66309928894043,77.783203125,47.0,29.66309928894043,77.783203125,47.0,dend[12],4.940658554813821,27.80540015480735,77.02415535666726,47.0,165.4855893878934,88.86521110013399
14,99.75589752197266,111.18199920654297,38.79775280898876,99.75589752197266,111.18199920654297,38.79775280898876,99.75589752197266,111.18199920654297,38.79775280898876,dend[13],63.43421928736777,82.84925833712803,111.69031413217608,38.79775280898876,57.51652805551893,25.484866186464586
15,65.69824981689453,116.23550033569336,33.4,65.69824981689453,116.23550033569336,33.4,65.69824981689453,116.23550033569336,33.4,dend[14],28.13548111288467,55.61718811035156,118.89847900390625,33.4,103.30137825564515,51.02871329273265
16,45.4833984375,125.02450180053711,30.6,45.4833984375,125.02450180053711,30.6,45.4833984375,125.02450180053711,30.6,dend[15],20.73906872165481,38.3203114100865,122.98408530099051,30.6,127.7386531729149,68.3864399030169
17,101.30799865722656,115.45949935913086,44.943322287665474,101.30799865722656,115.45949935913086,44.943322287665474,101.30799865722656,115.45949935913086,44.943322287665474,dend[17],19.4904581581091,98.17048814561632,118.51727761162653,44.943322287665474,30.49830788944759,7.627695771780313
18,94.26269912719727,121.28900146484375,32.01851851851852,94.26269912719727,121.28900146484375,32.01851851851852,94.26269912719727,121.28900146484375,32.01851851851852,dend[18],40.58875505326417,90.03093366269712,128.8247973124186,32.01851851851852,60.537914495134224,22.376359266396637
19,81.9579963684082,136.4499969482422,25.0,81.9579963684082,136.4499969482422,25.0,81.9579963684082,136.4499969482422,25.0,dend[19],7.458140459446499,79.54102266751804,138.86715346116287,25.0,84.56136225148956,37.74576818957565
20,76.904296875,141.72349548339844,24.2,76.904296875,141.72349548339844,24.2,76.904296875,141.72349548339844,24.2,dend[20],5.420944008985752,76.06931838989257,143.48150024414062,24.2,91.00090448570568,42.73459174310864
21,74.70700073242188,145.67849731445312,24.933333333333334,74.70700073242188,145.67849731445312,24.933333333333334,74.70700073242188,145.67849731445312,24.933333333333334,dend[21],8.079652274302653,73.5058603922526,146.5135955810547,24.933333333333334,97.75120262734988,45.67428799574262
22,58.2275505065918,147.4365005493164,30.137254901960784,58.2275505065918,147.4365005493164,30.137254901960784,58.2275505065918,147.4365005493164,30.137254901960784,dend[23],67.49934326817245,41.25258830949372,136.53631322524126,30.137254901960784,150.88372924911508,67.2971518592542
23,103.93050003051758,120.40999984741211,41.31372549019608,103.93050003051758,120.40999984741211,41.31372549019608,103.93050003051758,120.40999984741211,41.31372549019608,dend[24],42.05034369333522,96.39532321107154,129.87127476112516,41.31372549019608,26.741878051470362,13.061539172316056
24,87.67090225219727,139.08700561523438,33.72727272727273,87.67090225219727,139.08700561523438,33.72727272727273,87.67090225219727,139.08700561523438,33.72727272727273,dend[25],7.251623113788036,86.09287331321023,140.70481733842328,33.72727272727273,51.392861455032,29.821699975554573
25,84.1552505493164,142.60250091552734,32.0,84.1552505493164,142.60250091552734,32.0,84.1552505493164,142.60250091552734,32.0,dend[26],1.2430207162691214,83.93553415934245,142.82233174641928,32.0,55.640183370060576,33.30034738183267
26,83.27635192871094,143.48149871826172,30.53846153846154,83.27635192871094,143.48149871826172,30.53846153846154,83.27635192871094,143.48149871826172,30.53846153846154,dend[27],30.813353566972584,76.99725591219388,138.6221527686486,30.53846153846154,71.66837051168142,36.49348221564168
27,66.13769912719727,136.010498046875,29.272727272727273,66.13769912719727,136.010498046875,29.272727272727273,66.13769912719727,136.010498046875,29.272727272727273,dend[28],6.5981151187251506,66.67701651833274,134.03318231756037,29.272727272727273,90.37410485453029,43.800975960972195
28,66.13769912719727,131.61599731445312,26.2,66.13769912719727,131.61599731445312,26.2,66.13769912719727,131.61599731445312,26.2,dend[29],14.157879691271983,62.27050495147705,129.528902053833,26.2,100.75210225952885,47.99239872938084
29,58.2275505065918,126.78199768066406,24.458333333333332,58.2275505065918,126.78199768066406,24.458333333333332,58.2275505065918,126.78199768066406,24.458333333333332,dend[30],30.326283383385874,49.96032468477885,122.36031262079875,24.458333333333332,122.99418379685778,59.27801201347298
30,47.2411994934082,115.35649871826172,28.857142857142858,47.2411994934082,115.35649871826172,28.857142857142858,47.2411994934082,115.35649871826172,28.857142857142858,dend[31],4.774740210634649,46.33089937482561,115.82757023402623,28.857142857142858,140.54469559386806,61.4432924108185
31,45.70309829711914,115.7959976196289,32.05,45.70309829711914,115.7959976196289,32.05,45.70309829711914,115.7959976196289,32.05,dend[32],10.575405388480297,46.142570114135744,111.84080009460449,32.05,148.21976839342554,61.25182805357998
32,46.582000732421875,107.44649887084961,33.666666666666664,46.582000732421875,107.44649887084961,33.666666666666664,46.582000732421875,107.44649887084961,33.666666666666664,dend[33],1.5315209240295782,46.582000732421875,107.22666676839192,33.666666666666664,154.27323154968045,61.370253234221785
33,46.582000732421875,106.56750106811523,31.90909090909091,46.582000732421875,106.56750106811523,31.90909090909091,46.582000732421875,106.56750106811523,31.90909090909091,dend[34],7.432901245163465,46.5420729897239,104.58981808749112,31.90909090909091,158.755442634277,62.500688070786524
34,104.58999633789062,123.48600006103516,44.76470588235294,104.58999633789062,123.48600006103516,44.76470588235294,104.58999633789062,123.48600006103516,44.76470588235294,dend[35],13.237595576593804,106.60617603975184,126.20053010828354,44.76470588235294,12.335503993099653,5.578359193368474
35,108.76449966430664,129.85850524902344,39.25925925925926,108.76449966430664,129.85850524902344,39.25925925925926,108.76449966430664,129.85850524902344,39.25925925925926,dend[36],17.78943283079386,108.52848222520616,133.7890749330874,39.25925925925926,27.849018196793484,15.088710748168666
36,108.76449966430664,137.76850128173828,34.75,108.76449966430664,137.76850128173828,34.75,108.76449966430664,137.76850128173828,34.75,dend[37],6.209572213452234,109.64350032806396,139.0870018005371,34.75,39.84852071891654,22.08276418700421
37,110.74199676513672,140.84449768066406,32.785714285714285,110.74199676513672,140.84449768066406,32.785714285714285,110.74199676513672,140.84449768066406,32.785714285714285,dend[38],11.0779684831601,111.52699933733258,142.82228524344308,32.785714285714285,48.4922910672227,26.59811973816287
38,112.28049850463867,144.36050415039062,31.75,112.28049850463867,144.36050415039062,31.75,112.28049850463867,144.36050415039062,31.75,dend[39],2.419807358868436,112.7197494506836,144.8000030517578,31.75,55.241178988236975,29.05425108873801
39,113.5984992980957,145.67849731445312,30.09090909090909,113.5984992980957,145.67849731445312,30.09090909090909,113.5984992980957,145.67849731445312,30.09090909090909,dend[40],6.332508386978114,114.33772832697088,147.65627219460228,30.09090909090909,59.61733686116025,32.67688923859931
40,115.35649871826172,150.07350158691406,29.0,115.35649871826172,150.07350158691406,29.0,115.35649871826172,150.07350158691406,29.0,dend[41],1.6820859752512285,115.57624816894531,150.51274871826172,29.0,63.62463404227491,35.89772580226709
41,116.01599884033203,151.39149475097656,29.0,116.01599884033203,151.39149475097656,29.0,116.01599884033203,151.39149475097656,29.0,dend[42],5.925865816738416,117.11433347066243,153.4790827433268,29.0,67.42860993826973,38.78292166530043
42,119.3115005493164,155.78599548339844,28.64516129032258,119.3115005493164,155.78599548339844,28.64516129032258,119.3115005493164,155.78599548339844,28.64516129032258,dend[43],17.312653337594362,123.59974178191155,159.63477596159905,28.64516129032258,79.04786951543612,46.37042470739077
43,129.41900634765625,160.6199951171875,28.0,129.41900634765625,160.6199951171875,28.0,129.41900634765625,160.6199951171875,28.0,dend[44],5.926283352522368,131.6161677042643,159.30175018310547,28.0,90.66733786049448,50.190805658432105
44,134.2530059814453,158.2030029296875,28.0,134.2530059814453,158.2030029296875,28.0,134.2530059814453,158.2030029296875,28.0,dend[45],11.093935609938072,139.306640625,158.16820556640624,28.0,99.1774473417247,53.94793770748914
45,94.04299926757812,93.16410064697266,37.833333333333336,94.04299926757812,93.16410064697266,37.833333333333336,94.04299926757812,93.16410064697266,37.833333333333336,dend[48],30.251384610088902,97.94310077031453,84.23767487208049,37.833333333333336,83.63961911589823,39.32830571549269
46,105.02899932861328,76.24509811401367,35.45161290322581,105.02899932861328,76.24509811401367,35.45161290322581,105.02899932861328,76.24509811401367,35.45161290322581,dend[49],16.955288747532848,105.95074167559224,70.14238689791772,35.45161290322581,107.2429557947091,53.04055955777795
47,105.2490005493164,66.13769912719727,40.46153846153846,105.2490005493164,66.13769912719727,40.46153846153846,105.2490005493164,66.13769912719727,40.46153846153846,dend[50],9.135286078543693,103.00107691838191,63.889715928297775,40.46153846153846,120.28824320774737,58.336609598461536
48,100.41500091552734,61.74314880371094,42.0,100.41500091552734,61.74314880371094,42.0,100.41500091552734,61.74314880371094,42.0,dend[51],7.1380408062654395,97.33886194229126,60.864237785339355,42.0,128.42490665015194,61.58917537010478
49,93.82324981689453,60.86425018310547,40.411764705882355,93.82324981689453,60.86425018310547,40.411764705882355,93.82324981689453,60.86425018310547,40.411764705882355,dend[52],23.914696910033246,87.21852066937615,63.22954088098862,40.411764705882355,143.9512755083013,61.47795797118447
50,85.25389862060547,86.13279724121094,43.627906976744185,85.25389862060547,86.13279724121094,43.627906976744185,85.25389862060547,86.13279724121094,43.627906976744185,dend[53],55.09088067954824,76.25533937853436,75.21802831250568,43.627906976744185,111.13560451013231,54.63498168381379
51,79.54100036621094,83.49610137939453,37.1764705882353,79.54100036621094,83.49610137939453,37.1764705882353,79.54100036621094,83.49610137939453,37.1764705882353,dend[54],7.693703940476716,80.7042631261489,80.78182983398438,37.1764705882353,95.2590679044797,48.55026494917889
52,43.50590133666992,83.05660247802734,43.72222222222222,43.50590133666992,83.05660247802734,43.72222222222222,43.50590133666992,83.05660247802734,43.72222222222222,dend[57],9.963338149782206,41.43066702948676,86.25487857394748,43.72222222222222,148.95857519979543,72.55049017727083
53,29.88279914855957,77.783203125,46.3125,29.88279914855957,77.783203125,46.3125,29.88279914855957,77.783203125,46.3125,dend[58],9.084340271537048,28.04259979724884,80.66711282730103,46.3125,167.55743024625505,86.88499538980534
54,108.1050033569336,113.81800079345703,39.42857142857143,108.1050033569336,113.81800079345703,39.42857142857143,108.1050033569336,113.81800079345703,39.42857142857143,dend[59],38.00428073967875,118.77789320264544,108.2702327455793,39.42857142857143,55.06536108099766,21.195394999958516
55,129.85850524902344,100.63500213623047,35.0,129.85850524902344,100.63500213623047,35.0,129.85850524902344,100.63500213623047,35.0,dend[60],1.9392435040983669,130.5176025390625,100.37100067138672,35.0,75.03712320288622,35.88019992676608
56,172.7050018310547,79.3213005065918,34.214285714285715,172.7050018310547,79.3213005065918,34.214285714285715,172.7050018310547,79.3213005065918,34.214285714285715,dend[62],8.109339727232157,172.61100333077567,76.68457194737026,34.214285714285715,146.22503404928065,82.69612035756306
57,65.91799926757812,116.45500183105469,35.2,65.91799926757812,116.45500183105469,35.2,65.91799926757812,116.45500183105469,35.2,dend[63],8.013703492858628,64.2480339050293,113.78906656901042,35.2,93.24048944563214,42.91099033391129
58,63.28120040893555,110.52249908447266,35.42857142857143,63.28120040893555,110.52249908447266,35.42857142857143,63.28120040893555,110.52249908447266,35.42857142857143,dend[64],7.54276393520536,65.35294941493443,108.45071465628487,35.42857142857143,101.01872315966412,43.14737917942271
59,68.11519622802734,106.56750106811523,37.76,68.11519622802734,106.56750106811523,37.76,68.11519622802734,106.56750106811523,37.76,dend[65],14.953918776217082,66.91991851806641,101.51365600585937,37.76,112.26706451537534,43.8571564916957
60,66.3573989868164,96.0204963684082,39.0,66.3573989868164,96.0204963684082,39.0,66.3573989868164,96.0204963684082,39.0,dend[66],6.547633166937796,67.54056020883414,93.603514451247,39.0,123.01784048695278,47.30402052935953
61,69.65330123901367,90.966796875,38.78846153846154,69.65330123901367,90.966796875,38.78846153846154,69.65330123901367,90.966796875,38.78846153846154,dend[67],30.69584146531735,78.17194806612454,94.33874526390663,38.78846153846154,141.63957780308039,39.063601471989614
62,45.70309829711914,125.24400329589844,32.116279069767444,45.70309829711914,125.24400329589844,32.116279069767444,45.70309829711914,125.24400329589844,32.116279069767444,dend[68],24.2692066038912,47.05213236254315,133.69590723791788,32.116279069767444,129.50372211403308,60.72478110205887
63,31.201200485229492,121.72899627685547,31.166666666666668,31.201200485229492,121.72899627685547,31.166666666666668,31.201200485229492,121.72899627685547,31.166666666666668,dend[69],27.74401830267591,24.912807237534295,127.7552877153669,31.166666666666668,151.98019668508027,81.53864651263889
64,82.17769622802734,136.22999572753906,25.0,82.17769622802734,136.22999572753906,25.0,82.17769622802734,136.22999572753906,25.0,dend[70],1.9391123479026802,82.10446294148763,135.4980010986328,25.0,81.80184819571765,34.629049440544215
65,76.904296875,141.50399780273438,24.555555555555557,76.904296875,141.50399780273438,24.555555555555557,76.904296875,141.50399780273438,24.555555555555557,dend[71],5.279822701077706,75.58593241373698,140.13677808973523,24.555555555555557,90.93034383175166,41.274841160616205
66,70.75199890136719,147.2169952392578,26.2,70.75199890136719,147.2169952392578,26.2,70.75199890136719,147.2169952392578,26.2,dend[73],3.269752988224349,70.57619934082031,147.48059692382813,26.2,103.42590525861338,47.6444667507671
67,70.3125,148.31549835205078,28.0,70.3125,148.31549835205078,28.0,70.3125,148.31549835205078,28.0,dend[74],5.379926047886755,69.94627571105957,150.51274871826172,28.0,107.75074477666895,49.03937956039298
68,68.7744026184082,153.14949798583984,26.944444444444443,68.7744026184082,153.14949798583984,26.944444444444443,68.7744026184082,153.14949798583984,26.944444444444443,dend[75],11.419102312177216,65.64941088358562,156.03033447265625,26.944444444444443,116.15025895670094,55.77376888228146
69,62.182600021362305,159.08200073242188,26.81578947368421,62.182600021362305,159.08200073242188,26.81578947368421,62.182600021362305,159.08200073242188,26.81578947368421,dend[76],22.67058773191649,55.54456058301424,165.31528954756888,26.81578947368421,133.1951039787478,68.75368908604825
70,49.87794876098633,173.14500427246094,27.166666666666668,49.87794876098633,173.14500427246094,27.166666666666668,49.87794876098633,173.14500427246094,27.166666666666668,dend[77],3.031604340312792,49.21876653035482,173.58416748046875,27.166666666666668,146.04620001486245,78.49448668549113
71,48.55955123901367,174.6824951171875,28.0,48.55955123901367,174.6824951171875,28.0,48.55955123901367,174.6824951171875,28.0,dend[78],1.500202413951967,48.449676513671875,175.12199783325195,28.0,148.3121033919948,79.84760018609575
72,48.120100021362305,176.0009994506836,27.272727272727273,48.120100021362305,176.0009994506836,27.272727272727273,48.120100021362305,176.0009994506836,27.272727272727273,dend[79],5.860615042985911,48.33982779762962,177.97854475541547,27.272727272727273,151.99251212046374,82.03522084662193
73,94.4823989868164,121.28900146484375,34.38461538461539,94.4823989868164,121.28900146484375,34.38461538461539,94.4823989868164,121.28900146484375,34.38461538461539,dend[84],25.97638179205317,96.46558380126953,115.47479482797476,34.38461538461539,53.23172786452873,16.65516506998903
74,98.6572494506836,106.12799835205078,28.8,98.6572494506836,106.12799835205078,28.8,98.6572494506836,106.12799835205078,28.8,dend[86],8.913172759932861,101.51365305582682,105.2635986328125,28.8,74.15729208798794,25.132248979238884
75,104.80949783325195,103.49100112915039,32.035714285714285,104.80949783325195,103.49100112915039,32.035714285714285,104.80949783325195,103.49100112915039,32.035714285714285,dend[87],20.820625759060917,109.29828562055316,99.12807083129883,32.035714285714285,89.02419134748483,27.827178218063096
76,113.81800079345703,94.7021484375,35.0,113.81800079345703,94.7021484375,35.0,113.81800079345703,94.7021484375,35.0,dend[88],3.3649399192140774,114.44600023542132,93.60352870396206,35.0,101.11697418662233,32.363622147707865
77,115.7959976196289,92.0654525756836,35.0,115.7959976196289,92.0654525756836,35.0,115.7959976196289,92.0654525756836,35.0,dend[89],3.000806709024178,116.89457048688617,91.84570203508649,35.0,104.29984750074145,34.69697777592312
78,118.43249893188477,91.18649673461914,35.0,118.43249893188477,91.18649673461914,35.0,118.43249893188477,91.18649673461914,35.0,dend[90],4.061852848127748,119.97077772352431,90.82029724121094,35.0,107.8311772793174,36.76372153970351
79,121.9484977722168,90.08789825439453,35.0,121.9484977722168,90.08789825439453,35.0,121.9484977722168,90.08789825439453,35.0,dend[91],0.8780059814453125,122.16799926757812,90.08789825439453,35.0,110.30110669410395,38.339733096722746
80,122.82699966430664,89.86814880371094,36.72727272727273,122.82699966430664,89.86814880371094,36.72727272727273,122.82699966430664,89.86814880371094,36.72727272727273,dend[92],25.038556517410832,126.0430609963157,84.45489733146898,36.72727272727273,123.25938794353202,44.38331934382685
81,46.582000732421875,106.78700256347656,31.764705882352942,46.582000732421875,106.78700256347656,31.764705882352942,46.582000732421875,106.78700256347656,31.764705882352942,dend[93],8.796622499299623,49.68405308442957,106.24435245289521,31.764705882352942,159.43730326134508,59.17686666264451
82,46.582000732421875,107.66600036621094,35.9344262295082,46.582000732421875,107.66600036621094,35.9344262295082,46.582000732421875,107.66600036621094,35.9344262295082,dend[94],36.87566983636649,34.37820009325372,103.2859260684154,35.9344262295082,171.94530600584892,73.50777117799602
83,45.70309829711914,116.01599884033203,31.6,45.70309829711914,116.01599884033203,31.6,45.70309829711914,116.01599884033203,31.6,dend[95],2.7089134063057267,45.17577896118164,116.1916000366211,31.6,144.28652240233825,61.74347856444078
84,44.1650505065918,116.45500183105469,34.4,44.1650505065918,116.45500183105469,34.4,44.1650505065918,116.45500183105469,34.4,dend[96],18.094598682863953,38.89160003662109,116.33799997965495,34.4,154.68827844692308,67.19769395064459
85,33.61814880371094,114.03800201416016,36.0,33.61814880371094,114.03800201416016,36.0,33.61814880371094,114.03800201416016,36.0,dend[97],6.416896458151117,31.88031803477894,112.69972714510831,36.0,166.94402601743062,74.1568862940744
86,30.54199981689453,110.52249908447266,39.114285714285714,30.54199981689453,110.52249908447266,39.114285714285714,30.54199981689453,110.52249908447266,39.114285714285714,dend[98],23.802087096789293,26.26674575805664,107.59062914167131,39.114285714285714,182.05351779490078,80.02442752759254
87,66.3573989868164,136.22999572753906,29.923076923076923,66.3573989868164,136.22999572753906,29.923076923076923,66.3573989868164,136.22999572753906,29.923076923076923,dend[100],12.74113110066629,61.7769655080942,138.1066166804387,29.923076923076923,93.44561284550086,49.062164616950945
88,56.469749450683594,140.18600463867188,29.5,56.469749450683594,140.18600463867188,29.5,56.469749450683594,140.18600463867188,29.5,dend[101],1.0923183072268654,56.469749450683594,140.18600463867188,29.5,100.36233754944743,54.560273605188996
89,66.3573989868164,131.83599853515625,29.58823529411765,66.3573989868164,131.83599853515625,29.58823529411765,66.3573989868164,131.83599853515625,29.58823529411765,dend[102],10.080346438589435,63.25539420632755,133.1542941822725,29.58823529411765,98.71333563318758,46.448040699794525
90,83.49610137939453,143.26199340820312,29.517241379310345,83.49610137939453,143.26199340820312,29.517241379310345,83.49610137939453,143.26199340820312,29.517241379310345,dend[103],18.723052663244825,78.63180384142646,145.11044785072065,29.517241379310345,65.62322005981754,39.2507494628656
91,84.375,142.38299560546875,31.526315789473685,84.375,142.38299560546875,31.526315789473685,84.375,142.38299560546875,31.526315789473685,dend[104],9.589783261480072,83.47296423661082,145.92163166246917,31.526315789473685,59.813564642666044,35.82133412614219
92,81.9579963684082,150.07350158691406,28.557692307692307,81.9579963684082,150.07350158691406,28.557692307692307,81.9579963684082,150.07350158691406,28.557692307692307,dend[105],35.120344383412615,73.17739545381986,156.84249995304987,28.557692307692307,82.16862846511238,50.73358854499256
93,87.8906021118164,138.86700439453125,32.25,87.8906021118164,138.86700439453125,32.25,87.8906021118164,138.86700439453125,32.25,dend[107],22.353635261319113,90.1016047000885,144.7311248779297,32.25,58.94386752879753,31.1236660029256
94,90.7470474243164,150.95199584960938,27.142857142857142,90.7470474243164,150.95199584960938,27.142857142857142,90.7470474243164,150.95199584960938,27.142857142857142,dend[108],4.659075415667518,90.2134268624442,151.6739959716797,27.142857142857142,72.45022286729083,38.91215384281357
95,89.64839935302734,152.70999908447266,22.878048780487806,89.64839935302734,152.70999908447266,22.878048780487806,89.64839935302734,152.70999908447266,22.878048780487806,dend[109],27.603637580221314,89.28400458359137,160.22890304937596,22.878048780487806,88.58157936523526,48.14741410962019
96,88.54980087280273,168.09100341796875,24.818181818181817,88.54980087280273,168.09100341796875,24.818181818181817,88.54980087280273,168.09100341796875,24.818181818181817,dend[110],6.224938340279403,87.53108284690164,170.06836353648794,24.818181818181817,105.4958673254856,56.005031525844544
97,85.47364807128906,172.48550415039062,24.25,85.47364807128906,172.48550415039062,24.25,85.47364807128906,172.48550415039062,24.25,dend[111],4.54136456031644,85.74831199645996,173.58399963378906,24.25,110.87901877578354,59.820566997132744
98,86.3525505065918,175.1219940185547,25.0,86.3525505065918,175.1219940185547,25.0,86.3525505065918,175.1219940185547,25.0,dend[112],2.121748677768745,86.04493865966796,175.78119812011718,25.0,114.21057539482612,61.36442020108671
99,85.69339752197266,176.8800048828125,25.5625,85.69339752197266,176.8800048828125,25.5625,85.69339752197266,176.8800048828125,25.5625,dend[113],9.074447213736692,87.20398807525635,179.95606231689453,25.5625,119.80867334057885,64.55476875455376
100,88.76950073242188,183.47149658203125,24.307692307692307,88.76950073242188,183.47149658203125,24.307692307692307,88.76950073242188,183.47149658203125,24.307692307692307,dend[114],8.51512660477427,88.56670849139874,185.61815467247595,24.307692307692307,128.60346024983434,69.7804103144389
101,89.86814880371094,187.86599731445312,22.0,89.86814880371094,187.86599731445312,22.0,89.86814880371094,187.86599731445312,22.0,dend[115],8.944561709917258,92.50487790788922,188.39963858468192,22.0,137.33330440718012,72.34590037037205
102,95.58104705810547,189.18450164794922,20.1,95.58104705810547,189.18450164794922,20.1,95.58104705810547,189.18450164794922,20.1,dend[116],5.785945448105806,97.33885955810547,190.54700317382813,20.1,144.69855798619162,74.37612232963275
103,99.53614807128906,190.9425048828125,21.446153846153845,99.53614807128906,190.9425048828125,21.446153846153845,99.53614807128906,190.9425048828125,21.446153846153845,dend[117],40.27841992594611,111.74278951791617,189.14067922738883,21.446153846153845,167.73074067321758,72.5769043393438
104,122.82699966430664,195.33700561523438,20.0,122.82699966430664,195.33700561523438,20.0,122.82699966430664,195.33700561523438,20.0,dend[118],4.062349668412587,124.36522250705295,195.6545613606771,20.0,189.90112547039698,81.27165430460074
105,126.34249877929688,196.43600463867188,18.675675675675677,126.34249877929688,196.43600463867188,18.675675675675677,126.34249877929688,196.43600463867188,18.675675675675677,dend[119],41.64659161333956,128.973472389015,209.51231157457505,18.675675675675677,212.75559611127304,95.51337085062382
106,58.44729995727539,127.00199890136719,26.15625,58.44729995727539,127.00199890136719,26.15625,58.44729995727539,127.00199890136719,26.15625,dend[120],23.25196877880843,64.55840921401978,124.5300304889679,26.15625,119.45702649456905,45.43455719542651
107,58.44729995727539,127.00199890136719,26.727272727272727,58.44729995727539,127.00199890136719,26.727272727272727,58.44729995727539,127.00199890136719,26.727272727272727,dend[121],5.709584278190206,59.48599069768732,125.56372694535689,26.727272727272727,110.68583424425995,49.78668393429302
108,108.54499816894531,137.5489959716797,33.205882352941174,108.54499816894531,137.5489959716797,33.205882352941174,108.54499816894531,137.5489959716797,33.205882352941174,dend[122],25.499890717240433,103.19388490564683,142.91276505414177,33.205882352941174,49.49367997081064,25.547771744793348
109,99.09669876098633,146.9969940185547,27.391304347826086,99.09669876098633,146.9969940185547,27.391304347826086,99.09669876098633,146.9969940185547,27.391304347826086,dend[123],25.46886566743724,95.43775127245033,155.61417388916016,27.391304347826086,74.97805816314947,40.40337024010403
110,110.74199676513672,140.625,29.86111111111111,110.74199676513672,140.625,29.86111111111111,110.74199676513672,140.625,29.86111111111111,dend[124],23.72762598039233,116.90674993726942,142.7611372205946,29.86111111111111,54.817119815838815,30.053399660589015
111,122.82699966430664,146.33799743652344,27.066666666666666,122.82699966430664,146.33799743652344,27.066666666666666,122.82699966430664,146.33799743652344,27.066666666666666,dend[125],18.448999396300426,128.2763338724772,143.6279317220052,27.066666666666666,75.90543250418519,38.16210303269337
112,134.6925048828125,140.625,26.514285714285716,134.6925048828125,140.625,26.514285714285716,134.6925048828125,140.625,26.514285714285716,dend[126],18.69793623663566,141.94337158203126,143.77645568847657,26.514285714285716,94.47890032065322,48.16992632985069
113,149.63400268554688,146.77699279785156,25.333333333333332,149.63400268554688,146.77699279785156,25.333333333333332,149.63400268554688,146.77699279785156,25.333333333333332,dend[127],10.509191067853111,152.78322177463107,147.97361077202692,25.333333333333332,109.08246397289761,59.17066849031463
114,112.06099700927734,144.14100646972656,30.6,112.06099700927734,144.14100646972656,30.6,112.06099700927734,144.14100646972656,30.6,dend[129],17.37811109151596,114.18459955851237,140.84463246663412,30.6,62.720330854560736,27.22541568863093
115,113.37899780273438,145.45899963378906,28.741935483870968,113.37899780273438,145.45899963378906,28.741935483870968,113.37899780273438,145.45899963378906,28.741935483870968,dend[130],18.532558618641524,109.01277406754032,147.2450955298639,28.741935483870968,65.71736197699194,31.934881630340914
116,115.13700103759766,149.85400390625,25.74074074074074,115.13700103759766,149.85400390625,25.74074074074074,115.13700103759766,149.85400390625,25.74074074074074,dend[131],14.590821719543522,113.15088992648654,154.34577828866463,25.74074074074074,70.07900191442106,40.091303533747315
117,112.71950149536133,160.1804962158203,24.5,112.71950149536133,160.1804962158203,24.5,112.71950149536133,160.1804962158203,24.5,dend[132],5.78532527282005,114.34559936523438,161.9385009765625,24.5,80.26707541060284,47.29622787485893
118,115.57599639892578,164.135498046875,25.88235294117647,115.57599639892578,164.135498046875,25.88235294117647,115.57599639892578,164.135498046875,25.88235294117647,dend[133],8.229451401996023,114.72323653277229,167.4315876680262,25.88235294117647,87.27446374801087,51.51855236388437
119,114.25800323486328,171.16699981689453,25.5,114.25800323486328,171.16699981689453,25.5,114.25800323486328,171.16699981689453,25.5,dend[134],1.0925148607078121,114.25800323486328,171.16699981689453,25.5,91.9354468793628,54.9237809980947
120,114.03800201416016,171.60649871826172,24.75,114.03800201416016,171.60649871826172,24.75,114.03800201416016,171.60649871826172,24.75,dend[135],2.4205252624579137,113.59850120544434,172.04600143432617,24.75,93.69196694094566,55.9056027256363
121,112.93900299072266,172.9250030517578,23.22222222222222,112.93900299072266,172.9250030517578,23.22222222222222,112.93900299072266,172.9250030517578,23.22222222222222,dend[136],11.248153859644582,114.18438932630751,176.19633314344617,23.22222222222222,100.52630650199691,60.35440107310702
122,115.57599639892578,179.51649475097656,21.571428571428573,115.57599639892578,179.51649475097656,21.571428571428573,115.57599639892578,179.51649475097656,21.571428571428573,dend[137],7.360166948131972,117.64785657610211,181.4000723702567,21.571428571428573,109.83046690588519,66.31356073778679
123,120.63000106811523,181.9340057373047,21.22,120.63000106811523,181.9340057373047,21.22,120.63000106811523,181.9340057373047,21.22,dend[138],26.756193828826373,130.57910079956054,184.49124145507812,21.22,126.88864729436438,72.79606023017608
124,129.19900512695312,160.83999633789062,24.66,129.19900512695312,160.83999633789062,24.66,129.19900512695312,160.83999633789062,24.66,dend[139],31.581064864687082,133.65528045654298,168.39846008300782,24.66,103.49472861657684,59.50073579925123
125,142.82200622558594,174.2429962158203,19.302325581395348,142.82200622558594,174.2429962158203,19.302325581395348,142.82200622558594,174.2429962158203,19.302325581395348,dend[140],49.19636591032103,144.48293109272802,191.44315071993097,19.302325581395348,143.88344400408093,85.0903976553011
126,116.01599884033203,151.1719970703125,27.833333333333332,116.01599884033203,151.1719970703125,27.833333333333332,116.01599884033203,151.1719970703125,27.833333333333332,dend[142],7.62418393034577,117.33408292134602,151.7210807800293,27.833333333333332,68.27776899507342,38.02397749523478
127,144.5800018310547,157.76400756835938,25.346153846153847,144.5800018310547,157.76400756835938,25.346153846153847,144.5800018310547,157.76400756835938,25.346153846153847,dend[144],15.89621060992633,142.55184701772836,161.5498492901142,25.346153846153847,112.67252045165691,59.28222972615934
128,144.5800018310547,157.76400756835938,25.4375,144.5800018310547,157.76400756835938,25.4375,144.5800018310547,157.76400756835938,25.4375,dend[145],9.116336242114253,146.09068775177002,159.65881156921387,25.4375,109.28258326775087,60.372257111469686
129,149.1945037841797,160.83999633789062,24.0,149.1945037841797,160.83999633789062,24.0,149.1945037841797,160.83999633789062,24.0,dend[146],2.9990944297497766,150.29299926757812,161.02814374651228,24.0,115.34029860368288,64.67207101859248
130,108.54499816894531,129.63900756835938,37.0,108.54499816894531,129.63900756835938,37.0,108.54499816894531,129.63900756835938,37.0,dend[149],16.62050717245001,109.36104874383835,127.60871414911179,37.0,27.26455536762156,12.923123746396417
131,111.4015007019043,128.10050201416016,31.0,111.4015007019043,128.10050201416016,31.0,111.4015007019043,128.10050201416016,31.0,dend[150],2.742937794926682,112.2803332010905,128.7596689860026,31.0,36.94627785130991,19.49722168396417
132,113.5984992980957,129.19900512695312,31.454545454545453,113.5984992980957,129.19900512695312,31.454545454545453,113.5984992980957,129.19900512695312,31.454545454545453,dend[151],5.409923824633872,115.5761815851385,128.8797246759588,31.454545454545453,41.022708661090185,20.70483427161709
133,117.99300003051758,129.41900634765625,30.75,117.99300003051758,129.41900634765625,30.75,117.99300003051758,129.41900634765625,30.75,dend[152],17.957940709273423,124.32403182983398,130.0232858657837,30.75,52.70664092804383,27.171921740474385
134,130.7375030517578,129.19900512695312,30.0,130.7375030517578,129.19900512695312,30.0,130.7375030517578,129.19900512695312,30.0,dend[153],7.940731089653516,134.0331761977252,129.38012246524588,30.0,65.6559768275073,35.09329583265091
135,137.76850128173828,128.54000091552734,28.355555555555554,137.76850128173828,128.54000091552734,28.355555555555554,137.76850128173828,128.54000091552734,28.355555555555554,dend[154],24.397252719260067,143.9843770345052,130.2443596733941,28.355555555555554,81.82496873196409,44.62014327720139
136,153.58900451660156,130.51800537109375,27.0,153.58900451660156,130.51800537109375,27.0,153.58900451660156,130.51800537109375,27.0,dend[155],2.303927065016197,154.24820251464843,131.0450012207031,27.0,95.17555862410222,54.526896770516935
137,105.02899932861328,76.46479797363281,36.333333333333336,105.02899932861328,76.46479797363281,36.333333333333336,105.02899932861328,76.46479797363281,36.333333333333336,dend[157],29.7060713387676,109.98390152875115,76.49070455513748,36.333333333333336,113.61834709032648,46.9561554036843
138,118.43249893188477,71.8505973815918,37.9,118.43249893188477,71.8505973815918,37.9,118.43249893188477,71.8505973815918,37.9,dend[158],6.99399269242338,119.70710067749023,70.40038986206055,37.9,131.96837910592197,54.41326077636589
139,119.97100067138672,68.3349494934082,40.77272727272727,119.97100067138672,68.3349494934082,40.77272727272727,119.97100067138672,68.3349494934082,40.77272727272727,dend[159],13.840342285913847,119.91086509011008,64.1201997236772,40.77272727272727,142.3855465950906,60.04099038418065
140,121.28900146484375,59.98534965515137,43.483870967741936,121.28900146484375,59.98534965515137,43.483870967741936,121.28900146484375,59.98534965515137,43.483870967741936,dend[160],16.394403948329742,123.28783908967048,53.74086773780085,43.483870967741936,157.5029197122124,70.67854880238812
141,126.56199645996094,47.2411994934082,44.666666666666664,126.56199645996094,47.2411994934082,44.666666666666664,126.56199645996094,47.2411994934082,44.666666666666664,dend[161],9.385052178434686,128.8475336710612,45.468753306070965,44.666666666666664,170.39264777559458,80.12749448019207
142,131.39599609375,42.84669876098633,46.875,131.39599609375,42.84669876098633,46.875,131.39599609375,42.84669876098633,46.875,dend[162],15.092670092020796,133.1359977722168,38.01269165674845,46.875,182.63150891082233,88.50375791850024
143,134.2530059814453,32.73925018310547,48.44444444444444,134.2530059814453,32.73925018310547,48.44444444444444,134.2530059814453,32.73925018310547,48.44444444444444,dend[163],4.618251845614653,135.79100036621094,31.982411490546333,48.44444444444444,192.48696987964007,95.07246897778427
144,137.76850128173828,31.640600204467773,48.35,137.76850128173828,31.640600204467773,48.35,137.76850128173828,31.640600204467773,48.35,dend[164],10.64900661961784,141.72365036010743,31.77245044708252,48.35,200.1205991122563,97.37517978111595
145,146.1179962158203,30.54199981689453,44.24590163934426,146.1179962158203,30.54199981689453,44.24590163934426,146.1179962158203,30.54199981689453,44.24590163934426,dend[165],75.431918125767,167.19746599041048,36.38816156543669,44.24590163934426,243.16106148494873,105.94173419595434
146,100.63500213623047,61.96289825439453,43.642857142857146,100.63500213623047,61.96289825439453,43.642857142857146,100.63500213623047,61.96289825439453,43.642857142857146,dend[166],15.45935553667102,103.601072038923,58.0548928124564,43.642857142857146,132.58556401535475,63.84826689215729
147,104.80949783325195,52.73440170288086,47.292307692307695,104.80949783325195,52.73440170288086,47.292307692307695,104.80949783325195,52.73440170288086,47.292307692307695,dend[167],39.156062326979395,93.27898090069111,50.063854100153996,47.292307692307695,159.89327294717995,72.60020885097559
148,94.04299926757812,60.644500732421875,48.78431372549019,94.04299926757812,60.644500732421875,48.78431372549019,94.04299926757812,60.644500732421875,48.78431372549019,dend[168],62.70675563905131,98.40302598242666,40.66664807936724,48.78431372549019,163.34730487281033,81.357572362537
149,105.46900177001953,66.3573989868164,38.733333333333334,105.46900177001953,66.3573989868164,38.733333333333334,105.46900177001953,66.3573989868164,38.733333333333334,dend[169],6.814056628498449,107.75393371582031,65.18556060791016,38.733333333333334,119.12762848272475,57.356076888921116
150,81.29879760742188,77.34380340576172,40.30434782608695,81.29879760742188,77.34380340576172,40.30434782608695,81.29879760742188,77.34380340576172,40.30434782608695,dend[170],14.218559793380113,81.56631204356317,78.16534888226053,40.30434782608695,106.21519977140812,49.83308425230353
151,84.5947494506836,75.80564880371094,41.42857142857143,84.5947494506836,75.80564880371094,41.42857142857143,84.5947494506836,75.80564880371094,41.42857142857143,dend[171],4.209549983294126,85.69337136404855,75.8998271397182,41.42857142857143,115.42925465974525,49.98290178147373
152,87.23145294189453,75.80564880371094,43.2,87.23145294189453,75.80564880371094,43.2,87.23145294189453,75.80564880371094,43.2,dend[172],9.662083210187031,86.33790130615235,73.7402348836263,43.2,122.36507125648582,51.56393088010729
153,131.39599609375,100.19499969482422,35.3,131.39599609375,100.19499969482422,35.3,131.39599609375,100.19499969482422,35.3,dend[173],5.355604940884324,131.5280975341797,98.65716018676758,35.3,78.68454742537757,37.5466267878163
154,63.28120040893555,110.74199676513672,37.857142857142854,63.28120040893555,110.74199676513672,37.857142857142854,63.28120040893555,110.74199676513672,37.857142857142854,dend[176],32.91179515188306,52.985489300319124,104.22882693154472,37.857142857142854,113.70323876800298,55.3398115220832
155,66.3573989868164,96.24019622802734,39.529411764705884,66.3573989868164,96.24019622802734,39.529411764705884,66.3573989868164,96.24019622802734,39.529411764705884,dend[177],8.421899068909273,65.09076488719268,93.18990460564109,39.529411764705884,123.95497343793852,49.39530401351073
156,69.43360137939453,90.966796875,39.0,69.43360137939453,90.966796875,39.0,69.43360137939453,90.966796875,39.0,dend[178],7.062458633993112,68.71946334838867,88.46740579605103,39.0,129.82288638741824,49.67440154911225
157,68.99410247802734,152.92999267578125,28.0,68.99410247802734,152.92999267578125,28.0,68.99410247802734,152.92999267578125,28.0,dend[180],3.8798341865011086,70.5761703491211,153.58920288085938,28.0,112.38062489386287,50.476620667446646
158,62.40230178833008,159.08200073242188,27.09090909090909,62.40230178833008,159.08200073242188,27.09090909090909,62.40230178833008,159.08200073242188,27.09090909090909,dend[181],5.153722090124165,60.60457264293324,158.52282159978694,27.09090909090909,124.43667115785162,60.82660582447991
159,48.779300689697266,174.46299743652344,27.357142857142858,48.779300689697266,174.46299743652344,27.357142857142858,48.779300689697266,174.46299743652344,27.357142857142858,dend[182],7.7568282545808165,48.65375001089914,172.04592786516463,27.357142857142858,151.44041631230925,77.84305833118135
160,48.33980178833008,175.781005859375,28.666666666666668,48.33980178833008,175.781005859375,28.666666666666668,48.33980178833008,175.781005859375,28.666666666666668,dend[183],13.905594097246542,44.34814167022705,178.93062464396158,28.666666666666668,156.01500164759406,85.13608317235237
161,42.1875,183.03199768066406,27.23076923076923,42.1875,183.03199768066406,27.23076923076923,42.1875,183.03199768066406,27.23076923076923,dend[184],9.061488605434558,42.593146104079025,184.77307833158054,27.23076923076923,167.49854299893462,90.66809878165405
162,43.9453010559082,186.9875030517578,24.625,43.9453010559082,186.9875030517578,24.625,43.9453010559082,186.9875030517578,24.625,dend[185],7.790620405612624,44.52211856842041,190.06343746185303,24.625,175.9245975044582,93.7667236789007
163,45.26369857788086,193.57899475097656,25.22222222222222,45.26369857788086,193.57899475097656,25.22222222222222,45.26369857788086,193.57899475097656,25.22222222222222,dend[186],30.461017582853735,40.706381409256544,200.6020903410735,25.22222222222222,195.0504164986914,103.86725042021025
164,30.981450080871582,204.3459930419922,22.6734693877551,30.981450080871582,204.3459930419922,22.6734693877551,30.981450080871582,204.3459930419922,22.6734693877551,dend[187],30.67009319432602,22.70806736848792,206.80310027453365,22.6734693877551,225.61597188728126,120.61294372081142
165,17.358400344848633,208.95999908447266,17.285714285714285,17.358400344848633,208.95999908447266,17.285714285714285,17.358400344848633,208.95999908447266,17.285714285714285,dend[188],4.947523918956078,16.259771483285085,209.55657305036272,17.285714285714285,243.42478044392232,128.12950354209426
166,50.09769821166992,173.14500427246094,25.541666666666668,50.09769821166992,173.14500427246094,25.541666666666668,50.09769821166992,173.14500427246094,25.541666666666668,dend[189],12.332777920485926,52.93578735987345,176.27566719055176,25.541666666666668,150.696786804949,78.22075342786673
167,70.3125,148.0959930419922,29.0,70.3125,148.0959930419922,29.0,70.3125,148.0959930419922,29.0,dend[190],10.458870119670914,66.117713581432,148.49527393687856,29.0,110.29021681256101,50.34707390098214
168,61.3036994934082,149.1945037841797,29.8,61.3036994934082,149.1945037841797,29.8,61.3036994934082,149.1945037841797,29.8,dend[191],6.170224050671585,59.809569931030275,150.42479858398437,29.8,118.60476389773227,56.015113985311714
169,57.78810119628906,151.61099243164062,30.0,57.78810119628906,151.61099243164062,30.0,57.78810119628906,151.61099243164062,30.0,dend[192],5.561531658507279,55.590816815694176,150.9887466430664,30.0,124.4706417523217,59.65566535454581
170,52.9541015625,149.85400390625,30.71951219512195,52.9541015625,149.85400390625,30.71951219512195,52.9541015625,149.85400390625,30.71951219512195,dend[193],48.961154906165454,37.70186228868438,153.0048545279154,30.71951219512195,151.7319850346581,75.68745935372476
171,74.70700073242188,148.0959930419922,16.674603174603174,74.70700073242188,148.0959930419922,16.674603174603174,74.70700073242188,148.0959930419922,16.674603174603174,dend[196],89.64799747408945,54.42940799773685,155.95701587010944,16.674603174603174,145.0681620379771,68.06363777981855
172,122.60700225830078,90.08789825439453,34.13636363636363,122.60700225830078,90.08789825439453,34.13636363636363,122.60700225830078,90.08789825439453,34.13636363636363,dend[197],10.802258779338516,126.44259192726828,91.82572347467595,34.13636363636363,116.14123907449586,39.418291189406766
173,118.21299743652344,91.40619659423828,34.93333333333333,118.21299743652344,91.40619659423828,34.93333333333333,118.21299743652344,91.40619659423828,34.93333333333333,dend[198],9.862954426938822,115.78126627604166,90.58591969807942,34.93333333333333,110.73172806872294,35.445292581565845
174,113.81800079345703,94.9218978881836,35.59090909090909,113.81800079345703,94.9218978881836,35.59090909090909,113.81800079345703,94.9218978881836,35.59090909090909,dend[199],10.983288496829127,109.62354555996981,95.06170238148083,35.59090909090909,104.92614847542986,29.681726952582366
175,115.57599639892578,92.28520202636719,33.46666666666667,115.57599639892578,92.28520202636719,33.46666666666667,115.57599639892578,92.28520202636719,33.46666666666667,dend[200],15.612221180295439,118.22756525675456,97.3095698038737,33.46666666666667,110.60555473637707,31.33545977960739
176,121.72899627685547,103.49100112915039,30.8,121.72899627685547,103.49100112915039,30.8,121.72899627685547,103.49100112915039,30.8,dend[201],20.660006248852216,123.45344829559326,111.2804750442505,30.8,128.74166845095093,27.299849573858722
177,121.72899627685547,90.08789825439453,34.642857142857146,121.72899627685547,90.08789825439453,34.642857142857146,121.72899627685547,90.08789825439453,34.642857142857146,dend[202],7.29515850066408,119.40571430751255,90.46455492292132,34.642857142857146,113.50968295371332,36.955354258123236
178,104.58999633789062,103.71099853515625,32.75,104.58999633789062,103.71099853515625,32.75,104.58999633789062,103.71099853515625,32.75,dend[203],11.420086294775645,106.28189888000489,107.072749710083,32.75,84.3239216153422,20.894775860119452
179,106.78700256347656,110.96199798583984,32.6,106.78700256347656,110.96199798583984,32.6,106.78700256347656,110.96199798583984,32.6,dend[204],5.518853040268443,107.797900390625,109.37980041503906,32.6,92.79339128286422,19.64616895897226
180,109.64350128173828,107.44649887084961,32.64705882352941,109.64350128173828,107.44649887084961,32.64705882352941,109.64350128173828,107.44649887084961,32.64705882352941,dend[205],9.406924686492841,112.34488229190602,104.40899927475873,32.64705882352941,100.25628014624489,24.135595718354892
181,30.761699676513672,110.74199676513672,37.857142857142854,30.761699676513672,110.74199676513672,37.857142857142854,30.761699676513672,110.74199676513672,37.857142857142854,dend[208],7.381976732234912,32.17423575265067,108.41935729980469,37.857142857142854,173.84346261262363,74.25229440977662
182,33.83789825439453,114.25800323486328,35.36363636363637,33.83789825439453,114.25800323486328,35.36363636363637,33.83789825439453,114.25800323486328,35.36363636363637,dend[209],5.239289312975301,32.15998164090243,114.2976372458718,35.36363636363637,166.35522244484272,73.80536287332674
183,44.38479995727539,116.45500183105469,34.61538461538461,44.38479995727539,116.45500183105469,34.61538461538461,44.38479995727539,116.45500183105469,34.61538461538461,dend[210],6.503621931117328,43.370677067683296,117.97623150165265,34.61538461538461,148.89279007104975,62.66131873578038
184,42.407249450683594,120.63000106811523,34.8,42.407249450683594,120.63000106811523,34.8,42.407249450683594,120.63000106811523,34.8,dend[211],12.55973120479632,41.99412048339844,125.64844085693359,34.8,158.4244666390066,63.973627902187374
185,82.17769622802734,149.85400390625,27.771428571428572,82.17769622802734,149.85400390625,27.771428571428572,82.17769622802734,149.85400390625,27.771428571428572,dend[214],21.606409387150855,82.59206324986049,156.74668666294642,27.771428571428572,75.4116609669815,45.77119410303683
186,81.07909774780273,162.1580047607422,25.714285714285715,81.07909774780273,162.1580047607422,25.714285714285715,81.07909774780273,162.1580047607422,25.714285714285715,dend[215],11.004304457069022,77.80413854689826,163.24633425757997,25.714285714285715,91.71701788909145,53.95011892176716
187,75.58589935302734,165.89350128173828,23.887096774193548,75.58589935302734,165.89350128173828,23.887096774193548,75.58589935302734,165.89350128173828,23.887096774193548,dend[216],78.74937237838661,64.38342358989101,185.0770470403856,23.887096774193548,136.59385630681928,78.6088111786753
188,65.03910064697266,165.23399353027344,28.434782608695652,65.03910064697266,165.23399353027344,28.434782608695652,65.03910064697266,165.23399353027344,28.434782608695652,dend[218],26.07023050214396,56.05893276048743,163.68674037767494,28.434782608695652,112.76391590789068,66.88354983187818
189,48.55955123901367,163.69650268554688,31.0,48.55955123901367,163.69650268554688,31.0,48.55955123901367,163.69650268554688,31.0,dend[219],2.9763307397637533,48.33982563018799,163.2570037841797,31.0,127.28719652884453,71.79816086803926
190,47.68064880371094,162.3780059814453,31.30392156862745,47.68064880371094,162.3780059814453,31.30392156862745,47.68064880371094,162.3780059814453,31.30392156862745,dend[220],62.542551973908374,28.702320173674938,170.1459227917241,31.30392156862745,160.0466378856806,91.42365334880193
191,89.64839935302734,187.64599609375,23.62686567164179,89.64839935302734,187.64599609375,23.62686567164179,89.64839935302734,187.64599609375,23.62686567164179,dend[221],36.82357676151318,76.59601797986386,186.24294201295768,23.62686567164179,151.27281193297804,74.21649662639472
192,126.12300109863281,196.43600463867188,19.27027027027027,126.12300109863281,196.43600463867188,19.27027027027027,126.12300109863281,196.43600463867188,19.27027027027027,dend[223],18.954434608201655,125.13716146108267,203.51435068491344,19.27027027027027,201.40951760870408,88.88166985512589
193,122.60700225830078,195.11700439453125,20.0,122.60700225830078,195.11700439453125,20.0,122.60700225830078,195.11700439453125,20.0,dend[224],6.002187697619595,123.83149991716657,197.56557246616907,20.0,190.87104448500045,82.88695468041384
194,85.69339752197266,176.66000366210938,22.555555555555557,85.69339752197266,176.66000366210938,22.555555555555557,85.69339752197266,176.66000366210938,22.555555555555557,dend[225],12.368078673356806,83.52050569322374,179.9804441663954,22.555555555555557,121.45548907038891,66.72811359175198
195,82.61720275878906,183.91099548339844,21.823529411764707,82.61720275878906,183.91099548339844,21.823529411764707,82.61720275878906,183.91099548339844,21.823529411764707,dend[226],8.315770603496722,83.65119530172909,187.20700073242188,21.823529411764707,131.79741370881567,73.33219789549997
196,86.57230377197266,174.90199279785156,23.636363636363637,86.57230377197266,174.90199279785156,23.636363636363637,86.57230377197266,174.90199279785156,23.636363636363637,dend[227],23.180295904343822,95.27143183621493,174.08324709805575,23.636363636363637,124.73984900811367,58.236330780965616
197,88.76950073242188,183.2519989013672,23.45,88.76950073242188,183.2519989013672,23.45,88.76950073242188,183.2519989013672,23.45,dend[228],10.211748683971155,91.01072959899902,180.1757484436035,23.45,129.45177128943277,64.59319623495898
198,95.36129760742188,188.96499633789062,20.923076923076923,95.36129760742188,188.96499633789062,20.923076923076923,95.36129760742188,188.96499633789062,20.923076923076923,dend[229],6.9529503940025545,97.49097618689903,187.81553767277643,20.923076923076923,145.28206045914,71.53320510442907
199,89.64839935302734,152.49000549316406,26.7,89.64839935302734,152.49000549316406,26.7,89.64839935302734,152.49000549316406,26.7,dend[230],5.71973083645683,88.06640090942383,152.66599884033204,26.7,77.63962599335302,40.73028934296873
200,90.966796875,150.73199462890625,26.75,90.966796875,150.73199462890625,26.75,90.966796875,150.73199462890625,26.75,dend[231],4.573513720488708,92.12036228179932,151.3914966583252,26.75,72.40744201970143,38.240669233669315
201,88.76950073242188,167.87100219726562,24.454545454545453,88.76950073242188,167.87100219726562,24.454545454545453,88.76950073242188,167.87100219726562,24.454545454545453,dend[232],12.276612915497287,92.30512688376687,169.0097295587713,24.454545454545453,108.52170461309456,53.96398242274137
202,85.69339752197266,172.26600646972656,24.59090909090909,85.69339752197266,172.26600646972656,24.59090909090909,85.69339752197266,172.26600646972656,24.59090909090909,dend[233],13.389084392805758,85.45365975119851,174.56277465820312,24.59090909090909,115.3028786920282,60.63264982745126
203,99.31639862060547,191.16200256347656,20.245283018867923,99.31639862060547,191.16200256347656,20.245283018867923,99.31639862060547,191.16200256347656,20.245283018867923,dend[234],29.988871397602136,88.844154501861,194.73583350991302,20.245283018867923,162.5859664090456,79.45214722534874
204,99.31639862060547,147.2169952392578,24.916666666666668,99.31639862060547,147.2169952392578,24.916666666666668,99.31639862060547,147.2169952392578,24.916666666666668,dend[235],9.487385287780446,101.33055814107259,147.39982986450195,24.916666666666668,66.98731797332107,34.302918684639465
205,134.47300720214844,140.625,28.0,134.47300720214844,140.625,28.0,134.47300720214844,140.625,28.0,dend[245],5.743732998950076,135.3178487924429,138.42769211989182,28.0,88.00179870181043,40.028072442340424
206,137.32899475097656,136.010498046875,27.583333333333332,137.32899475097656,136.010498046875,27.583333333333332,137.32899475097656,136.010498046875,27.583333333333332,dend[246],29.56589582833199,145.69706185658774,131.84508403142294,27.583333333333332,105.65661311545146,46.783498451425984
207,156.44500732421875,149.41400146484375,23.642857142857142,156.44500732421875,149.41400146484375,23.642857142857142,156.44500732421875,149.41400146484375,23.642857142857142,dend[249],17.433926793067005,157.85775211879186,153.38485663277763,23.642857142857142,123.05402290335768,66.38317835709482
208,115.57599639892578,179.2969970703125,21.46153846153846,115.57599639892578,179.2969970703125,21.46153846153846,115.57599639892578,179.2969970703125,21.46153846153846,dend[251],5.935845128624263,114.62953714224008,181.1561537522536,21.46153846153846,109.11830599613133,65.60772148365541
209,120.41000366210938,181.9340057373047,20.38095238095238,120.41000366210938,181.9340057373047,20.38095238095238,120.41000366210938,181.9340057373047,20.38095238095238,dend[252],9.816612070069516,124.38614291236514,180.8453826904297,20.38095238095238,118.41885641498592,67.9437927482121
210,112.5,159.96099853515625,24.272727272727273,112.5,159.96099853515625,24.272727272727273,112.5,159.96099853515625,24.272727272727273,dend[253],5.33631409971242,111.7010005604137,161.75872802734375,24.272727272727273,80.04256982404902,46.779818312564466
211,115.57599639892578,163.91600036621094,24.692307692307693,115.57599639892578,163.91600036621094,24.692307692307693,115.57599639892578,163.91600036621094,24.692307692307693,dend[254],7.4021398704521095,117.80723043588492,165.16669170673077,24.692307692307693,86.86080798223892,50.76858360321473
212,114.25800323486328,170.94700622558594,25.363636363636363,114.25800323486328,170.94700622558594,25.363636363636363,114.25800323486328,170.94700622558594,25.363636363636363,dend[255],5.7100499442235915,112.5,170.34781716086647,25.363636363636363,94.24421442112069,53.95779868055081
213,112.93900299072266,172.7050018310547,24.0,112.93900299072266,172.7050018310547,24.0,112.93900299072266,172.7050018310547,24.0,dend[256],2.8182565656218044,111.84074974060059,172.86987686157227,24.0,96.31135785498552,56.70090431988792
214,142.82200622558594,174.0229949951172,18.62037037037037,142.82200622558594,174.0229949951172,18.62037037037037,142.82200622558594,174.0229949951172,18.62037037037037,dend[257],64.68838715040303,161.47460174560547,182.66601887455693,18.62037037037037,151.62945462412193,88.1947720165769
215,151.61099243164062,160.83999633789062,22.666666666666668,151.61099243164062,160.83999633789062,22.666666666666668,151.61099243164062,160.83999633789062,22.666666666666668,dend[259],7.15495811325296,152.92975107828775,158.82566706339517,22.666666666666668,120.41732487518425,65.7792424922203
216,117.77300262451172,129.19900512695312,31.2,117.77300262451172,129.19900512695312,31.2,117.77300262451172,129.19900512695312,31.2,dend[260],6.996074788505631,116.86546478271484,126.59173380533854,31.2,47.225707967659936,20.968818058671246
217,130.51800537109375,129.19900512695312,30.833333333333332,130.51800537109375,129.19900512695312,30.833333333333332,130.51800537109375,129.19900512695312,30.833333333333332,dend[261],63.85071314157502,140.2318080433628,109.43154365138004,30.833333333333332,93.61096785346804,41.24786045598697
218,137.5489959716797,128.75999450683594,29.0,137.5489959716797,128.75999450683594,29.0,137.5489959716797,128.75999450683594,29.0,dend[262],6.255971608911302,138.58763816139916,126.96199937300248,29.0,72.75432817678971,39.05997433016816
219,155.1269989013672,131.83599853515625,26.1,155.1269989013672,131.83599853515625,26.1,155.1269989013672,131.83599853515625,26.1,dend[264],11.41929364111361,155.50054855346679,135.5932502746582,26.1,102.03716897716713,56.9371118539146
220,153.36900329589844,130.51800537109375,26.767441860465116,153.36900329589844,130.51800537109375,26.767441860465116,153.36900329589844,130.51800537109375,26.767441860465116,dend[265],24.26962037795729,161.46325648108194,128.0546523692996,26.767441860465116,106.15840528057278,60.869751085617565
221,113.37899780273438,129.19900512695312,30.2,113.37899780273438,129.19900512695312,30.2,113.37899780273438,129.19900512695312,30.2,dend[266],7.2758485095264245,114.52139841715494,131.86520182291667,30.2,41.955671003536466,22.35453483552849
222,111.18199920654297,127.88099670410156,31.0,111.18199920654297,127.88099670410156,31.0,111.18199920654297,127.88099670410156,31.0,dend[267],6.363177632332534,109.50372730601917,128.28045376864347,31.0,38.75639777001284,18.401297870204452
223,118.21299743652344,72.07029724121094,38.857142857142854,118.21299743652344,72.07029724121094,38.857142857142854,118.21299743652344,72.07029724121094,38.857142857142854,dend[268],7.104006397857901,118.68364334106445,74.51869310651507,38.857142857142854,132.02338595863924,50.07194761919802
224,119.97100067138672,68.55470275878906,38.972972972972975,119.97100067138672,68.55470275878906,38.972972972972975,119.97100067138672,68.55470275878906,38.972972972972975,dend[269],19.886094905790607,125.84989248739707,69.61175887649124,38.972972972972975,145.40842290502897,56.97939947970539
225,121.28900146484375,60.205101013183594,42.0,121.28900146484375,60.205101013183594,42.0,121.28900146484375,60.205101013183594,42.0,dend[270],4.683418509759349,123.0868183482777,59.80558117953214,42.0,151.6474269929272,64.91217688852122
226,126.56199645996094,47.460899353027344,44.142857142857146,126.56199645996094,47.460899353027344,44.142857142857146,126.56199645996094,47.460899353027344,44.142857142857146,dend[271],8.51605299685341,125.21264157976422,45.29506410871233,44.142857142857146,169.95814818480397,79.29032467996522
227,131.39599609375,43.06639862060547,44.54545454545455,131.39599609375,43.06639862060547,44.54545454545455,131.39599609375,43.06639862060547,44.54545454545455,dend[272],17.09133423189263,136.28363545735678,47.95366356589577,44.54545454545455,183.63084098075825,80.40089962574815
228,134.0330047607422,32.95899963378906,48.45454545454545,134.0330047607422,32.95899963378906,48.45454545454545,134.0330047607422,32.95899963378906,48.45454545454545,dend[273],5.238506259403435,132.2753642689098,32.839127107100055,48.45454545454545,192.79709708653445,93.15871476028174
229,137.5489959716797,31.640600204467773,48.0,137.5489959716797,31.640600204467773,48.0,137.5489959716797,31.640600204467773,48.0,dend[274],4.683354804946089,137.98836309259588,29.842863603071734,48.0,197.13777320492042,97.82108254101749
230,145.8979949951172,30.761699676513672,48.03030303030303,145.8979949951172,30.761699676513672,48.03030303030303,145.8979949951172,30.761699676513672,48.03030303030303,dend[275],18.406483435249953,144.83299671519887,24.303090875799004,48.03030303030303,214.64834413969018,105.46344397542468
231,105.02899932861328,52.73440170288086,45.214285714285715,105.02899932861328,52.73440170288086,45.214285714285715,105.02899932861328,52.73440170288086,45.214285714285715,dend[276],7.659380852034465,106.53592899867466,50.28600011553083,45.214285714285715,144.1449322097075,71.55661927606143
232,87.01170349121094,76.02539825439453,39.904761904761905,87.01170349121094,76.02539825439453,39.904761904761905,87.01170349121094,76.02539825439453,39.904761904761905,dend[277],12.5875341333934,90.82030995686848,77.53209032331195,39.904761904761905,123.82779671808902,46.95371789303043
233,84.375,76.02539825439453,47.73770491803279,84.375,76.02539825439453,47.73770491803279,84.375,76.02539825439453,47.73770491803279,dend[278],41.80381379606591,77.28611342633357,65.23357366343014,47.73770491803279,134.22638656613117,62.787249000651485
234,72.2900505065918,52.51465034484863,48.875,72.2900505065918,52.51465034484863,48.875,72.2900505065918,52.51465034484863,48.875,dend[279],17.017760822134633,73.38867473602295,48.26660410563151,48.875,163.6371738752314,79.86676245095602
235,42.1875,182.81199645996094,27.5,42.1875,182.81199645996094,27.5,42.1875,182.81199645996094,27.5,dend[280],13.992921591600446,36.67863586970738,182.37289319719588,27.5,169.96425949201756,93.17410089067258
236,45.26369857788086,193.35899353027344,25.753846153846155,45.26369857788086,193.35899353027344,25.753846153846155,45.26369857788086,193.35899353027344,25.753846153846155,dend[281],34.96289446135265,32.05979690551758,192.00713853102465,25.753846153846155,197.30135493794086,103.2627754119785
237,43.9453010559082,186.76800537109375,25.0,43.9453010559082,186.76800537109375,25.0,43.9453010559082,186.76800537109375,25.0,dend[282],7.426874415172864,41.171262979507446,185.39425468444824,25.0,175.74272450923834,92.59060576864653
238,31.201200485229492,204.3459930419922,25.333333333333332,31.201200485229492,204.3459930419922,25.333333333333332,31.201200485229492,204.3459930419922,25.333333333333332,dend[283],8.861018214942858,33.398433685302734,206.76283264160156,25.333333333333332,214.7114343975897,113.04669611095305
239,61.523399353027344,148.97500610351562,30.51923076923077,61.523399353027344,148.97500610351562,30.51923076923077,61.523399353027344,148.97500610351562,30.51923076923077,dend[285],28.382589846090355,51.11178075350248,145.19703791691705,30.51923076923077,129.71094679544166,60.78632098426877
240,53.17380142211914,149.85400390625,34.57746478873239,53.17380142211914,149.85400390625,34.57746478873239,53.17380142211914,149.85400390625,34.57746478873239,dend[286],82.81249249019457,30.36249577579364,137.16505808225818,34.57746478873239,168.65765382667263,76.88451521443513
241,58.0078010559082,151.61099243164062,25.308641975308642,58.0078010559082,151.61099243164062,25.308641975308642,58.0078010559082,151.61099243164062,25.308641975308642,dend[287],54.99558767380334,52.14844211531274,163.22694943274982,25.308641975308642,149.18766975996974,70.41850647190478
242,121.72899627685547,103.27100372314453,31.3,121.72899627685547,103.27100372314453,31.3,121.72899627685547,103.27100372314453,31.3,dend[288],15.053891939039453,127.58789952596028,103.24210052490234,31.3,125.93861129604453,33.696145782429696
243,106.78700256347656,111.18199920654297,32.095238095238095,106.78700256347656,111.18199920654297,32.095238095238095,106.78700256347656,111.18199920654297,32.095238095238095,dend[289],10.929760864302155,105.00828588576545,114.42523810977028,32.095238095238095,95.4988451948811,17.07053876774071
244,42.62699890136719,120.41000366210938,34.46153846153846,42.62699890136719,120.41000366210938,34.46153846153846,42.62699890136719,120.41000366210938,34.46153846153846,dend[293],6.952827580045995,40.395884587214546,120.95123056265024,34.46153846153846,155.6210148266314,65.49538457223039
245,37.792999267578125,121.9484977722168,34.72222222222222,37.792999267578125,121.9484977722168,34.72222222222222,37.792999267578125,121.9484977722168,34.72222222222222,dend[294],9.482406675754767,36.010739432440865,125.34177737765842,34.72222222222222,163.8386319545318,69.83574931553255
246,48.33980178833008,147.2169952392578,25.1,48.33980178833008,147.2169952392578,25.1,48.33980178833008,147.2169952392578,25.1,dend[295],50.15652180700467,35.722042775154115,138.27398719787598,25.1,141.9167218206014,74.25943771352264
247,42.407249450683594,197.31399536132812,13.375,42.407249450683594,197.31399536132812,13.375,42.407249450683594,197.31399536132812,13.375,dend[297],13.040168293036176,38.140862464904785,200.28070704142252,13.375,189.40086086620735,108.35232656659133
248,75.58589935302734,165.6739959716797,26.46153846153846,75.58589935302734,165.6739959716797,26.46153846153846,75.58589935302734,165.6739959716797,26.46153846153846,dend[298],7.584231061440171,74.43659268892728,163.4765390249399,26.46153846153846,101.01128564834603,55.58255412490797
249,47.90039825439453,162.59800720214844,32.0,47.90039825439453,162.59800720214844,32.0,47.90039825439453,162.59800720214844,32.0,dend[300],5.744825350715416,48.74549190814678,160.87361497145432,32.0,131.6477745740841,69.8962917079205
250,48.33980178833008,163.91600036621094,29.392857142857142,48.33980178833008,163.91600036621094,29.392857142857142,48.33980178833008,163.91600036621094,29.392857142857142,dend[301],16.20715809051311,46.064092363630024,158.70539365495955,29.392857142857142,133.90261020421926,71.51818420488901
251,43.06639862060547,155.78599548339844,29.857142857142858,43.06639862060547,155.78599548339844,29.857142857142858,43.06639862060547,155.78599548339844,29.857142857142858,dend[302],3.6539128474187574,42.12471389770508,156.1941419328962,29.857142857142858,143.83314567318516,73.45491292624577
252,40.64939880371094,157.10449981689453,30.0,40.64939880371094,157.10449981689453,30.0,40.64939880371094,157.10449981689453,30.0,dend[303],3.6222595092532908,39.60570001602173,158.09350395202637,30.0,147.4712318515212,76.45863245776806
253,82.61720275878906,183.6909942626953,19.25,82.61720275878906,183.6909942626953,19.25,82.61720275878906,183.6909942626953,19.25,dend[304],8.074091410563362,80.96924146016438,183.50808080037436,19.25,131.676574112349,71.87110099366679
254,72.2900505065918,193.13949584960938,15.25,72.2900505065918,193.13949584960938,15.25,72.2900505065918,193.13949584960938,15.25,dend[306],2.238398295144497,72.0703239440918,193.57899856567383,15.25,153.29687965847606,85.15576377726595
255,71.63089752197266,194.45800018310547,17.766666666666666,71.63089752197266,194.45800018310547,17.766666666666666,71.63089752197266,194.45800018310547,17.766666666666666,dend[307],18.351241560818597,69.59472961425782,199.0575678507487,17.766666666666666,163.59169958645762,89.88517538780026
256,65.69824981689453,202.58799743652344,20.253521126760564,65.69824981689453,202.58799743652344,20.253521126760564,65.69824981689453,202.58799743652344,20.253521126760564,dend[308],43.29045202419331,51.08178168283382,208.56694202691736,20.253521126760564,194.41254637896358,105.52621219041015
257,41.088850021362305,217.7490005493164,20.666666666666668,41.088850021362305,217.7490005493164,20.666666666666668,41.088850021362305,217.7490005493164,20.666666666666668,dend[309],6.846125426213637,43.13965002695719,219.68991724650064,20.666666666666668,219.48083510416708,118.6618328047479
258,45.4833984375,221.48399353027344,20.791666666666668,45.4833984375,221.48399353027344,20.791666666666668,45.4833984375,221.48399353027344,20.791666666666668,dend[310],14.52590762629443,50.31738328933716,221.2278289794922,20.791666666666668,230.16685163042112,116.39171003796629
259,104.58999633789062,173.14500427246094,23.607142857142858,104.58999633789062,173.14500427246094,23.607142857142858,104.58999633789062,173.14500427246094,23.607142857142858,dend[311],15.81505626008551,100.5248887198312,168.15364292689733,23.607142857142858,144.23752509032835,52.32187609564305
260,106.3479995727539,154.68800354003906,21.80952380952381,106.3479995727539,154.68800354003906,21.80952380952381,106.3479995727539,154.68800354003906,21.80952380952381,dend[317],27.95766139807788,101.54503758748372,156.16295333135696,21.80952380952381,102.97550369665761,43.02469390679148
261,137.10899353027344,136.22999572753906,27.214285714285715,137.10899353027344,136.22999572753906,27.214285714285715,137.10899353027344,136.22999572753906,27.214285714285715,dend[320],6.835247728331808,135.00628662109375,134.94335719517298,27.214285714285715,94.29128906545138,38.86596714332774
262,153.8090057373047,125.24400329589844,29.214285714285715,153.8090057373047,125.24400329589844,29.214285714285715,153.8090057373047,125.24400329589844,29.214285714285715,dend[321],56.623737157919855,163.88018378432915,108.72877728209204,29.214285714285715,148.7514296085774,63.41489817035575
263,72.50980377197266,52.73440170288086,51.0,72.50980377197266,52.73440170288086,51.0,72.50980377197266,52.73440170288086,51.0,dend[324],6.880482356762395,69.62585592269897,52.43226933479309,51.0,158.56853464254527,77.73571045611746
264,111.62100219726562,107.22699737548828,24.551020408163264,111.62100219726562,107.22699737548828,24.551020408163264,111.62100219726562,107.22699737548828,24.551020408163264,dend[325],66.92703031233357,109.06510193493901,121.93030625946668,24.551020408163264,135.4412555438876,23.37882725587585
265,37.792999267578125,121.72899627685547,31.192307692307693,37.792999267578125,121.72899627685547,31.192307692307693,37.792999267578125,121.72899627685547,31.192307692307693,dend[327],19.50218515860981,32.85758084517259,122.57372958843524,31.192307692307693,168.84852119595934,73.55228984116904
266,28.56450080871582,125.4640007019043,33.0,28.56450080871582,125.4640007019043,33.0,28.56450080871582,125.4640007019043,33.0,dend[328],3.6222190831881966,28.234887838363647,126.78212547302246,33.0,180.41072331685834,77.86591104615414
267,40.86909866333008,156.88499450683594,32.1578947368421,40.86909866333008,156.88499450683594,32.1578947368421,40.86909866333008,156.88499450683594,32.1578947368421,dend[331],28.313187209300107,28.996194739090768,157.17779032389322,32.1578947368421,159.8166957015446,84.85622626944549
268,16.47949981689453,158.64300537109375,35.32142857142857,16.47949981689453,158.64300537109375,35.32142857142857,16.47949981689453,158.64300537109375,35.32142857142857,dend[332],16.542232294988516,11.410085729190282,162.75460651942663,35.32142857142857,182.24440545368893,102.503947037105
269,43.06639862060547,155.5659942626953,29.761904761904763,43.06639862060547,155.5659942626953,29.761904761904763,43.06639862060547,155.5659942626953,29.761904761904763,dend[333],12.126467141829895,39.5717046828497,153.32728576660156,29.761904761904763,148.0694228203907,74.39948635606233
270,40.86909866333008,217.5290069580078,22.37037037037037,40.86909866333008,217.5290069580078,22.37037037037037,40.86909866333008,217.5290069580078,22.37037037037037,dend[334],15.854572084100104,35.93749632658782,220.03570443612557,22.37037037037037,223.9850584331103,122.46131406672743
271,45.26369857788086,221.48399353027344,20.454545454545453,45.26369857788086,221.48399353027344,20.454545454545453,45.26369857788086,221.48399353027344,20.454545454545453,dend[335],5.604536630797217,43.785517952658914,222.80272882634944,20.454545454545453,225.7061661326725,120.96428325977034
272,65.91799926757812,202.58799743652344,21.681818181818183,65.91799926757812,202.58799743652344,21.681818181818183,65.91799926757812,202.58799743652344,21.681818181818183,dend[336],12.738575401054819,68.83434052900834,206.18345364657316,21.681818181818183,179.13660806739435,95.22500853091749
273,72.7295036315918,210.27850341796875,19.8,72.7295036315918,210.27850341796875,19.8,72.7295036315918,210.27850341796875,19.8,dend[337],25.89186274157069,73.91601810455322,216.62834930419922,19.8,198.4518271387071,103.45693585977955
274,78.66210174560547,185.00999450683594,16.0,78.66210174560547,185.00999450683594,16.0,78.66210174560547,185.00999450683594,16.0,dend[340],12.897272194909968,81.77649091637653,188.56360858419666,16.0,142.16225591508567,77.27770968466203
275,28.56450080871582,125.24400329589844,35.59375,28.56450080871582,125.24400329589844,35.59375,28.56450080871582,125.24400329589844,35.59375,dend[342],20.72725381779119,23.59314376115799,120.50628161430359,35.59375,188.96324068415984,81.86263548733106
276,27.2460994720459,128.32000732421875,36.945945945945944,27.2460994720459,128.32000732421875,36.945945945945944,27.2460994720459,128.32000732421875,36.945945945945944,dend[343],22.9371206400161,20.68993243655643,132.88110928922086,36.945945945945944,193.69039317846048,85.2725759956905
277,16.25979995727539,139.96600341796875,35.72727272727273,16.25979995727539,139.96600341796875,35.72727272727273,16.25979995727539,139.96600341796875,35.72727272727273,dend[344],5.314706551347573,16.4595271023837,141.94336353648794,35.72727272727273,207.8163067741423,91.15693118973795
278,16.04005002975464,144.36050415039062,35.23076923076923,16.04005002975464,144.36050415039062,35.23076923076923,16.04005002975464,144.36050415039062,35.23076923076923,dend[345],7.285383839466231,13.927276831406813,146.27030710073618,35.23076923076923,214.11635196954924,94.69643708402175
279,16.699199676513672,158.64300537109375,31.571428571428573,16.699199676513672,158.64300537109375,31.571428571428573,16.699199676513672,158.64300537109375,31.571428571428573,dend[347],7.47726007737762,14.250835691179548,156.94757407052177,31.571428571428573,177.71191934488346,98.22931682148908
280,72.50980377197266,210.0590057373047,21.25,72.50980377197266,210.0590057373047,21.25,72.50980377197266,210.0590057373047,21.25,dend[348],28.969746810177313,82.8200139265794,211.689634176401,21.25,199.99076917301042,96.1558094782914
281,16.25979995727539,139.74600219726562,35.0,16.25979995727539,139.74600219726562,35.0,16.25979995727539,139.74600219726562,35.0,dend[349],16.321573505745953,9.915162205696106,139.93862867355347,35.0,213.31974025134153,97.19344794845834
