angle_deg,synapse_index,onset_time_ms,is_fired
0,0,111.9950,0
0,1,102.6800,0
0,2,100.0700,0
0,3,100.0000,1
0,4,103.0600,0
0,5,100.0000,1
0,6,111.7400,0
0,7,112.1300,0
0,8,113.2250,0
0,9,100.0000,1
0,10,103.7450,0
0,11,100.0450,0
0,12,100.0000,1
0,13,100.0000,1
0,14,112.2850,0
0,15,100.0000,1
0,16,100.5500,0
0,17,116.0550,0
0,18,108.2600,0
0,19,121.8750,0
0,20,100.0000,1
0,21,101.0600,0
0,22,118.8750,0
0,23,113.3950,0
0,24,116.2600,0
0,25,111.5400,0
0,26,100.0000,1
0,27,100.0000,1
0,28,110.1000,0
0,29,109.6450,0
0,30,107.9850,0
0,31,106.5350,0
0,32,100.0000,1
0,33,107.4200,0
0,34,109.3000,0
0,35,110.9650,0
0,36,122.1700,0
0,37,100.0000,1
0,38,100.0000,1
0,39,113.2050,0
0,40,100.0550,0
0,41,109.2200,0
0,42,105.0100,0
0,43,108.6250,0
0,44,104.0300,0
0,45,100.0000,1
0,46,100.0000,1
0,47,113.6200,0
0,48,100.0000,1
0,49,102.7400,0
0,50,116.2200,0
0,51,100.0000,1
0,52,100.0000,1
0,53,111.3350,0
0,54,108.3400,0
0,55,100.0000,1
0,56,130.8650,0
0,57,100.9950,0
0,58,100.0000,1
0,59,106.2250,0
0,60,112.2550,0
0,61,102.9000,0
0,62,100.0000,1
0,63,100.3800,0
0,64,108.3950,0
0,65,119.3500,0
0,66,100.0000,1
0,67,100.0000,1
0,68,117.6050,0
0,69,100.3250,0
0,70,113.7700,0
0,71,100.0000,1
0,72,133.7550,0
0,73,100.0000,1
0,74,107.4700,0
0,75,124.1050,0
0,76,112.5050,0
0,77,100.0000,1
0,78,100.0000,1
0,79,119.4300,0
0,80,104.7300,0
0,81,109.3500,0
0,82,111.2250,0
0,83,115.6950,0
0,84,120.8750,0
0,85,117.7350,0
0,86,104.8350,0
0,87,100.0000,1
0,88,100.0000,1
0,89,111.6150,0
0,90,100.0000,1
0,91,100.0000,1
0,92,100.0000,1
0,93,100.4750,0
0,94,100.0000,1
0,95,100.0000,1
0,96,100.0000,1
0,97,100.0000,1
0,98,100.0000,1
0,99,102.6600,0
30,0,110.6730,0
30,1,101.8459,0
30,2,113.8556,0
30,3,100.3847,0
30,4,100.0000,1
30,5,100.0000,1
30,6,110.4471,0
30,7,108.0499,0
30,8,104.9807,0
30,9,100.0000,1
30,10,100.0000,1
30,11,100.1165,0
30,12,100.0000,1
30,13,110.7925,0
30,14,108.2216,0
30,15,103.2447,0
30,16,100.0000,1
30,17,107.6140,0
30,18,117.5059,0
30,19,123.2318,0
30,20,108.4063,0
30,21,107.1630,0
30,22,122.9087,0
30,23,108.7754,0
30,24,112.3616,0
30,25,118.0739,0
30,26,100.0000,1
30,27,100.0000,1
30,28,110.8394,0
30,29,108.5153,0
30,30,109.1902,0
30,31,108.3045,0
30,32,100.1265,0
30,33,103.5409,0
30,34,102.9240,0
30,35,121.5985,0
30,36,119.2723,0
30,37,100.0000,1
30,38,100.0000,1
30,39,119.2159,0
30,40,100.0451,0
30,41,115.8898,0
30,42,103.8963,0
30,43,111.1495,0
30,44,103.7526,0
30,45,100.0000,1
30,46,100.0000,1
30,47,114.1903,0
30,48,107.9215,0
30,49,100.0000,1
30,50,101.5744,0
30,51,100.0000,1
30,52,100.0000,1
30,53,127.7864,0
30,54,111.0477,0
30,55,104.1544,0
30,56,126.8774,0
30,57,100.0000,1
30,58,100.0000,1
30,59,122.0985,0
30,60,112.9056,0
30,61,117.9040,0
30,62,108.2413,0
30,63,100.0000,1
30,64,117.2578,0
30,65,123.1276,0
30,66,108.2918,0
30,67,100.0000,1
30,68,123.0014,0
30,69,105.9190,0
30,70,116.6427,0
30,71,100.0000,1
30,72,132.5202,0
30,73,100.0000,1
30,74,104.6317,0
30,75,124.5330,0
30,76,112.0521,0
30,77,100.0000,1
30,78,100.0000,1
30,79,116.4794,0
30,80,100.0000,1
30,81,107.2673,0
30,82,105.7486,0
30,83,101.9823,0
30,84,122.4733,0
30,85,111.4265,0
30,86,101.9147,0
30,87,100.0000,1
30,88,104.9295,0
30,89,107.5964,0
30,90,100.0000,1
30,91,100.0000,1
30,92,100.0000,1
30,93,100.0000,1
30,94,100.0000,1
30,95,100.0000,1
30,96,102.5605,0
30,97,100.0000,1
30,98,100.0000,1
30,99,100.0000,1
60,0,106.4911,0
60,1,100.5173,0
60,2,123.9286,0
60,3,106.2064,0
60,4,100.0000,1
60,5,100.0000,1
60,6,106.3550,0
60,7,101.8128,0
60,8,100.0000,1
60,9,100.0000,1
60,10,100.0000,1
60,11,100.1567,0
60,12,100.0000,1
60,13,120.5031,0
60,14,101.9553,0
60,15,114.9849,0
60,16,100.0000,1
60,17,100.0000,1
60,18,122.0611,0
60,19,118.3637,0
60,20,117.1452,0
60,21,111.3467,0
60,22,120.8041,0
60,23,101.8045,0
60,24,105.1509,0
60,25,119.7650,0
60,26,100.0000,1
60,27,100.0000,1
60,28,108.6743,0
60,29,105.1040,0
60,30,107.9329,0
60,31,107.8488,0
60,32,105.8840,0
60,33,100.0000,1
60,34,100.0000,1
60,35,126.4446,0
60,36,111.2106,0
60,37,100.0000,1
60,38,100.0000,1
60,39,120.0779,0
60,40,100.0232,0
60,41,118.3019,0
60,42,101.7386,0
60,43,110.6864,0
60,44,102.4697,0
60,45,100.0000,1
60,46,104.0718,0
60,47,110.9583,0
60,48,115.2804,0
60,49,100.0000,1
60,50,100.0000,1
60,51,100.1910,0
60,52,100.0000,1
60,53,136.7925,0
60,54,110.7951,0
60,55,114.3006,0
60,56,115.6880,0
60,57,100.0000,1
60,58,102.7402,0
60,59,132.0507,0
60,60,110.0982,0
60,61,128.1106,0
60,62,114.4894,0
60,63,100.0000,1
60,64,121.4964,0
60,65,120.7082,0
60,66,120.7568,0
60,67,100.0000,1
60,68,122.2346,0
60,69,109.9269,0
60,70,115.0559,0
60,71,100.0000,1
60,72,122.5716,0
60,73,100.0000,1
60,74,100.5524,0
60,75,118.3875,0
60,76,108.3699,0
60,77,100.0000,1
60,78,100.0000,1
60,79,109.1131,0
60,80,100.0000,1
60,81,103.2374,0
60,82,100.0000,1
60,83,100.0000,1
60,84,118.0499,0
60,85,102.0562,0
60,86,100.0000,1
60,87,100.0000,1
60,88,111.2032,0
60,89,101.5423,0
60,90,100.0000,1
60,91,100.0000,1
60,92,103.9921,0
60,93,100.0000,1
60,94,100.0000,1
60,95,100.0000,1
60,96,112.4248,0
60,97,100.0000,1
60,98,100.0000,1
60,99,100.0000,1
90,0,100.5700,0
90,1,100.0000,1
90,2,127.5900,0
90,3,110.3650,0
90,4,100.0000,1
90,5,100.0000,1
90,6,100.5600,0
90,7,100.0000,1
90,8,100.0000,1
90,9,100.0000,1
90,10,100.0000,1
90,11,100.1550,0
90,12,100.0000,1
90,13,124.7200,0
90,14,100.0000,1
90,15,122.7100,0
90,16,100.0000,1
90,17,100.0000,1
90,18,120.7050,0
90,19,108.5750,0
90,20,121.2900,0
90,21,112.4900,0
90,22,113.1250,0
90,23,100.0000,1
90,24,100.0000,1
90,25,116.1600,0
90,26,100.0000,1
90,27,100.0000,1
90,28,104.1850,0
90,29,100.3250,0
90,30,104.5500,0
90,31,105.2900,0
90,32,110.0650,0
90,33,100.0000,1
90,34,100.0000,1
90,35,124.2050,0
90,36,100.1450,0
90,37,100.0000,1
90,38,100.0000,1
90,39,115.5600,0
90,40,100.0000,1
90,41,115.8100,0
90,42,100.0000,1
90,43,107.3600,0
90,44,100.5250,0
90,45,100.0000,1
90,46,108.4400,0
90,47,104.7900,0
90,48,118.5450,0
90,49,100.0000,1
90,50,100.0000,1
90,51,102.1200,0
90,52,100.0000,1
90,53,135.9400,0
90,54,107.6500,0
90,55,120.6150,0
90,56,100.2950,0
90,57,100.0000,1
90,58,108.2650,0
90,59,133.4150,0
90,60,104.5850,0
90,61,130.7850,0
90,62,116.8550,0
90,63,100.0000,1
90,64,119.9750,0
90,65,112.7400,0
90,66,127.6600,0
90,67,100.0000,1
90,68,115.5100,0
90,69,111.2750,0
90,70,109.4350,0
90,71,100.0000,1
90,72,106.5750,0
90,73,100.0000,1
90,74,100.0000,1
90,75,107.3150,0
90,76,102.4450,0
90,77,100.0000,1
90,78,100.0000,1
90,79,100.0000,1
90,80,100.0000,1
90,81,100.0000,1
90,82,100.0000,1
90,83,100.0000,1
90,84,108.7900,0
90,85,100.0000,1
90,86,100.0000,1
90,87,100.0000,1
90,88,114.4750,0
90,89,100.0000,1
90,90,100.0000,1
90,91,100.0000,1
90,92,108.1200,0
90,93,100.0000,1
90,94,100.0000,1
90,95,100.0000,1
90,96,118.9600,0
90,97,100.0000,1
90,98,100.0000,1
90,99,100.0000,1
120,0,100.0000,1
120,1,100.0000,1
120,2,123.8586,0
120,3,111.7464,0
120,4,100.0000,1
120,5,100.0000,1
120,6,100.0000,1
120,7,100.0000,1
120,8,100.0000,1
120,9,100.0000,1
120,10,100.0000,1
120,11,100.1117,0
120,12,100.0000,1
120,13,122.3131,0
120,14,100.0000,1
120,15,124.3499,0
120,16,100.0000,1
120,17,100.0000,1
120,18,113.8011,0
120,19,100.0000,1
120,20,119.7302,0
120,21,110.2867,0
120,22,101.9291,0
120,23,100.0000,1
120,24,100.0000,1
120,25,108.2250,0
120,26,101.7983,0
120,27,100.0000,1
120,28,100.0000,1
120,29,100.0000,1
120,30,100.0000,1
120,31,101.3138,0
120,32,111.5490,0
120,33,100.0000,1
120,34,100.0000,1
120,35,115.4796,0
120,36,100.0000,1
120,37,100.0000,1
120,38,100.0000,1
120,39,106.8729,0
120,40,100.0000,1
120,41,109.0819,0
120,42,100.0000,1
120,43,102.0614,0
120,44,100.0000,1
120,45,100.0000,1
120,46,110.5468,0
120,47,100.0000,1
120,48,116.8404,0
120,49,100.0000,1
120,50,100.0000,1
120,51,103.4810,0
120,52,100.0000,1
120,53,125.4575,0
120,54,102.4551,0
120,55,121.4056,0
120,56,100.0000,1
120,57,100.0000,1
120,58,111.5752,0
120,59,125.8257,0
120,60,100.0000,1
120,61,125.2106,0
120,62,114.7044,0
120,63,100.0000,1
120,64,113.1014,0
120,65,101.3582,0
120,66,127.1518,0
120,67,100.0000,1
120,68,104.6296,0
120,69,109.6019,0
120,70,101.2859,0
120,71,100.0000,1
120,72,100.0000,1
120,73,100.0000,1
120,74,100.0000,1
120,75,100.0000,1
120,76,100.0000,1
120,77,100.0540,0
120,78,100.0000,1
120,79,100.0000,1
120,80,100.0000,1
120,81,100.0000,1
120,82,100.0000,1
120,83,100.0000,1
120,84,100.0000,1
120,85,100.0000,1
120,86,100.0000,1
120,87,100.0000,1
120,88,113.8682,0
120,89,100.0000,1
120,90,100.0000,1
120,91,100.0000,1
120,92,110.0721,0
120,93,100.0000,1
120,94,100.0000,1
120,95,100.0000,1
120,96,120.4148,0
120,97,100.0000,1
120,98,100.0000,1
120,99,100.0000,1
150,0,100.0000,1
150,1,100.0000,1
150,2,113.7344,0
150,3,109.9803,0
150,4,100.0000,1
150,5,100.0000,1
150,6,100.0000,1
150,7,100.0000,1
150,8,100.0000,1
150,9,100.4737,0
150,10,100.0000,1
150,11,100.0385,0
150,12,100.0000,1
150,13,113.9275,0
150,14,100.0000,1
150,15,119.4653,0
150,16,100.0000,1
150,17,100.0000,1
150,18,103.1991,0
150,19,100.0000,1
150,20,112.8837,0
150,21,105.3270,0
150,22,100.0000,1
150,23,100.0000,1
150,24,100.0000,1
150,25,100.0000,1
150,26,104.3147,0
150,27,101.0766,0
150,28,100.0000,1
150,29,100.0000,1
150,30,100.0000,1
150,31,100.0000,1
150,32,109.9385,0
150,33,100.0000,1
150,34,100.0000,1
150,35,102.6065,0
150,36,100.0000,1
150,37,100.0000,1
150,38,100.4145,0
150,39,100.0000,1
150,40,100.0000,1
150,41,100.0000,1
150,42,100.0000,1
150,43,100.0000,1
150,44,100.0000,1
150,45,100.0000,1
150,46,109.8275,0
150,47,100.0000,1
150,48,110.6235,0
150,49,100.0000,1
150,50,100.0000,1
150,51,103.9092,0
150,52,100.0000,1
150,53,108.1536,0
150,54,100.0000,1
150,55,116.4606,0
150,56,100.0000,1
150,57,100.0000,1
150,58,111.7838,0
150,59,111.3165,0
150,60,100.0000,1
150,61,112.8810,0
150,62,108.6137,0
150,63,100.0000,1
150,64,102.7172,0
150,65,100.0000,1
150,66,119.3682,0
150,67,104.9283,0
150,68,100.0000,1
150,69,105.3560,0
150,70,100.0000,1
150,71,100.0000,1
150,72,100.0000,1
150,73,100.6536,0
150,74,100.0000,1
150,75,100.0000,1
150,76,100.0000,1
150,77,102.4185,0
150,78,100.1890,0
150,79,100.0000,1
150,80,100.0000,1
150,81,100.0000,1
150,82,100.0000,1
150,83,100.0000,1
150,84,100.0000,1
150,85,100.0000,1
150,86,100.0000,1
150,87,100.0483,0
150,88,109.5455,0
150,89,100.0000,1
150,90,100.0000,1
150,91,100.0000,1
150,92,109.3254,0
150,93,100.0000,1
150,94,101.0494,0
150,95,100.0000,1
150,96,116.3995,0
150,97,100.0000,1
150,98,100.0000,1
150,99,100.0000,1
180,0,100.0000,1
180,1,100.0000,1
180,2,100.0000,1
180,3,105.5400,0
180,4,100.0000,1
180,5,101.7650,0
180,6,100.0000,1
180,7,100.0000,1
180,8,100.0000,1
180,9,103.2750,0
180,10,100.0000,1
180,11,100.0000,1
180,12,106.0600,0
180,13,101.8100,0
180,14,100.0000,1
180,15,109.3650,0
180,16,100.0000,1
180,17,100.0000,1
180,18,100.0000,1
180,19,100.0000,1
180,20,102.5850,0
180,21,100.0000,1
180,22,100.0000,1
180,23,100.0000,1
180,24,100.0000,1
180,25,100.0000,1
180,26,105.6750,0
180,27,105.8100,0
180,28,100.0000,1
180,29,100.0000,1
180,30,100.0000,1
180,31,100.0000,1
180,32,105.6650,0
180,33,100.0000,1
180,34,100.0000,1
180,35,100.0000,1
180,36,100.0000,1
180,37,102.5600,0
180,38,102.8400,0
180,39,100.0000,1
180,40,100.0000,1
180,41,100.0000,1
180,42,100.0000,1
180,43,100.0000,1
180,44,100.0000,1
180,45,102.1900,0
180,46,106.4750,0
180,47,100.0000,1
180,48,101.5600,0
180,49,100.0000,1
180,50,100.0000,1
180,51,103.2900,0
180,52,100.2300,0
180,53,100.0000,1
180,54,100.0000,1
180,55,107.1050,0
180,56,100.0000,1
180,57,100.0000,1
180,58,108.8350,0
180,59,100.0000,1
180,60,100.0000,1
180,61,100.0000,1
180,62,100.2150,0
180,63,100.0000,1
180,64,100.0000,1
180,65,100.0000,1
180,66,106.3950,0
180,67,109.8650,0
180,68,100.0000,1
180,69,100.0000,1
180,70,100.0000,1
180,71,107.9500,0
180,72,100.0000,1
180,73,104.0600,0
180,74,100.0000,1
180,75,100.0000,1
180,76,100.0000,1
180,77,104.1350,0
180,78,101.2950,0
180,79,100.0000,1
180,80,100.0000,1
180,81,100.0000,1
180,82,100.0000,1
180,83,100.0000,1
180,84,100.0000,1
180,85,100.0000,1
180,86,100.0000,1
180,87,101.3750,0
180,88,102.6650,0
180,89,100.0000,1
180,90,108.2650,0
180,91,105.3800,0
180,92,106.0800,0
180,93,100.0000,1
180,94,105.9200,0
180,95,102.5400,0
180,96,107.9900,0
180,97,103.4050,0
180,98,102.4850,0
180,99,100.0000,1
210,0,100.0000,1
210,1,100.0000,1
210,2,100.0000,1
210,3,100.0000,1
210,4,108.6150,0
210,5,110.8260,0
210,6,100.0000,1
210,7,100.0000,1
210,8,100.0000,1
210,9,105.1987,0
210,10,109.3842,0
210,11,100.0000,1
210,12,111.2106,0
210,13,100.0000,1
210,14,100.0000,1
210,15,100.0000,1
210,16,101.8887,0
210,17,100.0000,1
210,18,100.0000,1
210,19,100.0000,1
210,20,100.0000,1
210,21,100.0000,1
210,22,100.0000,1
210,23,100.0000,1
210,24,100.0000,1
210,25,100.0000,1
210,26,105.5147,0
210,27,108.9866,0
210,28,100.0000,1
210,29,100.0000,1
210,30,100.0000,1
210,31,100.0000,1
210,32,100.0000,1
210,33,100.0000,1
210,34,100.0000,1
210,35,100.0000,1
210,36,100.0000,1
210,37,108.2695,0
210,38,104.5045,0
210,39,100.0000,1
210,40,100.0000,1
210,41,100.0000,1
210,42,100.0000,1
210,43,100.0000,1
210,44,100.0000,1
210,45,108.3266,0
210,46,101.3875,0
210,47,100.0000,1
210,48,100.0000,1
210,49,109.8171,0
210,50,100.0000,1
210,51,101.7892,0
210,52,102.0717,0
210,53,100.0000,1
210,54,100.0000,1
210,55,100.0000,1
210,56,100.0000,1
210,57,107.2608,0
210,58,103.5188,0
210,59,100.0000,1
210,60,100.0000,1
210,61,100.0000,1
210,62,100.0000,1
210,63,100.3359,0
210,64,100.0000,1
210,65,100.0000,1
210,66,100.0000,1
210,67,112.1583,0
210,68,100.0000,1
210,69,100.0000,1
210,70,100.0000,1
210,71,119.7999,0
210,72,100.0000,1
210,73,106.3786,0
210,74,100.0000,1
210,75,100.0000,1
210,76,100.0000,1
210,77,104.7435,0
210,78,102.0540,0
210,79,100.0000,1
210,80,102.8437,0
210,81,100.0000,1
210,82,100.0000,1
210,83,100.0000,1
210,84,100.0000,1
210,85,100.0000,1
210,86,100.0000,1
210,87,102.3333,0
210,88,100.0000,1
210,89,100.0000,1
210,90,120.1302,0
210,91,109.4292,0
210,92,101.2054,0
210,93,101.9261,0
210,94,109.2044,0
210,95,106.2672,0
210,96,100.0000,1
210,97,108.1488,0
210,98,108.2821,0
210,99,113.5139,0
240,0,100.0000,1
240,1,100.0000,1
240,2,100.0000,1
240,3,100.0000,1
240,4,117.9816,0
240,5,116.9862,0
240,6,100.0000,1
240,7,100.0000,1
240,8,104.5982,0
240,9,105.7295,0
240,10,119.9990,0
240,11,100.0000,1
240,12,113.3574,0
240,13,100.0000,1
240,14,100.0000,1
240,15,100.0000,1
240,16,103.8213,0
240,17,102.8671,0
240,18,100.0000,1
240,19,100.0000,1
240,20,100.0000,1
240,21,100.0000,1
240,22,100.0000,1
240,23,100.0000,1
240,24,100.0000,1
240,25,100.0000,1
240,26,103.8767,0
240,27,109.7553,0
240,28,100.0000,1
240,29,100.0000,1
240,30,100.0000,1
240,31,100.0000,1
240,32,100.0000,1
240,33,101.2870,0
240,34,104.2354,0
240,35,100.0000,1
240,36,100.0000,1
240,37,111.7632,0
240,38,104.9620,0
240,39,100.0000,1
240,40,100.0000,1
240,41,100.0000,1
240,42,100.0000,1
240,43,100.0000,1
240,44,100.0000,1
240,45,112.2321,0
240,46,100.0000,1
240,47,100.0000,1
240,48,100.0000,1
240,49,119.7437,0
240,50,113.4930,0
240,51,100.0000,1
240,52,103.3583,0
240,53,100.0000,1
240,54,100.0000,1
240,55,100.0000,1
240,56,100.0000,1
240,57,113.5711,0
240,58,100.0000,1
240,59,100.0000,1
240,60,100.0000,1
240,61,100.0000,1
240,62,100.0000,1
240,63,100.9618,0
240,64,100.0000,1
240,65,100.0000,1
240,66,100.0000,1
240,67,111.1939,0
240,68,100.0000,1
240,69,100.0000,1
240,70,100.0000,1
240,71,126.3444,0
240,72,100.0000,1
240,73,106.9880,0
240,74,100.0000,1
240,75,100.0000,1
240,76,100.0000,1
240,77,104.0810,0
240,78,102.2626,0
240,79,100.0000,1
240,80,109.6554,0
240,81,100.0000,1
240,82,101.2681,0
240,83,112.2616,0
240,84,100.0000,1
240,85,100.0000,1
240,86,101.5186,0
240,87,102.6664,0
240,88,100.0000,1
240,89,100.0000,1
240,90,126.6015,0
240,91,110.9519,0
240,92,100.0000,1
240,93,103.8112,0
240,94,110.0224,0
240,95,108.3151,0
240,96,100.0000,1
240,97,110.7092,0
240,98,111.8600,0
240,99,126.0667,0
270,0,100.0000,1
270,1,100.9500,0
270,2,100.0000,1
270,3,100.0000,1
270,4,122.5300,0
270,5,118.5950,0
270,6,100.0000,1
270,7,104.9100,0
270,8,112.9450,0
270,9,104.7250,0
270,10,125.2550,0
270,11,100.0000,1
270,12,111.9250,0
270,13,100.0000,1
270,14,104.8350,0
270,15,100.0000,1
270,16,104.7300,0
270,17,112.5800,0
270,18,100.0000,1
270,19,100.0000,1
270,20,100.0000,1
270,21,100.0000,1
270,22,100.0000,1
270,23,105.6500,0
270,24,103.4400,0
270,25,100.0000,1
270,26,101.2000,0
270,27,107.9100,0
270,28,100.0000,1
270,29,100.0000,1
270,30,100.0000,1
270,31,100.0000,1
270,32,100.0000,1
270,33,105.7700,0
270,34,110.2600,0
270,35,100.0000,1
270,36,100.0000,1
270,37,112.1050,0
270,38,104.0900,0
270,39,100.0000,1
270,40,100.0050,0
270,41,100.0000,1
270,42,100.8850,0
270,43,100.0000,1
270,44,100.0000,1
270,45,112.8600,0
270,46,100.0000,1
270,47,100.0000,1
270,48,100.0000,1
270,49,124.3800,0
270,50,124.9450,0
270,51,100.0000,1
270,52,103.7450,0
270,53,100.0000,1
270,54,100.0000,1
270,55,100.0000,1
270,56,100.0000,1
270,57,116.2450,0
270,58,100.0000,1
270,59,100.0000,1
270,60,100.0000,1
270,61,100.0000,1
270,62,100.0000,1
270,63,101.3300,0
270,64,100.0000,1
270,65,100.0000,1
270,66,100.0000,1
270,67,107.2300,0
270,68,100.0000,1
270,69,100.0000,1
270,70,100.0000,1
270,71,125.8300,0
270,72,100.0000,1
270,73,105.7250,0
270,74,103.6750,0
270,75,100.0000,1
270,76,100.0000,1
270,77,102.3250,0
270,78,101.8650,0
270,79,100.6950,0
270,80,113.8800,0
270,81,101.6600,0
270,82,107.9450,0
270,83,123.2200,0
270,84,100.0000,1
270,85,107.8650,0
270,86,104.5450,0
270,87,102.2850,0
270,88,100.0000,1
270,89,104.9250,0
270,90,125.9450,0
270,91,109.5400,0
270,92,100.0000,1
270,93,104.6750,0
270,94,108.1550,0
270,95,108.1350,0
270,96,100.0000,1
270,97,110.4000,0
270,98,112.2600,0
270,99,131.6350,0
300,0,105.5039,0
300,1,102.1627,0
300,2,100.0000,1
300,3,100.0000,1
300,4,121.0416,0
300,5,115.2212,0
300,6,105.3850,0
300,7,110.3172,0
300,8,117.8232,0
300,9,102.4545,0
300,10,123.7440,0
300,11,100.0000,1
300,12,107.2974,0
300,13,100.0000,1
300,14,110.3297,0
300,15,100.0000,1
300,16,104.3713,0
300,17,118.9221,0
300,18,100.0000,1
300,19,103.5113,0
300,20,100.0000,1
300,21,100.0000,1
300,22,100.0000,1
300,23,111.5905,0
300,24,111.1091,0
300,25,100.0000,1
300,26,100.0000,1
300,27,103.9453,0
300,28,101.4257,0
300,29,104.5410,0
300,30,100.0521,0
300,31,100.0000,1
300,32,100.0000,1
300,33,108.7070,0
300,34,113.5354,0
300,35,100.0000,1
300,36,110.9594,0
300,37,109.2032,0
300,38,102.1220,0
300,39,100.0000,1
300,40,100.0318,0
300,41,100.0000,1
300,42,103.2714,0
300,43,100.0000,1
300,44,101.5603,0
300,45,110.0421,0
300,46,100.0000,1
300,47,102.6617,0
300,48,100.0000,1
300,49,122.4837,0
300,50,129.7130,0
300,51,100.0000,1
300,52,103.1283,0
300,53,100.0000,1
300,54,100.0000,1
300,55,100.0000,1
300,56,115.1770,0
300,57,114.5661,0
300,58,100.0000,1
300,59,100.0000,1
300,60,102.1568,0
300,61,100.0000,1
300,62,100.0000,1
300,63,101.3418,0
300,64,100.0000,1
300,65,100.0000,1
300,66,100.0000,1
300,67,101.3289,0
300,68,100.0000,1
300,69,100.0000,1
300,70,100.0000,1
300,71,118.3944,0
300,72,111.1834,0
300,73,102.9280,0
300,74,106.9176,0
300,75,105.7175,0
300,76,104.1351,0
300,77,100.0000,1
300,78,100.9676,0
300,79,110.3169,0
300,80,114.3854,0
300,81,106.1126,0
300,82,112.4931,0
300,83,127.9566,0
300,84,102.8251,0
300,85,115.6788,0
300,86,106.3536,0
300,87,101.2914,0
300,88,100.0000,1
300,89,110.0727,0
300,90,118.3365,0
300,91,105.5719,0
300,92,100.0000,1
300,93,104.2862,0
300,94,104.1024,0
300,95,105.7751,0
300,96,100.0000,1
300,97,107.3042,0
300,98,109.3750,0
300,99,128.7267,0
330,0,110.1030,0
330,1,102.7959,0
330,2,100.0000,1
330,3,100.0000,1
330,4,113.9150,0
330,5,107.7690,0
330,6,109.8871,0
330,7,112.9599,0
330,8,117.9257,0
330,9,100.0000,1
330,10,115.8708,0
330,11,100.0000,1
330,12,100.7144,0
330,13,100.0000,1
330,14,113.0566,0
330,15,100.0000,1
330,16,102.8413,0
330,17,120.1940,0
330,18,100.0000,1
330,19,114.6568,0
330,20,100.0000,1
330,21,100.0000,1
330,22,109.7837,0
330,23,114.4254,0
330,24,115.8016,0
330,25,101.9139,0
330,26,100.0000,1
330,27,100.0000,1
330,28,106.6544,0
330,29,108.1903,0
330,30,104.6402,0
330,31,103.0145,0
330,32,100.0000,1
330,33,109.3109,0
330,34,113.1840,0
330,35,100.0000,1
330,36,119.1273,0
330,37,103.8355,0
330,38,100.0000,1
330,39,103.6559,0
330,40,100.0501,0
330,41,100.0798,0
330,42,104.7813,0
330,43,103.7895,0
330,44,103.2276,0
330,45,104.5334,0
330,46,100.0000,1
330,47,109.4003,0
330,48,100.0000,1
330,49,114.5629,0
330,50,126.5194,0
330,51,100.0000,1
330,52,101.6733,0
330,53,100.0000,1
330,54,103.3977,0
330,55,100.0000,1
330,56,126.5824,0
330,57,108.9842,0
330,58,100.0000,1
330,59,100.0000,1
330,60,108.3206,0
330,61,100.0000,1
330,62,100.0000,1
330,63,100.9941,0
330,64,100.0000,1
330,65,110.3876,0
330,66,100.0000,1
330,67,100.0000,1
330,68,107.4914,0
330,69,100.0000,1
330,70,107.2077,0
330,71,106.0301,0
330,72,125.9452,0
330,73,100.0000,1
330,74,108.3067,0
330,75,117.2180,0
330,76,109.6071,0
330,77,100.0000,1
330,78,100.0000,1
330,79,117.1744,0
330,80,111.0363,0
330,81,108.9273,0
330,82,113.6936,0
330,83,125.2023,0
330,84,113.6833,0
330,85,119.2915,0
330,86,106.4597,0
330,87,100.0000,1
330,88,100.0000,1
330,89,112.5214,0
330,90,105.8148,0
330,91,100.1108,0
330,92,100.0000,1
330,93,102.7489,0
330,94,100.0000,1
330,95,101.8678,0
330,96,100.0000,1
330,97,102.2512,0
330,98,103.9779,0
330,99,118.1211,0
