cluster_id,source_task,seed,generation,individual_idx,direction_deg,peak_g_e_us,peak_g_e_time_ms,peak_g_i_us,peak_g_i_time_ms,gi_ge_ratio_at_peak_ge,g_i_onset_latency_ms,n_spikes,mean_v_m_mv,max_v_m_mv
0,t0106_long_pdnd_nsga2_300gen,44,1,71,0,0.06464592326170487,140.0,0.02935831077720401,277.0,0.2634707239061336,101.0,0,-79.49987595813943,-20.4803044567819
0,t0106_long_pdnd_nsga2_300gen,44,1,71,180,0.05704040364209971,15.0,0.07251863073246569,23.0,1.115690423836348,9.0,0,-79.49741877258336,-20.588537228501277
0,t0115_seed9354_no_autostop,9354,2,129,0,0.0017099112612709814,122.0,0.10313987075136918,107.0,44.854606638823384,56.0,0,-69.09489896516733,-11.311944960674767
0,t0115_seed9354_no_autostop,9354,2,129,180,0.0012498071418728298,24.0,0.5806138938188611,32.0,440.7811904329238,9.0,0,-69.02609145655323,-12.565983602927052
0,t0112_t0106_seed77_replicate,77,2,105,0,0.2707979269349979,71.0,0.08534624424309686,55.0,0.2209044227483015,27.0,9,-76.84032255485444,7.550152404473149
0,t0112_t0106_seed77_replicate,77,2,105,180,0.1953575443215324,26.0,0.7108280314248683,22.0,3.48508917473481,10.0,6,-76.89780056535801,6.874412193420554
0,t0106_long_pdnd_nsga2_300gen,44,5,422,0,0.26238777647630873,73.0,0.06324212340171262,64.0,0.20098512547613406,33.0,15,-72.82242897233333,3.3092812224412054
0,t0106_long_pdnd_nsga2_300gen,44,5,422,180,0.31425297375807226,29.0,0.43193941180240963,50.0,1.1322965119606654,13.0,16,-72.81139650763816,3.083713156507585
0,t0106_long_pdnd_nsga2_300gen,44,7,666,0,0.11967378058890589,74.0,0.11443847221455812,56.0,0.8268809071027153,40.0,11,-70.41874436559864,-1.4814102378396985
0,t0106_long_pdnd_nsga2_300gen,44,7,666,180,0.13220521874329855,17.0,0.9521923987991842,23.0,5.725856758310752,9.0,12,-70.41330512741702,-1.5183333509337462
0,t0112_t0106_seed77_replicate,77,5,431,0,0.13343862692317585,54.0,0.07853269491231829,66.0,0.48289474170056956,33.0,2,-75.36501500535896,5.568477169234109
0,t0112_t0106_seed77_replicate,77,5,431,180,0.12123078151855761,34.0,0.52079843457302,56.0,3.8717580588650455,17.0,6,-75.01183611051992,5.617933771283914
0,t0114_seed7755_no_autostop,7755,5,440,0,0.18649073987661155,64.0,0.057389093333405826,75.0,0.18186199089441146,59.0,0,-73.9961803173127,-11.8235831810075
0,t0114_seed7755_no_autostop,7755,5,440,180,0.17044813192424632,23.0,0.24113466401217917,24.0,1.3496745396555998,4.0,1,-74.08930491046739,-9.568199834549496
0,t0106_long_pdnd_nsga2_300gen,44,10,936,0,0.2873413777925485,67.0,0.016467136380531343,90.0,0.0277963272842506,31.0,6,-74.19683305120203,-3.2465495911524336
0,t0106_long_pdnd_nsga2_300gen,44,10,936,180,0.27345947326245895,13.0,0.1653699553658936,42.0,0.28031868182560277,15.0,5,-74.22084766917301,-3.2194739210315255
0,t0112_t0106_seed77_replicate,77,16,1483,0,0.039880020148759174,502.0,0.06152832172934069,480.0,0.4446509215145735,303.0,24,-74.680616187771,20.331757150331356
0,t0112_t0106_seed77_replicate,77,16,1483,180,0.0180932602438019,5.0,0.04774198135642442,30.0,1.2049034658419873,9.0,26,-74.61845029428464,18.660025690055832
0,t0112_t0106_seed77_replicate,77,15,1356,0,0.0312594050534675,91.0,0.1989765540424271,69.0,3.870738373621145,57.0,0,-54.51254501182505,-50.971051448042985
0,t0112_t0106_seed77_replicate,77,15,1356,180,0.024775154324384548,8.0,1.317318653560655,28.0,26.424349202657083,9.0,1,-54.80163427266982,6.455534959341392
1,t0106_long_pdnd_nsga2_300gen,44,2,103,0,0.18882585547940284,75.0,0.018103328967048977,33.0,0.06222062252344921,8.0,6,-73.43961750759048,-4.951459636774416
1,t0106_long_pdnd_nsga2_300gen,44,2,103,180,0.20794670070525528,37.0,0.1879782548797805,34.0,0.8588242236310389,11.0,6,-73.47602571060416,-5.192036382908132
1,t0106_long_pdnd_nsga2_300gen,44,11,1037,0,0.16692304185943413,67.0,0.1174553220985329,66.0,0.6773518588250663,57.0,4,-64.99492633435285,-8.788145645063771
1,t0106_long_pdnd_nsga2_300gen,44,11,1037,180,0.15137976551368476,17.0,0.5269866161558145,28.0,2.946016636661434,9.0,8,-64.73062729350097,-8.731142305544157
1,t0106_long_pdnd_nsga2_300gen,44,24,2268,0,0.05731415997896901,95.0,0.07687388025901375,80.0,0.9306907331653664,46.0,0,-50.62911204658882,-20.333504248648968
1,t0106_long_pdnd_nsga2_300gen,44,24,2268,180,0.049126935813504836,14.0,0.4600271853696589,33.0,6.341665957607262,9.0,0,-50.5146433407589,-16.79360407532967
1,t0106_long_pdnd_nsga2_300gen,44,27,2577,0,0.08519331391454948,181.0,0.05128807498115583,244.0,0.29351412044156966,68.0,0,-51.294754298085586,-12.919621706231734
1,t0106_long_pdnd_nsga2_300gen,44,27,2577,180,0.041863978429845634,29.0,0.1834003789001466,34.0,3.8986823259724175,7.0,0,-51.31420622407573,-12.169877165610721
1,t0106_long_pdnd_nsga2_300gen,44,31,2902,0,0.03606816286489567,240.0,0.02482308157738912,282.0,0.031073700254648926,268.0,0,-49.94914202176016,-25.448971381136502
1,t0106_long_pdnd_nsga2_300gen,44,31,2902,180,0.03356215472462032,229.0,0.10367477211430466,107.0,1.718042735794285,71.0,0,-49.950768105109944,-26.598748674445073
1,t0106_long_pdnd_nsga2_300gen,44,8,691,0,0.18195443754414292,53.0,0.029398413264439066,62.0,0.13077867696024956,38.0,0,-68.5883393358325,-12.152142626710907
1,t0106_long_pdnd_nsga2_300gen,44,8,691,180,0.1933929666878436,17.0,0.22105099376787682,44.0,0.8760012839454236,11.0,0,-68.55124890343345,-12.080140170173003
1,t0106_long_pdnd_nsga2_300gen,44,15,1416,0,0.08101420751480368,194.0,0.059685406194235326,136.0,0.31258624886149416,53.0,1,-70.92765219347167,-9.999356764770901
1,t0106_long_pdnd_nsga2_300gen,44,15,1416,180,0.05752963580747675,24.0,0.27604551862890075,50.0,4.221357214576316,7.0,1,-70.87342081974714,-9.411146908043019
1,t0106_long_pdnd_nsga2_300gen,44,18,1673,0,0.10029723682434534,35.0,0.05217329741166789,32.0,0.498161808597495,13.0,1,-42.90268933346685,-6.182090278720155
1,t0106_long_pdnd_nsga2_300gen,44,18,1673,180,0.10536506046264642,60.0,0.4846287886730924,82.0,3.9346116825609716,39.0,0,-43.21854853090024,-10.258270570616997
1,t0106_long_pdnd_nsga2_300gen,44,25,2337,0,0.08187700882009273,146.0,0.04984597724235311,124.0,0.33859613835502034,90.0,0,-53.54765346220279,-28.249322900687353
1,t0106_long_pdnd_nsga2_300gen,44,25,2337,180,0.03149244510358266,31.0,0.18952959368822292,21.0,4.5374033760822385,10.0,0,-53.54442431587431,-50.21812861435561
1,t0106_long_pdnd_nsga2_300gen,44,34,3209,0,0.07868667266273399,91.0,0.08201176358235988,47.0,0.45167357305336353,17.0,0,-47.75947503781026,-39.182597466170485
1,t0106_long_pdnd_nsga2_300gen,44,34,3209,180,0.0889108723849543,51.0,0.5367536151003404,37.0,5.279184406160956,9.0,0,-47.78063720558479,-45.94192382336851
2,t0114_seed7755_no_autostop,7755,4,325,0,0.11266794928726925,60.0,0.1247357154466029,53.0,0.9533661843714881,25.0,11,-67.62986497242079,-3.544293067403485
2,t0114_seed7755_no_autostop,7755,4,325,180,0.14695860049059828,40.0,1.119670389306144,46.0,6.923220827704633,16.0,10,-67.60918429927173,-3.5830767898530365
2,t0114_seed7755_no_autostop,7755,14,1323,0,0.09178211307727922,95.0,0.13554218551223104,98.0,1.1288691600417735,47.0,11,-66.80338475240589,-3.2896894751218007
2,t0114_seed7755_no_autostop,7755,14,1323,180,0.08523681294547883,14.0,0.8430685069368892,28.0,6.967199592131589,9.0,9,-66.8742721993921,-3.5169419701268723
2,t0114_seed7755_no_autostop,7755,25,2339,0,0.02821633973700058,259.0,0.050951176375518166,260.0,1.4787083001385757,87.0,0,-43.61269586412426,-17.494228951990408
2,t0114_seed7755_no_autostop,7755,25,2339,180,0.0038714060019266164,40.0,0.08322871765714139,27.0,15.44062424287617,7.0,0,-43.61335878582384,-15.62965724209867
2,t0114_seed7755_no_autostop,7755,30,2823,0,0.018910296066967345,297.0,0.08101317979455183,129.0,1.7545870434640132,84.0,0,-43.33567772504857,-17.8453310276804
2,t0114_seed7755_no_autostop,7755,30,2823,180,0.015551515269514433,8.0,0.23369020088219994,26.0,7.645241868724671,8.0,0,-43.34507101716121,-17.213557436939883
2,t0114_seed7755_no_autostop,7755,54,5140,0,0.02009824469854337,172.0,0.07867959415212365,174.0,3.3830962036833796,69.0,0,-43.39264101052039,-35.0951159663907
2,t0114_seed7755_no_autostop,7755,54,5140,180,0.011082314208962269,18.0,0.37410065759010375,26.0,30.215838720364577,8.0,0,-43.39458467563584,-37.84346964386762
2,t0114_seed7755_no_autostop,7755,13,1227,0,0.059035447888942424,47.0,0.17577309685492482,42.0,2.5896129040638667,19.0,2,-68.19236319317439,-9.454402159656583
2,t0114_seed7755_no_autostop,7755,13,1227,180,0.04590859426769943,34.0,1.5249792621678402,42.0,27.42605560750019,15.0,0,-67.5550477875258,-10.958953644188604
2,t0114_seed7755_no_autostop,7755,8,683,0,0.03789201077988527,138.0,0.10406834261031185,98.0,1.7147635254109748,40.0,0,-46.31969191316432,-18.590752735887936
2,t0114_seed7755_no_autostop,7755,8,683,180,0.026923334073233184,33.0,0.7014460951145058,37.0,25.2651347281179,11.0,0,-46.083408532216005,-20.59624948671318
2,t0114_seed7755_no_autostop,7755,21,1983,0,0.14977072015007684,67.0,0.08678948028547347,48.0,0.5300183600541005,34.0,0,-44.22422314839631,-22.91455705641833
2,t0114_seed7755_no_autostop,7755,21,1983,180,0.1465990114048157,24.0,0.8447103910831667,46.0,4.605325739165129,11.0,0,-44.13756077441268,-14.816834989923414
2,t0114_seed7755_no_autostop,7755,47,4448,0,0.024743281437774413,55.0,0.049393729978566364,272.0,0.9889852104386427,54.0,0,-43.67673452710585,-17.961944308045123
2,t0114_seed7755_no_autostop,7755,47,4448,180,0.020272221213761554,52.0,0.4874721742316691,31.0,12.187741535770229,9.0,0,-43.674232427807056,-22.619094776418244
2,t0114_seed7755_no_autostop,7755,49,4612,0,0.01765691510509514,57.0,0.07371445540770287,201.0,2.0088293950080143,38.0,0,-43.67765575822821,-22.466995383281244
2,t0114_seed7755_no_autostop,7755,49,4612,180,0.01682668897677721,9.0,0.33828640936727733,31.0,10.728834987336448,6.0,0,-43.678519938446804,-24.45103827507803
3,t0115_seed9354_no_autostop,9354,3,244,0,0.039079679048595946,86.0,0.004948994431928075,297.0,0.056153204858680944,97.0,0,-75.06697982809283,-12.00090317585628
3,t0115_seed9354_no_autostop,9354,3,244,180,0.029274605474591906,28.0,0.005035647358926597,40.0,0.1430894195085976,9.0,0,-75.07842003392348,-12.110973224941763
3,t0115_seed9354_no_autostop,9354,2,98,0,0.04125342876959578,63.0,0.03927141605208911,238.0,0.018768253117347165,191.0,11,-73.26978745026186,2.653964943201565
3,t0115_seed9354_no_autostop,9354,2,98,180,0.035992109217307,39.0,0.06617955884316416,31.0,1.5385971869927644,11.0,5,-73.35817438826992,2.123031568766372
3,t0115_seed9354_no_autostop,9354,7,663,0,0.04120930289260367,88.0,0.041167672066674627,92.0,0.9254020660016774,74.0,13,-75.6635537868706,2.524237357893334
3,t0115_seed9354_no_autostop,9354,7,663,180,0.049137783448474075,18.0,0.2260300186704923,33.0,4.004269802156964,8.0,11,-75.71768431302287,2.0146736078762544
3,t0115_seed9354_no_autostop,9354,7,653,0,0.15811142073155093,89.0,0.0018993125772499054,117.0,0.006578852788262531,67.0,5,-68.11278918982558,-4.756023572785555
3,t0115_seed9354_no_autostop,9354,7,653,180,0.17651501404545422,13.0,0.009475914982626558,22.0,0.04500173948757023,6.0,14,-68.03542552502162,-4.608193018226483
3,t0115_seed9354_no_autostop,9354,30,2866,0,0.14132885485225583,88.0,0.029601229617502764,149.0,0.14722384068632283,81.0,3,-63.610533024613375,-9.41558980888514
3,t0115_seed9354_no_autostop,9354,30,2866,180,0.14796071812705086,19.0,0.1242372955644692,30.0,0.7311134008032586,8.0,2,-63.55207821091631,-9.514768875141932
3,t0112_t0106_seed77_replicate,77,7,651,0,0.18671193570728284,72.0,0.03238915563050377,58.0,0.08780816104966324,27.0,9,-81.48624301829184,18.32932656163622
3,t0112_t0106_seed77_replicate,77,7,651,180,0.22173000992947345,34.0,0.2270240794299814,48.0,0.9217262298126305,14.0,9,-81.47725847627629,9.645326162363004
3,t0115_seed9354_no_autostop,9354,6,500,0,0.09937958837387102,117.0,0.016284104226287052,221.0,0.061365562419289456,44.0,3,-72.67050913718006,-3.7094624179006512
3,t0115_seed9354_no_autostop,9354,6,500,180,0.05535150988324989,10.0,0.07365868737509003,19.0,1.070347658541818,8.0,4,-72.90466830582498,-9.512453865586107
3,t0115_seed9354_no_autostop,9354,5,395,0,0.025241871111209388,62.0,0.011275374520017797,72.0,0.4417059406548161,56.0,7,-70.05019357996876,-4.993092718108731
3,t0115_seed9354_no_autostop,9354,5,395,180,0.027829808200028453,27.0,0.06715262531378909,31.0,1.969263941358127,18.0,7,-70.14106031963317,-4.202822019112055
3,t0115_seed9354_no_autostop,9354,17,1570,0,0.23221125709019813,66.0,0.02206144023251096,119.0,0.039119079680341416,63.0,14,-72.54455278913376,5.349898957783239
3,t0115_seed9354_no_autostop,9354,17,1570,180,0.20698504068372067,21.0,0.12203387094360993,26.0,0.5570830444794349,7.0,18,-72.53225497349766,5.023821669897039
3,t0115_seed9354_no_autostop,9354,16,1454,0,0.06527106825255691,117.0,0.022745244822882957,141.0,0.04845305799397158,73.0,0,-65.12787078926635,-11.003152908050584
3,t0115_seed9354_no_autostop,9354,16,1454,180,0.062090678738985244,20.0,0.0952324110070636,31.0,1.2331644490032279,11.0,0,-65.11007809554758,-10.990902054361849
